2026-05-26 00:21:32 [http-nio-8080-exec-2] DEBUG o.s.web.servlet.DispatcherServlet - GET "/api/v1/users/profile/13", parameters={}
2026-05-26 00:21:32 [http-nio-8080-exec-2] DEBUG o.s.w.s.m.m.a.RequestMappingHandlerMapping - Mapped to com.takecare.backend.user.controller.UserProfileController#getProfile(Integer)
2026-05-26 00:21:32 [http-nio-8080-exec-2] INFO  c.t.b.u.c.UserProfileController - GET /api/v1/users/profile/13 - Fetching patient profile
2026-05-26 00:21:32 [http-nio-8080-exec-2] INFO  c.t.b.u.s.PatientProfileService - Fetching profile for patient id: 13
2026-05-26 00:21:32 [http-nio-8080-exec-2] WARN  com.zaxxer.hikari.pool.PoolBase - HikariPool-1 - Failed to validate connection com.mysql.cj.jdbc.ConnectionImpl@62850626 (No operations allowed after connection closed.). Possibly consider using a shorter maxLifetime value.
2026-05-26 00:21:32 [http-nio-8080-exec-2] WARN  com.zaxxer.hikari.pool.PoolBase - HikariPool-1 - Failed to validate connection com.mysql.cj.jdbc.ConnectionImpl@5f66f181 (No operations allowed after connection closed.). Possibly consider using a shorter maxLifetime value.
2026-05-26 00:21:32 [http-nio-8080-exec-2] WARN  com.zaxxer.hikari.pool.PoolBase - HikariPool-1 - Failed to validate connection com.mysql.cj.jdbc.ConnectionImpl@6f7196e3 (No operations allowed after connection closed.). Possibly consider using a shorter maxLifetime value.
2026-05-26 00:21:32 [http-nio-8080-exec-2] WARN  com.zaxxer.hikari.pool.PoolBase - HikariPool-1 - Failed to validate connection com.mysql.cj.jdbc.ConnectionImpl@bbe7a83 (No operations allowed after connection closed.). Possibly consider using a shorter maxLifetime value.
2026-05-26 00:21:32 [http-nio-8080-exec-2] WARN  com.zaxxer.hikari.pool.PoolBase - HikariPool-1 - Failed to validate connection com.mysql.cj.jdbc.ConnectionImpl@41c0e9e4 (No operations allowed after connection closed.). Possibly consider using a shorter maxLifetime value.
2026-05-26 00:21:32 [http-nio-8080-exec-2] WARN  com.zaxxer.hikari.pool.PoolBase - HikariPool-1 - Failed to validate connection com.mysql.cj.jdbc.ConnectionImpl@2942f2a4 (No operations allowed after connection closed.). Possibly consider using a shorter maxLifetime value.
2026-05-26 00:21:32 [http-nio-8080-exec-2] WARN  com.zaxxer.hikari.pool.PoolBase - HikariPool-1 - Failed to validate connection com.mysql.cj.jdbc.ConnectionImpl@74bcfe2f (No operations allowed after connection closed.). Possibly consider using a shorter maxLifetime value.
2026-05-26 00:21:32 [http-nio-8080-exec-2] WARN  com.zaxxer.hikari.pool.PoolBase - HikariPool-1 - Failed to validate connection com.mysql.cj.jdbc.ConnectionImpl@4a55e5ce (No operations allowed after connection closed.). Possibly consider using a shorter maxLifetime value.
2026-05-26 00:21:32 [http-nio-8080-exec-2] WARN  com.zaxxer.hikari.pool.PoolBase - HikariPool-1 - Failed to validate connection com.mysql.cj.jdbc.ConnectionImpl@3d3ad3d2 (No operations allowed after connection closed.). Possibly consider using a shorter maxLifetime value.
2026-05-26 00:42:15 [HikariPool-1:connection-adder] WARN  com.zaxxer.hikari.pool.PoolBase - HikariPool-1 - Pool is empty, failed to create/setup connection (c59a64eb-e1b8-46bb-ad7c-50d5b249879e)
com.mysql.cj.jdbc.exceptions.CommunicationsException: Communications link failure

The last packet sent successfully to the server was 0 milliseconds ago. The driver has not received any packets from the server.
	at com.mysql.cj.jdbc.exceptions.SQLError.createCommunicationsException(SQLError.java:165)
	at com.mysql.cj.jdbc.exceptions.SQLExceptionsMapping.translateException(SQLExceptionsMapping.java:55)
	at com.mysql.cj.jdbc.ConnectionImpl.createNewIO(ConnectionImpl.java:840)
	at com.mysql.cj.jdbc.ConnectionImpl.<init>(ConnectionImpl.java:416)
	at com.mysql.cj.jdbc.ConnectionImpl.getInstance(ConnectionImpl.java:237)
	at com.mysql.cj.jdbc.NonRegisteringDriver.connect(NonRegisteringDriver.java:180)
	at com.zaxxer.hikari.util.DriverDataSource.getConnection(DriverDataSource.java:144)
	at com.zaxxer.hikari.pool.PoolBase.newConnection(PoolBase.java:370)
	at com.zaxxer.hikari.pool.PoolBase.newPoolEntry(PoolBase.java:207)
	at com.zaxxer.hikari.pool.HikariPool.createPoolEntry(HikariPool.java:488)
	at com.zaxxer.hikari.pool.HikariPool$PoolEntryCreator.call(HikariPool.java:752)
	at com.zaxxer.hikari.pool.HikariPool$PoolEntryCreator.call(HikariPool.java:731)
	at java.base/java.util.concurrent.FutureTask.run(FutureTask.java:264)
	at java.base/java.util.concurrent.ThreadPoolExecutor.runWorker(ThreadPoolExecutor.java:1136)
	at java.base/java.util.concurrent.ThreadPoolExecutor$Worker.run(ThreadPoolExecutor.java:635)
	at java.base/java.lang.Thread.run(Thread.java:840)
Caused by: com.mysql.cj.exceptions.CJCommunicationsException: Communications link failure

The last packet sent successfully to the server was 0 milliseconds ago. The driver has not received any packets from the server.
	at jdk.internal.reflect.GeneratedConstructorAccessor63.newInstance(Unknown Source)
	at java.base/jdk.internal.reflect.DelegatingConstructorAccessorImpl.newInstance(DelegatingConstructorAccessorImpl.java:45)
	at java.base/java.lang.reflect.Constructor.newInstanceWithCaller(Constructor.java:500)
	at java.base/java.lang.reflect.Constructor.newInstance(Constructor.java:481)
	at com.mysql.cj.exceptions.ExceptionFactory.createException(ExceptionFactory.java:52)
	at com.mysql.cj.exceptions.ExceptionFactory.createException(ExceptionFactory.java:95)
	at com.mysql.cj.exceptions.ExceptionFactory.createException(ExceptionFactory.java:140)
	at com.mysql.cj.exceptions.ExceptionFactory.createCommunicationsException(ExceptionFactory.java:156)
	at com.mysql.cj.protocol.a.NativeSocketConnection.connect(NativeSocketConnection.java:79)
	at com.mysql.cj.NativeSession.connect(NativeSession.java:142)
	at com.mysql.cj.jdbc.ConnectionImpl.connectOneTryOnly(ConnectionImpl.java:964)
	at com.mysql.cj.jdbc.ConnectionImpl.createNewIO(ConnectionImpl.java:828)
	... 13 common frames omitted
Caused by: java.net.UnknownHostException: No such host is known (takecarebd-takecarebd.g.aivencloud.com)
	at java.base/java.net.Inet6AddressImpl.lookupAllHostAddr(Native Method)
	at java.base/java.net.InetAddress$PlatformNameService.lookupAllHostAddr(InetAddress.java:934)
	at java.base/java.net.InetAddress.getAddressesFromNameService(InetAddress.java:1543)
	at java.base/java.net.InetAddress$NameServiceAddresses.get(InetAddress.java:852)
	at java.base/java.net.InetAddress.getAllByName0(InetAddress.java:1533)
	at java.base/java.net.InetAddress.getAllByName(InetAddress.java:1385)
	at java.base/java.net.InetAddress.getAllByName(InetAddress.java:1306)
	at com.mysql.cj.protocol.StandardSocketFactory.connect(StandardSocketFactory.java:121)
	at com.mysql.cj.protocol.a.NativeSocketConnection.connect(NativeSocketConnection.java:53)
	... 16 common frames omitted
2026-05-26 00:42:15 [HikariPool-1:housekeeper] WARN  com.zaxxer.hikari.pool.HikariPool - HikariPool-1 - Thread starvation or clock leap detected (housekeeper delta=47m22s395ms992µs500ns).
2026-05-26 00:42:17 [http-nio-8080-exec-4] DEBUG o.s.web.servlet.DispatcherServlet - GET "/api/v1/users/profile/13", parameters={}
2026-05-26 00:42:17 [http-nio-8080-exec-4] DEBUG o.s.w.s.m.m.a.RequestMappingHandlerMapping - Mapped to com.takecare.backend.user.controller.UserProfileController#getProfile(Integer)
2026-05-26 00:42:17 [http-nio-8080-exec-4] INFO  c.t.b.u.c.UserProfileController - GET /api/v1/users/profile/13 - Fetching patient profile
2026-05-26 00:42:17 [http-nio-8080-exec-4] INFO  c.t.b.u.s.PatientProfileService - Fetching profile for patient id: 13
2026-05-26 00:42:30 [http-nio-8080-exec-2] INFO  c.t.b.u.c.UserProfileController - GET /api/v1/users/profile/13 - Profile found
2026-05-26 00:42:30 [http-nio-8080-exec-2] DEBUG o.s.w.s.m.m.a.HttpEntityMethodProcessor - Using 'application/json', given [application/json, text/plain, */*] and supported [application/json, application/*+json, application/yaml]
2026-05-26 00:42:30 [http-nio-8080-exec-2] DEBUG o.s.w.s.m.m.a.HttpEntityMethodProcessor - Writing [com.takecare.backend.user.dto.PatientProfileDTO@dd2a8c4]
2026-05-26 00:42:30 [http-nio-8080-exec-2] DEBUG o.s.w.s.handler.DisconnectedClient - Looks like the client has gone away: org.springframework.web.context.request.async.AsyncRequestNotUsableException: ServletOutputStream failed to flush: java.io.IOException: An established connection was aborted by the software in your host machine (For a full stack trace, set the log category 'org.apache.commons.logging.LogAdapter$Slf4jLocationAwareLog@29eafa3b' to TRACE level.)
2026-05-26 00:42:30 [http-nio-8080-exec-2] DEBUG o.s.web.servlet.DispatcherServlet - Completed 200 OK
2026-05-26 00:42:33 [http-nio-8080-exec-4] INFO  c.t.b.u.c.UserProfileController - GET /api/v1/users/profile/13 - Profile found
2026-05-26 00:42:33 [http-nio-8080-exec-4] DEBUG o.s.w.s.m.m.a.HttpEntityMethodProcessor - Using 'application/json', given [application/json, text/plain, */*] and supported [application/json, application/*+json, application/yaml]
2026-05-26 00:42:33 [http-nio-8080-exec-4] DEBUG o.s.w.s.m.m.a.HttpEntityMethodProcessor - Writing [com.takecare.backend.user.dto.PatientProfileDTO@51edb3e2]
2026-05-26 00:42:33 [http-nio-8080-exec-4] DEBUG o.s.web.servlet.DispatcherServlet - Completed 200 OK
2026-05-26 00:44:52 [MessageBroker-6] INFO  o.s.w.s.c.WebSocketMessageBrokerStats - WebSocketSession[0 current WS(0)-HttpStream(0)-HttpPoll(0), 0 total, 0 closed abnormally (0 connect failure, 0 send limit, 0 transport error)], stompSubProtocol[processed CONNECT(0)-CONNECTED(0)-DISCONNECT(0)], stompBrokerRelay[null], inboundChannel[pool size = 0, active threads = 0, queued tasks = 0, completed tasks = 0], outboundChannel[pool size = 0, active threads = 0, queued tasks = 0, completed tasks = 0], sockJsScheduler[pool size = 8, active threads = 2, queued tasks = 0, completed tasks = 6]
2026-05-26 01:07:16 [HikariPool-1:housekeeper] WARN  com.zaxxer.hikari.pool.HikariPool - HikariPool-1 - Thread starvation or clock leap detected (housekeeper delta=22m30s910ms146µs300ns).
2026-05-26 01:07:16 [HikariPool-1:housekeeper] WARN  com.zaxxer.hikari.pool.PoolBase - HikariPool-1 - Failed to validate connection com.mysql.cj.jdbc.ConnectionImpl@1ec5a8 (No operations allowed after connection closed.). Possibly consider using a shorter maxLifetime value.
2026-05-26 01:07:16 [HikariPool-1:housekeeper] WARN  com.zaxxer.hikari.pool.PoolBase - HikariPool-1 - Failed to validate connection com.mysql.cj.jdbc.ConnectionImpl@31d4247a (No operations allowed after connection closed.). Possibly consider using a shorter maxLifetime value.
2026-05-26 01:07:16 [HikariPool-1:housekeeper] WARN  com.zaxxer.hikari.pool.PoolBase - HikariPool-1 - Failed to validate connection com.mysql.cj.jdbc.ConnectionImpl@16748e04 (No operations allowed after connection closed.). Possibly consider using a shorter maxLifetime value.
2026-05-26 01:07:16 [HikariPool-1:housekeeper] WARN  com.zaxxer.hikari.pool.PoolBase - HikariPool-1 - Failed to validate connection com.mysql.cj.jdbc.ConnectionImpl@60313ae7 (No operations allowed after connection closed.). Possibly consider using a shorter maxLifetime value.
2026-05-26 01:07:16 [HikariPool-1:housekeeper] WARN  com.zaxxer.hikari.pool.PoolBase - HikariPool-1 - Failed to validate connection com.mysql.cj.jdbc.ConnectionImpl@2fa17804 (No operations allowed after connection closed.). Possibly consider using a shorter maxLifetime value.
2026-05-26 01:07:16 [HikariPool-1:housekeeper] WARN  com.zaxxer.hikari.pool.PoolBase - HikariPool-1 - Failed to validate connection com.mysql.cj.jdbc.ConnectionImpl@3fc67e7e (No operations allowed after connection closed.). Possibly consider using a shorter maxLifetime value.
2026-05-26 01:07:16 [HikariPool-1:housekeeper] WARN  com.zaxxer.hikari.pool.PoolBase - HikariPool-1 - Failed to validate connection com.mysql.cj.jdbc.ConnectionImpl@403a03b4 (No operations allowed after connection closed.). Possibly consider using a shorter maxLifetime value.
2026-05-26 01:07:16 [HikariPool-1:housekeeper] WARN  com.zaxxer.hikari.pool.PoolBase - HikariPool-1 - Failed to validate connection com.mysql.cj.jdbc.ConnectionImpl@4c83a043 (No operations allowed after connection closed.). Possibly consider using a shorter maxLifetime value.
2026-05-26 01:07:16 [HikariPool-1:housekeeper] WARN  com.zaxxer.hikari.pool.PoolBase - HikariPool-1 - Failed to validate connection com.mysql.cj.jdbc.ConnectionImpl@4761635c (No operations allowed after connection closed.). Possibly consider using a shorter maxLifetime value.
2026-05-26 01:07:16 [HikariPool-1:housekeeper] WARN  com.zaxxer.hikari.pool.PoolBase - HikariPool-1 - Failed to validate connection com.mysql.cj.jdbc.ConnectionImpl@5a3029c9 (No operations allowed after connection closed.). Possibly consider using a shorter maxLifetime value.
2026-05-26 01:07:17 [http-nio-8080-exec-3] DEBUG o.s.web.servlet.DispatcherServlet - GET "/api/v1/users/profile/13", parameters={}
2026-05-26 01:07:17 [http-nio-8080-exec-3] DEBUG o.s.w.s.m.m.a.RequestMappingHandlerMapping - Mapped to com.takecare.backend.user.controller.UserProfileController#getProfile(Integer)
2026-05-26 01:07:17 [http-nio-8080-exec-3] INFO  c.t.b.u.c.UserProfileController - GET /api/v1/users/profile/13 - Fetching patient profile
2026-05-26 01:07:17 [http-nio-8080-exec-3] INFO  c.t.b.u.s.PatientProfileService - Fetching profile for patient id: 13
2026-05-26 01:07:22 [http-nio-8080-exec-3] INFO  c.t.b.u.c.UserProfileController - GET /api/v1/users/profile/13 - Profile found
2026-05-26 01:07:22 [http-nio-8080-exec-3] DEBUG o.s.w.s.m.m.a.HttpEntityMethodProcessor - Using 'application/json', given [application/json, text/plain, */*] and supported [application/json, application/*+json, application/yaml]
2026-05-26 01:07:22 [http-nio-8080-exec-3] DEBUG o.s.w.s.m.m.a.HttpEntityMethodProcessor - Writing [com.takecare.backend.user.dto.PatientProfileDTO@365e1349]
2026-05-26 01:07:22 [http-nio-8080-exec-3] DEBUG o.s.web.servlet.DispatcherServlet - Completed 200 OK
2026-05-26 01:14:09 [SpringApplicationShutdownHook] DEBUG org.springframework.web.SimpLogging - clientOutboundChannel removed SubProtocolWebSocketHandler[StompSubProtocolHandler[v10.stomp, v11.stomp, v12.stomp]]
2026-05-26 01:14:09 [SpringApplicationShutdownHook] DEBUG org.springframework.web.SimpLogging - clientInboundChannel removed WebSocketAnnotationMethodMessageHandler[prefixes=[/app/]]
2026-05-26 01:14:09 [SpringApplicationShutdownHook] INFO  org.springframework.web.SimpLogging - Stopping...
2026-05-26 01:14:09 [SpringApplicationShutdownHook] INFO  org.springframework.web.SimpLogging - BrokerAvailabilityEvent[available=false, SimpleBrokerMessageHandler [org.springframework.messaging.simp.broker.DefaultSubscriptionRegistry@ce1a3f3]]
2026-05-26 01:14:09 [SpringApplicationShutdownHook] DEBUG org.springframework.web.SimpLogging - clientInboundChannel removed SimpleBrokerMessageHandler [org.springframework.messaging.simp.broker.DefaultSubscriptionRegistry@ce1a3f3]
2026-05-26 01:14:09 [SpringApplicationShutdownHook] DEBUG org.springframework.web.SimpLogging - brokerChannel removed SimpleBrokerMessageHandler [org.springframework.messaging.simp.broker.DefaultSubscriptionRegistry@ce1a3f3]
2026-05-26 01:14:09 [SpringApplicationShutdownHook] INFO  org.springframework.web.SimpLogging - Stopped.
2026-05-26 01:14:09 [SpringApplicationShutdownHook] DEBUG org.springframework.web.SimpLogging - clientInboundChannel removed UserDestinationMessageHandler[DefaultUserDestinationResolver[prefix=/user/]]
2026-05-26 01:14:09 [SpringApplicationShutdownHook] DEBUG org.springframework.web.SimpLogging - brokerChannel removed UserDestinationMessageHandler[DefaultUserDestinationResolver[prefix=/user/]]
2026-05-26 01:56:19 [restartedMain] INFO  c.t.backend.TakeCareApplication - Starting TakeCareApplication using Java 17.0.18 with PID 1116 (C:\Users\usser\Desktop\Uni\TallerSISINFO\takecare\backend\target\classes started by usser in C:\Users\usser\Desktop\Uni\TallerSISINFO\takecare\backend)
2026-05-26 01:56:19 [restartedMain] INFO  c.t.backend.TakeCareApplication - No active profile set, falling back to 1 default profile: "default"
2026-05-26 01:56:57 [restartedMain] INFO  c.t.b.s.s.OrientationMaterialService - Orientation materials storage ready at: C:\Users\usser\Desktop\Uni\TallerSISINFO\takecare\backend\uploads\orientation-materials
2026-05-26 01:56:57 [restartedMain] INFO  c.t.b.u.s.ClinicalDocumentService - Clinical docs storage ready at: C:\Users\usser\Desktop\Uni\TallerSISINFO\takecare\backend\uploads\clinical-docs
2026-05-26 01:56:57 [restartedMain] WARN  o.s.b.a.o.j.JpaBaseConfiguration$JpaWebConfiguration - spring.jpa.open-in-view is enabled by default. Therefore, database queries may be performed during view rendering. Explicitly configure spring.jpa.open-in-view to disable this warning
2026-05-26 01:56:57 [restartedMain] DEBUG o.s.w.s.s.s.WebSocketHandlerMapping - Patterns [/ws-takecare/**] in 'stompWebSocketHandlerMapping'
2026-05-26 01:56:57 [restartedMain] DEBUG o.s.w.s.m.m.a.RequestMappingHandlerMapping - 83 mappings in 'requestMappingHandlerMapping'
2026-05-26 01:56:57 [restartedMain] DEBUG o.s.w.s.h.SimpleUrlHandlerMapping - Patterns [/webjars/**, /**, /swagger-ui*/*swagger-initializer.js, /swagger-ui*/**] in 'resourceHandlerMapping'
2026-05-26 01:56:57 [restartedMain] WARN  o.s.b.a.s.s.UserDetailsServiceAutoConfiguration - 

Using generated security password: 45e34dda-4743-44a9-9245-e587171c57e1

This generated password is for development use only. Your security configuration must be updated before running your application in production.

2026-05-26 01:56:57 [restartedMain] DEBUG o.s.w.s.m.WebSocketAnnotationMethodMessageHandler - 
	c.t.b.a.c.AuthController:
	
2026-05-26 01:56:57 [restartedMain] DEBUG o.s.w.s.m.WebSocketAnnotationMethodMessageHandler - 
	c.t.b.c.c.CalificationController:
	
2026-05-26 01:56:57 [restartedMain] DEBUG o.s.w.s.m.WebSocketAnnotationMethodMessageHandler - 
	c.t.b.n.c.NotificationController:
	
2026-05-26 01:56:57 [restartedMain] DEBUG o.s.w.s.m.WebSocketAnnotationMethodMessageHandler - 
	c.t.b.r.c.ReportController:
	
2026-05-26 01:56:57 [restartedMain] DEBUG o.s.w.s.m.WebSocketAnnotationMethodMessageHandler - 
	c.t.b.s.c.SessionController:
	
2026-05-26 01:56:57 [restartedMain] DEBUG o.s.w.s.m.WebSocketAnnotationMethodMessageHandler - 
	c.t.b.s.c.TestController:
	
2026-05-26 01:56:57 [restartedMain] DEBUG o.s.w.s.m.WebSocketAnnotationMethodMessageHandler - 
	c.t.b.s.c.SpecialistScheduleController:
	
2026-05-26 01:56:57 [restartedMain] DEBUG o.s.w.s.m.WebSocketAnnotationMethodMessageHandler - 
	c.t.b.s.c.OrientationMaterialController:
	
2026-05-26 01:56:57 [restartedMain] DEBUG o.s.w.s.m.WebSocketAnnotationMethodMessageHandler - 
	c.t.b.s.c.SupportMaterialController:
	
2026-05-26 01:56:57 [restartedMain] DEBUG o.s.w.s.m.WebSocketAnnotationMethodMessageHandler - 
	c.t.b.u.c.AdminController:
	
2026-05-26 01:56:57 [restartedMain] DEBUG o.s.w.s.m.WebSocketAnnotationMethodMessageHandler - 
	c.t.b.u.c.ClinicalDocumentController:
	
2026-05-26 01:56:57 [restartedMain] DEBUG o.s.w.s.m.WebSocketAnnotationMethodMessageHandler - 
	c.t.b.u.c.PatientController:
	
2026-05-26 01:56:57 [restartedMain] DEBUG o.s.w.s.m.WebSocketAnnotationMethodMessageHandler - 
	c.t.b.u.c.SpecialistController:
	
2026-05-26 01:56:57 [restartedMain] DEBUG o.s.w.s.m.WebSocketAnnotationMethodMessageHandler - 
	c.t.b.u.c.UserController:
	
2026-05-26 01:56:57 [restartedMain] DEBUG o.s.w.s.m.WebSocketAnnotationMethodMessageHandler - 
	c.t.b.u.c.UserProfileController:
	
2026-05-26 01:56:57 [restartedMain] DEBUG o.s.w.s.m.WebSocketAnnotationMethodMessageHandler - 
	o.s.b.a.w.s.e.BasicErrorController:
	
2026-05-26 01:56:57 [restartedMain] DEBUG o.s.w.s.m.WebSocketAnnotationMethodMessageHandler - 
	o.s.w.a.OpenApiWebMvcResource:
	
2026-05-26 01:56:57 [restartedMain] DEBUG o.s.w.s.m.WebSocketAnnotationMethodMessageHandler - 
	o.s.w.u.SwaggerWelcomeWebMvc:
	
2026-05-26 01:56:57 [restartedMain] DEBUG o.s.w.s.m.WebSocketAnnotationMethodMessageHandler - 
	o.s.w.u.SwaggerConfigResource:
	
2026-05-26 01:56:58 [restartedMain] DEBUG o.s.w.s.m.m.a.RequestMappingHandlerAdapter - ControllerAdvice beans: 0 @ModelAttribute, 0 @InitBinder, 1 RequestBodyAdvice, 1 ResponseBodyAdvice
2026-05-26 01:56:58 [restartedMain] DEBUG o.s.w.s.m.m.a.ExceptionHandlerExceptionResolver - ControllerAdvice beans: 1 @ExceptionHandler, 1 ResponseBodyAdvice
2026-05-26 01:56:58 [restartedMain] DEBUG org.springframework.web.SimpLogging - clientOutboundChannel added SubProtocolWebSocketHandler[StompSubProtocolHandler[v10.stomp, v11.stomp, v12.stomp]]
2026-05-26 01:56:58 [restartedMain] DEBUG org.springframework.web.SimpLogging - clientInboundChannel added WebSocketAnnotationMethodMessageHandler[prefixes=[/app/]]
2026-05-26 01:56:58 [restartedMain] INFO  org.springframework.web.SimpLogging - Starting...
2026-05-26 01:56:58 [restartedMain] DEBUG org.springframework.web.SimpLogging - clientInboundChannel added SimpleBrokerMessageHandler [org.springframework.messaging.simp.broker.DefaultSubscriptionRegistry@748fec0b]
2026-05-26 01:56:58 [restartedMain] DEBUG org.springframework.web.SimpLogging - brokerChannel added SimpleBrokerMessageHandler [org.springframework.messaging.simp.broker.DefaultSubscriptionRegistry@748fec0b]
2026-05-26 01:56:58 [restartedMain] INFO  org.springframework.web.SimpLogging - BrokerAvailabilityEvent[available=true, SimpleBrokerMessageHandler [org.springframework.messaging.simp.broker.DefaultSubscriptionRegistry@748fec0b]]
2026-05-26 01:56:58 [restartedMain] INFO  org.springframework.web.SimpLogging - Started.
2026-05-26 01:56:58 [restartedMain] DEBUG org.springframework.web.SimpLogging - clientInboundChannel added UserDestinationMessageHandler[DefaultUserDestinationResolver[prefix=/user/]]
2026-05-26 01:56:58 [restartedMain] DEBUG org.springframework.web.SimpLogging - brokerChannel added UserDestinationMessageHandler[DefaultUserDestinationResolver[prefix=/user/]]
2026-05-26 01:56:58 [restartedMain] INFO  c.t.backend.TakeCareApplication - Started TakeCareApplication in 40.14 seconds (process running for 40.971)
2026-05-26 01:57:21 [http-nio-8080-exec-1] INFO  o.s.web.servlet.DispatcherServlet - Initializing Servlet 'dispatcherServlet'
2026-05-26 01:57:21 [http-nio-8080-exec-1] DEBUG o.s.web.servlet.DispatcherServlet - Detected StandardServletMultipartResolver
2026-05-26 01:57:21 [http-nio-8080-exec-1] DEBUG o.s.web.servlet.DispatcherServlet - Detected AcceptHeaderLocaleResolver
2026-05-26 01:57:21 [http-nio-8080-exec-1] DEBUG o.s.web.servlet.DispatcherServlet - Detected FixedThemeResolver
2026-05-26 01:57:21 [http-nio-8080-exec-1] DEBUG o.s.web.servlet.DispatcherServlet - Detected org.springframework.web.servlet.view.DefaultRequestToViewNameTranslator@7634a84d
2026-05-26 01:57:21 [http-nio-8080-exec-1] DEBUG o.s.web.servlet.DispatcherServlet - Detected org.springframework.web.servlet.support.SessionFlashMapManager@7c654704
2026-05-26 01:57:21 [http-nio-8080-exec-1] DEBUG o.s.web.servlet.DispatcherServlet - enableLoggingRequestDetails='false': request parameters and headers will be masked to prevent unsafe logging of potentially sensitive data
2026-05-26 01:57:21 [http-nio-8080-exec-1] INFO  o.s.web.servlet.DispatcherServlet - Completed initialization in 5 ms
2026-05-26 01:57:21 [http-nio-8080-exec-1] DEBUG o.s.web.servlet.DispatcherServlet - GET "/api/v1/specialists/search", parameters={}
2026-05-26 01:57:21 [http-nio-8080-exec-1] DEBUG o.s.w.s.m.m.a.RequestMappingHandlerMapping - Mapped to com.takecare.backend.user.controller.SpecialistController#searchSpecialists(String, String, String, String, String)
2026-05-26 01:57:21 [http-nio-8080-exec-1] INFO  c.t.b.u.c.SpecialistController - GET /api/v1/specialists/search | search=null | name=null | category=null | city=null | availability=null
2026-05-26 01:57:21 [http-nio-8080-exec-1] INFO  c.t.b.s.s.SpecialistSearchService - Buscando especialistas | search=null | name=null | category=null | city=null | availability=null
2026-05-26 01:57:22 [http-nio-8080-exec-1] INFO  c.t.b.s.s.SpecialistSearchService - Filtro aplicado | resultados=9
2026-05-26 01:57:30 [http-nio-8080-exec-1] INFO  c.t.b.u.c.SpecialistController - GET /api/v1/specialists/search | total=9
2026-05-26 01:57:30 [http-nio-8080-exec-1] DEBUG o.s.w.s.m.m.a.HttpEntityMethodProcessor - Using 'application/json', given [application/json, text/plain, */*] and supported [application/json, application/*+json, application/yaml]
2026-05-26 01:57:30 [http-nio-8080-exec-1] DEBUG o.s.w.s.m.m.a.HttpEntityMethodProcessor - Writing [[com.takecare.backend.specialities.dto.SpecialistFilterResponseDTO@3c0a2785, com.takecare.backend.sp (truncated)...]
2026-05-26 01:57:30 [http-nio-8080-exec-1] DEBUG o.s.web.servlet.DispatcherServlet - Completed 200 OK
2026-05-26 01:57:34 [http-nio-8080-exec-2] DEBUG o.s.web.servlet.DispatcherServlet - GET "/api/v1/schedules/specialist/2/grouped", parameters={}
2026-05-26 01:57:34 [http-nio-8080-exec-2] DEBUG o.s.w.s.m.m.a.RequestMappingHandlerMapping - Mapped to com.takecare.backend.specialistschedule.controller.SpecialistScheduleController#getSchedulesGroupedByDay(Integer)
2026-05-26 01:57:34 [http-nio-8080-exec-2] DEBUG o.s.w.s.m.m.a.HttpEntityMethodProcessor - Using 'application/json', given [application/json, text/plain, */*] and supported [application/json, application/*+json, application/yaml]
2026-05-26 01:57:34 [http-nio-8080-exec-2] DEBUG o.s.w.s.m.m.a.HttpEntityMethodProcessor - Writing [[com.takecare.backend.specialistschedule.dto.SpecialistScheduleGroupDTO@57392db, com.takecare.backen (truncated)...]
2026-05-26 01:57:34 [http-nio-8080-exec-2] DEBUG o.s.web.servlet.DispatcherServlet - Completed 200 OK
2026-05-26 01:57:48 [http-nio-8080-exec-3] DEBUG o.s.web.servlet.DispatcherServlet - GET "/api/v1/schedules/specialist/4/grouped", parameters={}
2026-05-26 01:57:48 [http-nio-8080-exec-3] DEBUG o.s.w.s.m.m.a.RequestMappingHandlerMapping - Mapped to com.takecare.backend.specialistschedule.controller.SpecialistScheduleController#getSchedulesGroupedByDay(Integer)
2026-05-26 01:57:49 [http-nio-8080-exec-3] DEBUG o.s.w.s.m.m.a.HttpEntityMethodProcessor - Using 'application/json', given [application/json, text/plain, */*] and supported [application/json, application/*+json, application/yaml]
2026-05-26 01:57:49 [http-nio-8080-exec-3] DEBUG o.s.w.s.m.m.a.HttpEntityMethodProcessor - Writing [[]]
2026-05-26 01:57:49 [http-nio-8080-exec-3] DEBUG o.s.web.servlet.DispatcherServlet - Completed 200 OK
2026-05-26 01:57:55 [http-nio-8080-exec-4] DEBUG o.s.web.servlet.DispatcherServlet - GET "/api/v1/schedules/specialist/17/grouped", parameters={}
2026-05-26 01:57:55 [http-nio-8080-exec-4] DEBUG o.s.w.s.m.m.a.RequestMappingHandlerMapping - Mapped to com.takecare.backend.specialistschedule.controller.SpecialistScheduleController#getSchedulesGroupedByDay(Integer)
2026-05-26 01:57:56 [http-nio-8080-exec-4] DEBUG o.s.w.s.m.m.a.HttpEntityMethodProcessor - Using 'application/json', given [application/json, text/plain, */*] and supported [application/json, application/*+json, application/yaml]
2026-05-26 01:57:56 [http-nio-8080-exec-4] DEBUG o.s.w.s.m.m.a.HttpEntityMethodProcessor - Writing [[com.takecare.backend.specialistschedule.dto.SpecialistScheduleGroupDTO@76aa3b75]]
2026-05-26 01:57:56 [http-nio-8080-exec-4] DEBUG o.s.web.servlet.DispatcherServlet - Completed 200 OK
2026-05-26 01:57:58 [MessageBroker-2] INFO  o.s.w.s.c.WebSocketMessageBrokerStats - WebSocketSession[0 current WS(0)-HttpStream(0)-HttpPoll(0), 0 total, 0 closed abnormally (0 connect failure, 0 send limit, 0 transport error)], stompSubProtocol[processed CONNECT(0)-CONNECTED(0)-DISCONNECT(0)], stompBrokerRelay[null], inboundChannel[pool size = 0, active threads = 0, queued tasks = 0, completed tasks = 0], outboundChannel[pool size = 0, active threads = 0, queued tasks = 0, completed tasks = 0], sockJsScheduler[pool size = 3, active threads = 1, queued tasks = 1, completed tasks = 1]
2026-05-26 01:58:03 [http-nio-8080-exec-6] DEBUG o.s.web.servlet.DispatcherServlet - POST "/api/v1/sessions", parameters={}
2026-05-26 01:58:03 [http-nio-8080-exec-6] DEBUG o.s.w.s.m.m.a.RequestMappingHandlerMapping - Mapped to com.takecare.backend.session.controller.SessionController#createSession(CreateSessionRequestDTO)
2026-05-26 01:58:03 [http-nio-8080-exec-6] DEBUG o.s.w.s.m.m.a.RequestResponseBodyMethodProcessor - Read "application/json;charset=UTF-8" to [com.takecare.backend.session.dto.CreateSessionRequestDTO@37f05b47]
2026-05-26 01:58:03 [http-nio-8080-exec-6] INFO  c.t.b.s.controller.SessionController - POST session - patientId=13 scheduleId=29 typeOfSession=1
2026-05-26 01:58:06 [http-nio-8080-exec-6] INFO  c.t.b.n.service.NotificationService - Notification created successfully with id: 31 for specialist id: 17
2026-05-26 01:58:07 [http-nio-8080-exec-6] DEBUG org.springframework.web.SimpLogging - Processing MESSAGE destination=/topic/notifications/specialist/17 session=null payload={"eventType":"NOTIFICATION_CREATED","unreadCount":1,"notification":{"id":31,"ses...(truncated)
2026-05-26 01:58:07 [http-nio-8080-exec-6] INFO  c.t.b.n.service.NotificationService - Notification event NOTIFICATION_CREATED sent to topic /topic/notifications/specialist/17
2026-05-26 01:58:07 [http-nio-8080-exec-6] INFO  c.t.b.session.service.SessionService - Appointment created successfully. sessionId=15, patientId=13, scheduleId=29
2026-05-26 01:58:08 [http-nio-8080-exec-6] DEBUG o.s.w.s.m.m.a.HttpEntityMethodProcessor - Using 'application/json', given [application/json, text/plain, */*] and supported [application/json, application/*+json, application/yaml]
2026-05-26 01:58:08 [http-nio-8080-exec-6] DEBUG o.s.w.s.m.m.a.HttpEntityMethodProcessor - Writing [com.takecare.backend.session.dto.SessionResponseDTO@30345133]
2026-05-26 01:58:08 [http-nio-8080-exec-6] DEBUG o.s.web.servlet.DispatcherServlet - Completed 200 OK
2026-05-26 01:58:08 [http-nio-8080-exec-7] DEBUG o.s.web.servlet.DispatcherServlet - GET "/api/v1/schedules/specialist/17/grouped", parameters={}
2026-05-26 01:58:08 [http-nio-8080-exec-7] DEBUG o.s.w.s.m.m.a.RequestMappingHandlerMapping - Mapped to com.takecare.backend.specialistschedule.controller.SpecialistScheduleController#getSchedulesGroupedByDay(Integer)
2026-05-26 01:58:09 [http-nio-8080-exec-7] DEBUG o.s.w.s.m.m.a.HttpEntityMethodProcessor - Using 'application/json', given [application/json, text/plain, */*] and supported [application/json, application/*+json, application/yaml]
2026-05-26 01:58:09 [http-nio-8080-exec-7] DEBUG o.s.w.s.m.m.a.HttpEntityMethodProcessor - Writing [[com.takecare.backend.specialistschedule.dto.SpecialistScheduleGroupDTO@60098e38]]
2026-05-26 01:58:09 [http-nio-8080-exec-7] DEBUG o.s.web.servlet.DispatcherServlet - Completed 200 OK
2026-05-26 01:58:32 [http-nio-8080-exec-9] DEBUG o.s.web.servlet.DispatcherServlet - POST "/api/v1/auth/login", parameters={}
2026-05-26 01:58:32 [http-nio-8080-exec-9] DEBUG o.s.w.s.m.m.a.RequestMappingHandlerMapping - Mapped to com.takecare.backend.auth.controller.AuthController#login(LoginRequestDTO)
2026-05-26 01:58:32 [http-nio-8080-exec-9] DEBUG o.s.w.s.m.m.a.RequestResponseBodyMethodProcessor - Read "application/json;charset=UTF-8" to [com.takecare.backend.auth.DTO.LoginRequestDTO@6e13c81]
2026-05-26 01:58:33 [http-nio-8080-exec-9] DEBUG o.s.w.s.m.m.a.HttpEntityMethodProcessor - Using 'application/json', given [application/json, text/plain, */*] and supported [application/json, application/*+json, application/yaml]
2026-05-26 01:58:33 [http-nio-8080-exec-9] DEBUG o.s.w.s.m.m.a.HttpEntityMethodProcessor - Writing [com.takecare.backend.auth.DTO.ApiResponseDTO@74369176]
2026-05-26 01:58:33 [http-nio-8080-exec-9] DEBUG o.s.web.servlet.DispatcherServlet - Completed 200 OK
2026-05-26 01:58:33 [http-nio-8080-exec-10] DEBUG o.s.web.servlet.DispatcherServlet - GET "/api/v1/notifications/specialist/17/unread-count", parameters={}
2026-05-26 01:58:33 [http-nio-8080-exec-10] DEBUG o.s.w.s.m.m.a.RequestMappingHandlerMapping - Mapped to com.takecare.backend.notification.controller.NotificationController#unreadCount(Integer)
2026-05-26 01:58:33 [http-nio-8080-exec-10] INFO  c.t.b.n.c.NotificationController - GET /api/v1/notifications/specialist/17/unread-count
2026-05-26 01:58:36 [http-nio-8080-exec-10] DEBUG o.s.w.s.m.m.a.HttpEntityMethodProcessor - Using 'application/json', given [application/json, text/plain, */*] and supported [application/json, application/*+json, application/yaml]
2026-05-26 01:58:36 [http-nio-8080-exec-10] DEBUG o.s.w.s.m.m.a.HttpEntityMethodProcessor - Writing [com.takecare.backend.notification.dto.UnreadNotificationCountDto@2120f7d8]
2026-05-26 01:58:36 [http-nio-8080-exec-10] DEBUG o.s.web.servlet.DispatcherServlet - Completed 200 OK
2026-05-26 01:58:38 [http-nio-8080-exec-1] DEBUG o.s.web.servlet.DispatcherServlet - GET "/api/v1/notifications/specialist/17", parameters={}
2026-05-26 01:58:38 [http-nio-8080-exec-2] DEBUG o.s.web.servlet.DispatcherServlet - GET "/api/v1/notifications/specialist/17/unread-count", parameters={}
2026-05-26 01:58:38 [http-nio-8080-exec-1] DEBUG o.s.w.s.m.m.a.RequestMappingHandlerMapping - Mapped to com.takecare.backend.notification.controller.NotificationController#listBySpecialist(Integer)
2026-05-26 01:58:38 [http-nio-8080-exec-2] DEBUG o.s.w.s.m.m.a.RequestMappingHandlerMapping - Mapped to com.takecare.backend.notification.controller.NotificationController#unreadCount(Integer)
2026-05-26 01:58:38 [http-nio-8080-exec-1] INFO  c.t.b.n.c.NotificationController - GET /api/v1/notifications/specialist/17 - listing notifications
2026-05-26 01:58:38 [http-nio-8080-exec-2] INFO  c.t.b.n.c.NotificationController - GET /api/v1/notifications/specialist/17/unread-count
2026-05-26 01:58:39 [http-nio-8080-exec-1] INFO  c.t.b.n.service.NotificationService - Listing notifications for specialist id: 17
2026-05-26 01:58:41 [http-nio-8080-exec-2] DEBUG o.s.w.s.m.m.a.HttpEntityMethodProcessor - Using 'application/json', given [application/json, text/plain, */*] and supported [application/json, application/*+json, application/yaml]
2026-05-26 01:58:41 [http-nio-8080-exec-2] DEBUG o.s.w.s.m.m.a.HttpEntityMethodProcessor - Writing [com.takecare.backend.notification.dto.UnreadNotificationCountDto@4157445]
2026-05-26 01:58:41 [http-nio-8080-exec-2] DEBUG o.s.web.servlet.DispatcherServlet - Completed 200 OK
2026-05-26 01:58:41 [http-nio-8080-exec-3] DEBUG o.s.web.servlet.DispatcherServlet - GET "/api/v1/notifications/specialist/17/unread-count", parameters={}
2026-05-26 01:58:41 [http-nio-8080-exec-3] DEBUG o.s.w.s.m.m.a.RequestMappingHandlerMapping - Mapped to com.takecare.backend.notification.controller.NotificationController#unreadCount(Integer)
2026-05-26 01:58:41 [http-nio-8080-exec-3] INFO  c.t.b.n.c.NotificationController - GET /api/v1/notifications/specialist/17/unread-count
2026-05-26 01:58:41 [http-nio-8080-exec-1] DEBUG o.s.w.s.m.m.a.HttpEntityMethodProcessor - Using 'application/json', given [application/json, text/plain, */*] and supported [application/json, application/*+json, application/yaml]
2026-05-26 01:58:41 [http-nio-8080-exec-1] DEBUG o.s.w.s.m.m.a.HttpEntityMethodProcessor - Writing [[com.takecare.backend.notification.dto.NotificationResponseDto@5ef6792]]
2026-05-26 01:58:41 [http-nio-8080-exec-1] DEBUG o.s.web.servlet.DispatcherServlet - Completed 200 OK
2026-05-26 01:58:41 [http-nio-8080-exec-4] DEBUG o.s.web.servlet.DispatcherServlet - GET "/api/v1/notifications/specialist/17", parameters={}
2026-05-26 01:58:41 [http-nio-8080-exec-4] DEBUG o.s.w.s.m.m.a.RequestMappingHandlerMapping - Mapped to com.takecare.backend.notification.controller.NotificationController#listBySpecialist(Integer)
2026-05-26 01:58:41 [http-nio-8080-exec-4] INFO  c.t.b.n.c.NotificationController - GET /api/v1/notifications/specialist/17 - listing notifications
2026-05-26 01:58:42 [http-nio-8080-exec-4] INFO  c.t.b.n.service.NotificationService - Listing notifications for specialist id: 17
2026-05-26 01:58:43 [http-nio-8080-exec-3] DEBUG o.s.w.s.m.m.a.HttpEntityMethodProcessor - Using 'application/json', given [application/json, text/plain, */*] and supported [application/json, application/*+json, application/yaml]
2026-05-26 01:58:43 [http-nio-8080-exec-3] DEBUG o.s.w.s.m.m.a.HttpEntityMethodProcessor - Writing [com.takecare.backend.notification.dto.UnreadNotificationCountDto@582a3512]
2026-05-26 01:58:43 [http-nio-8080-exec-3] DEBUG o.s.web.servlet.DispatcherServlet - Completed 200 OK
2026-05-26 01:58:44 [http-nio-8080-exec-4] DEBUG o.s.w.s.m.m.a.HttpEntityMethodProcessor - Using 'application/json', given [application/json, text/plain, */*] and supported [application/json, application/*+json, application/yaml]
2026-05-26 01:58:44 [http-nio-8080-exec-4] DEBUG o.s.w.s.m.m.a.HttpEntityMethodProcessor - Writing [[com.takecare.backend.notification.dto.NotificationResponseDto@2672d1b]]
2026-05-26 01:58:44 [http-nio-8080-exec-4] DEBUG o.s.web.servlet.DispatcherServlet - Completed 200 OK
2026-05-26 01:59:03 [http-nio-8080-exec-5] DEBUG o.s.web.servlet.DispatcherServlet - GET "/api/v1/notifications/specialist/17/unread-count", parameters={}
2026-05-26 01:59:03 [http-nio-8080-exec-6] DEBUG o.s.web.servlet.DispatcherServlet - GET "/api/v1/sessions/specialist/17", parameters={}
2026-05-26 01:59:03 [http-nio-8080-exec-5] DEBUG o.s.w.s.m.m.a.RequestMappingHandlerMapping - Mapped to com.takecare.backend.notification.controller.NotificationController#unreadCount(Integer)
2026-05-26 01:59:03 [http-nio-8080-exec-6] DEBUG o.s.w.s.m.m.a.RequestMappingHandlerMapping - Mapped to com.takecare.backend.session.controller.SessionController#listBySpecialist(Integer)
2026-05-26 01:59:03 [http-nio-8080-exec-5] INFO  c.t.b.n.c.NotificationController - GET /api/v1/notifications/specialist/17/unread-count
2026-05-26 01:59:03 [http-nio-8080-exec-6] INFO  c.t.b.s.controller.SessionController - GET sessions by specialistId=17
2026-05-26 01:59:05 [http-nio-8080-exec-6] DEBUG o.s.w.s.m.m.a.HttpEntityMethodProcessor - Using 'application/json', given [application/json, text/plain, */*] and supported [application/json, application/*+json, application/yaml]
2026-05-26 01:59:05 [http-nio-8080-exec-5] DEBUG o.s.w.s.m.m.a.HttpEntityMethodProcessor - Using 'application/json', given [application/json, text/plain, */*] and supported [application/json, application/*+json, application/yaml]
2026-05-26 01:59:05 [http-nio-8080-exec-6] DEBUG o.s.w.s.m.m.a.HttpEntityMethodProcessor - Writing [[com.takecare.backend.session.dto.SessionResponseDTO@6e014e49]]
2026-05-26 01:59:05 [http-nio-8080-exec-5] DEBUG o.s.w.s.m.m.a.HttpEntityMethodProcessor - Writing [com.takecare.backend.notification.dto.UnreadNotificationCountDto@6105ef4d]
2026-05-26 01:59:05 [http-nio-8080-exec-5] DEBUG o.s.web.servlet.DispatcherServlet - Completed 200 OK
2026-05-26 01:59:05 [http-nio-8080-exec-6] DEBUG o.s.web.servlet.DispatcherServlet - Completed 200 OK
2026-05-26 01:59:05 [http-nio-8080-exec-7] DEBUG o.s.web.servlet.DispatcherServlet - GET "/api/v1/reports/session/15/specialist/17", parameters={}
2026-05-26 01:59:05 [http-nio-8080-exec-7] DEBUG o.s.w.s.m.m.a.RequestMappingHandlerMapping - Mapped to com.takecare.backend.report.controller.ReportController#getReportBySession(Integer, Integer)
2026-05-26 01:59:05 [http-nio-8080-exec-7] INFO  c.t.b.r.controller.ReportController - GET /reports/session/15/specialist/17
2026-05-26 01:59:07 [http-nio-8080-exec-7] ERROR c.t.b.report.service.ReportService - Error fetching report for sessionId=15 specialistId=17
java.util.NoSuchElementException: Reporte no encontrado
	at com.takecare.backend.report.service.ReportService.lambda$getReportBySession$3(ReportService.java:240)
	at java.base/java.util.Optional.orElseThrow(Optional.java:403)
	at com.takecare.backend.report.service.ReportService.getReportBySession(ReportService.java:240)
	at java.base/jdk.internal.reflect.NativeMethodAccessorImpl.invoke0(Native Method)
	at java.base/jdk.internal.reflect.NativeMethodAccessorImpl.invoke(NativeMethodAccessorImpl.java:77)
	at java.base/jdk.internal.reflect.DelegatingMethodAccessorImpl.invoke(DelegatingMethodAccessorImpl.java:43)
	at java.base/java.lang.reflect.Method.invoke(Method.java:569)
	at org.springframework.aop.support.AopUtils.invokeJoinpointUsingReflection(AopUtils.java:360)
	at org.springframework.aop.framework.ReflectiveMethodInvocation.invokeJoinpoint(ReflectiveMethodInvocation.java:196)
	at org.springframework.aop.framework.ReflectiveMethodInvocation.proceed(ReflectiveMethodInvocation.java:163)
	at org.springframework.transaction.interceptor.TransactionAspectSupport.invokeWithinTransaction(TransactionAspectSupport.java:380)
	at org.springframework.transaction.interceptor.TransactionInterceptor.invoke(TransactionInterceptor.java:119)
	at org.springframework.aop.framework.ReflectiveMethodInvocation.proceed(ReflectiveMethodInvocation.java:184)
	at org.springframework.aop.framework.CglibAopProxy$DynamicAdvisedInterceptor.intercept(CglibAopProxy.java:728)
	at com.takecare.backend.report.service.ReportService$$SpringCGLIB$$0.getReportBySession(<generated>)
	at com.takecare.backend.report.controller.ReportController.getReportBySession(ReportController.java:131)
	at java.base/jdk.internal.reflect.NativeMethodAccessorImpl.invoke0(Native Method)
	at java.base/jdk.internal.reflect.NativeMethodAccessorImpl.invoke(NativeMethodAccessorImpl.java:77)
	at java.base/jdk.internal.reflect.DelegatingMethodAccessorImpl.invoke(DelegatingMethodAccessorImpl.java:43)
	at java.base/java.lang.reflect.Method.invoke(Method.java:569)
	at org.springframework.web.method.support.InvocableHandlerMethod.doInvoke(InvocableHandlerMethod.java:258)
	at org.springframework.web.method.support.InvocableHandlerMethod.invokeForRequest(InvocableHandlerMethod.java:191)
	at org.springframework.web.servlet.mvc.method.annotation.ServletInvocableHandlerMethod.invokeAndHandle(ServletInvocableHandlerMethod.java:118)
	at org.springframework.web.servlet.mvc.method.annotation.RequestMappingHandlerAdapter.invokeHandlerMethod(RequestMappingHandlerAdapter.java:991)
	at org.springframework.web.servlet.mvc.method.annotation.RequestMappingHandlerAdapter.handleInternal(RequestMappingHandlerAdapter.java:896)
	at org.springframework.web.servlet.mvc.method.AbstractHandlerMethodAdapter.handle(AbstractHandlerMethodAdapter.java:87)
	at org.springframework.web.servlet.DispatcherServlet.doDispatch(DispatcherServlet.java:1089)
	at org.springframework.web.servlet.DispatcherServlet.doService(DispatcherServlet.java:979)
	at org.springframework.web.servlet.FrameworkServlet.processRequest(FrameworkServlet.java:1014)
	at org.springframework.web.servlet.FrameworkServlet.doGet(FrameworkServlet.java:903)
	at jakarta.servlet.http.HttpServlet.service(HttpServlet.java:564)
	at org.springframework.web.servlet.FrameworkServlet.service(FrameworkServlet.java:885)
	at jakarta.servlet.http.HttpServlet.service(HttpServlet.java:658)
	at org.apache.catalina.core.ApplicationFilterChain.internalDoFilter(ApplicationFilterChain.java:193)
	at org.apache.catalina.core.ApplicationFilterChain.doFilter(ApplicationFilterChain.java:138)
	at org.apache.tomcat.websocket.server.WsFilter.doFilter(WsFilter.java:51)
	at org.apache.catalina.core.ApplicationFilterChain.internalDoFilter(ApplicationFilterChain.java:162)
	at org.apache.catalina.core.ApplicationFilterChain.doFilter(ApplicationFilterChain.java:138)
	at org.springframework.web.filter.CompositeFilter$VirtualFilterChain.doFilter(CompositeFilter.java:108)
	at org.springframework.web.filter.CompositeFilter$VirtualFilterChain.doFilter(CompositeFilter.java:108)
	at org.springframework.security.web.FilterChainProxy.lambda$doFilterInternal$3(FilterChainProxy.java:231)
	at org.springframework.security.web.FilterChainProxy$VirtualFilterChain.doFilter(FilterChainProxy.java:365)
	at org.springframework.security.web.access.intercept.AuthorizationFilter.doFilter(AuthorizationFilter.java:101)
	at org.springframework.security.web.FilterChainProxy$VirtualFilterChain.doFilter(FilterChainProxy.java:374)
	at org.springframework.security.web.access.ExceptionTranslationFilter.doFilter(ExceptionTranslationFilter.java:125)
	at org.springframework.security.web.access.ExceptionTranslationFilter.doFilter(ExceptionTranslationFilter.java:119)
	at org.springframework.security.web.FilterChainProxy$VirtualFilterChain.doFilter(FilterChainProxy.java:374)
	at org.springframework.security.web.authentication.AnonymousAuthenticationFilter.doFilter(AnonymousAuthenticationFilter.java:100)
	at org.springframework.security.web.FilterChainProxy$VirtualFilterChain.doFilter(FilterChainProxy.java:374)
	at org.springframework.security.web.servletapi.SecurityContextHolderAwareRequestFilter.doFilter(SecurityContextHolderAwareRequestFilter.java:179)
	at org.springframework.security.web.FilterChainProxy$VirtualFilterChain.doFilter(FilterChainProxy.java:374)
	at org.springframework.security.web.savedrequest.RequestCacheAwareFilter.doFilter(RequestCacheAwareFilter.java:63)
	at org.springframework.security.web.FilterChainProxy$VirtualFilterChain.doFilter(FilterChainProxy.java:374)
	at org.springframework.security.web.authentication.logout.LogoutFilter.doFilter(LogoutFilter.java:107)
	at org.springframework.security.web.authentication.logout.LogoutFilter.doFilter(LogoutFilter.java:93)
	at org.springframework.security.web.FilterChainProxy$VirtualFilterChain.doFilter(FilterChainProxy.java:374)
	at org.springframework.web.filter.CorsFilter.doFilterInternal(CorsFilter.java:91)
	at org.springframework.web.filter.OncePerRequestFilter.doFilter(OncePerRequestFilter.java:116)
	at org.springframework.security.web.FilterChainProxy$VirtualFilterChain.doFilter(FilterChainProxy.java:374)
	at org.springframework.security.web.header.HeaderWriterFilter.doHeadersAfter(HeaderWriterFilter.java:90)
	at org.springframework.security.web.header.HeaderWriterFilter.doFilterInternal(HeaderWriterFilter.java:75)
	at org.springframework.web.filter.OncePerRequestFilter.doFilter(OncePerRequestFilter.java:116)
	at org.springframework.security.web.FilterChainProxy$VirtualFilterChain.doFilter(FilterChainProxy.java:374)
	at org.springframework.security.web.context.SecurityContextHolderFilter.doFilter(SecurityContextHolderFilter.java:82)
	at org.springframework.security.web.context.SecurityContextHolderFilter.doFilter(SecurityContextHolderFilter.java:69)
	at org.springframework.security.web.FilterChainProxy$VirtualFilterChain.doFilter(FilterChainProxy.java:374)
	at org.springframework.security.web.context.request.async.WebAsyncManagerIntegrationFilter.doFilterInternal(WebAsyncManagerIntegrationFilter.java:62)
	at org.springframework.web.filter.OncePerRequestFilter.doFilter(OncePerRequestFilter.java:116)
	at org.springframework.security.web.FilterChainProxy$VirtualFilterChain.doFilter(FilterChainProxy.java:374)
	at org.springframework.security.web.session.DisableEncodeUrlFilter.doFilterInternal(DisableEncodeUrlFilter.java:42)
	at org.springframework.web.filter.OncePerRequestFilter.doFilter(OncePerRequestFilter.java:116)
	at org.springframework.security.web.FilterChainProxy$VirtualFilterChain.doFilter(FilterChainProxy.java:374)
	at org.springframework.security.web.FilterChainProxy.doFilterInternal(FilterChainProxy.java:233)
	at org.springframework.security.web.FilterChainProxy.doFilter(FilterChainProxy.java:191)
	at org.springframework.web.filter.CompositeFilter$VirtualFilterChain.doFilter(CompositeFilter.java:113)
	at org.springframework.web.filter.ServletRequestPathFilter.doFilter(ServletRequestPathFilter.java:52)
	at org.springframework.web.filter.CompositeFilter$VirtualFilterChain.doFilter(CompositeFilter.java:113)
	at org.springframework.web.filter.CompositeFilter.doFilter(CompositeFilter.java:74)
	at org.springframework.security.config.annotation.web.configuration.WebSecurityConfiguration$CompositeFilterChainProxy.doFilter(WebSecurityConfiguration.java:319)
	at org.springframework.web.filter.CompositeFilter$VirtualFilterChain.doFilter(CompositeFilter.java:113)
	at org.springframework.web.servlet.handler.HandlerMappingIntrospector.lambda$createCacheFilter$4(HandlerMappingIntrospector.java:267)
	at org.springframework.web.filter.CompositeFilter$VirtualFilterChain.doFilter(CompositeFilter.java:113)
	at org.springframework.web.filter.CompositeFilter.doFilter(CompositeFilter.java:74)
	at org.springframework.security.config.annotation.web.configuration.WebMvcSecurityConfiguration$CompositeFilterChainProxy.doFilter(WebMvcSecurityConfiguration.java:240)
	at org.springframework.web.filter.DelegatingFilterProxy.invokeDelegate(DelegatingFilterProxy.java:362)
	at org.springframework.web.filter.DelegatingFilterProxy.doFilter(DelegatingFilterProxy.java:278)
	at org.apache.catalina.core.ApplicationFilterChain.internalDoFilter(ApplicationFilterChain.java:162)
	at org.apache.catalina.core.ApplicationFilterChain.doFilter(ApplicationFilterChain.java:138)
	at org.springframework.web.filter.RequestContextFilter.doFilterInternal(RequestContextFilter.java:100)
	at org.springframework.web.filter.OncePerRequestFilter.doFilter(OncePerRequestFilter.java:116)
	at org.apache.catalina.core.ApplicationFilterChain.internalDoFilter(ApplicationFilterChain.java:162)
	at org.apache.catalina.core.ApplicationFilterChain.doFilter(ApplicationFilterChain.java:138)
	at org.springframework.web.filter.FormContentFilter.doFilterInternal(FormContentFilter.java:93)
	at org.springframework.web.filter.OncePerRequestFilter.doFilter(OncePerRequestFilter.java:116)
	at org.apache.catalina.core.ApplicationFilterChain.internalDoFilter(ApplicationFilterChain.java:162)
	at org.apache.catalina.core.ApplicationFilterChain.doFilter(ApplicationFilterChain.java:138)
	at org.springframework.web.filter.CharacterEncodingFilter.doFilterInternal(CharacterEncodingFilter.java:201)
	at org.springframework.web.filter.OncePerRequestFilter.doFilter(OncePerRequestFilter.java:116)
	at org.apache.catalina.core.ApplicationFilterChain.internalDoFilter(ApplicationFilterChain.java:162)
	at org.apache.catalina.core.ApplicationFilterChain.doFilter(ApplicationFilterChain.java:138)
	at org.apache.catalina.core.StandardWrapperValve.invoke(StandardWrapperValve.java:165)
	at org.apache.catalina.core.StandardContextValve.invoke(StandardContextValve.java:88)
	at org.apache.catalina.authenticator.AuthenticatorBase.invoke(AuthenticatorBase.java:492)
	at org.apache.catalina.core.StandardHostValve.invoke(StandardHostValve.java:113)
	at org.apache.catalina.valves.ErrorReportValve.invoke(ErrorReportValve.java:83)
	at org.apache.catalina.core.StandardEngineValve.invoke(StandardEngineValve.java:72)
	at org.apache.catalina.connector.CoyoteAdapter.service(CoyoteAdapter.java:342)
	at org.apache.coyote.http11.Http11Processor.service(Http11Processor.java:399)
	at org.apache.coyote.AbstractProcessorLight.process(AbstractProcessorLight.java:63)
	at org.apache.coyote.AbstractProtocol$ConnectionHandler.process(AbstractProtocol.java:903)
	at org.apache.tomcat.util.net.NioEndpoint$SocketProcessor.doRun(NioEndpoint.java:1775)
	at org.apache.tomcat.util.net.SocketProcessorBase.run(SocketProcessorBase.java:52)
	at org.apache.tomcat.util.threads.ThreadPoolExecutor.runWorker(ThreadPoolExecutor.java:973)
	at org.apache.tomcat.util.threads.ThreadPoolExecutor$Worker.run(ThreadPoolExecutor.java:491)
	at org.apache.tomcat.util.threads.TaskThread$WrappingRunnable.run(TaskThread.java:63)
	at java.base/java.lang.Thread.run(Thread.java:840)
2026-05-26 01:59:08 [http-nio-8080-exec-7] WARN  c.t.b.r.controller.ReportController - GET /reports/session/specialist - not found: Reporte no encontrado
2026-05-26 01:59:08 [http-nio-8080-exec-7] DEBUG o.s.w.s.m.m.a.HttpEntityMethodProcessor - Using 'application/json', given [application/json, text/plain, */*] and supported [application/json, application/*+json, application/yaml]
2026-05-26 01:59:08 [http-nio-8080-exec-7] DEBUG o.s.w.s.m.m.a.HttpEntityMethodProcessor - Writing [{message=Reporte no encontrado}]
2026-05-26 01:59:08 [http-nio-8080-exec-7] DEBUG o.s.web.servlet.DispatcherServlet - Completed 404 NOT_FOUND
2026-05-26 01:59:37 [http-nio-8080-exec-9] DEBUG o.s.web.servlet.DispatcherServlet - PATCH "/api/v1/sessions/15/status", parameters={}
2026-05-26 01:59:37 [http-nio-8080-exec-9] DEBUG o.s.w.s.m.m.a.RequestMappingHandlerMapping - Mapped to com.takecare.backend.session.controller.SessionController#updateSessionStatus(Integer, UpdateSessionStatusRequestDTO)
2026-05-26 01:59:37 [http-nio-8080-exec-9] DEBUG o.s.w.s.m.m.a.RequestResponseBodyMethodProcessor - Read "application/json;charset=UTF-8" to [com.takecare.backend.session.dto.UpdateSessionStatusRequestDTO@2c64e1e5]
2026-05-26 01:59:37 [http-nio-8080-exec-9] INFO  c.t.b.s.controller.SessionController - PATCH session status - id=15 specialistId=17 action=accept
2026-05-26 01:59:37 [http-nio-8080-exec-9] INFO  c.t.b.session.service.SessionService - PATCH session status. sessionId=15, specialistId=17, action=accept
2026-05-26 01:59:38 [http-nio-8080-exec-9] INFO  c.t.b.n.service.NotificationService - Notification created successfully with id: 32 for specialist id: 17
2026-05-26 01:59:39 [http-nio-8080-exec-9] DEBUG org.springframework.web.SimpLogging - Processing MESSAGE destination=/topic/notifications/specialist/17 session=null payload={"eventType":"NOTIFICATION_CREATED","unreadCount":2,"notification":{"id":32,"ses...(truncated)
2026-05-26 01:59:39 [http-nio-8080-exec-9] INFO  c.t.b.n.service.NotificationService - Notification event NOTIFICATION_CREATED sent to topic /topic/notifications/specialist/17
2026-05-26 01:59:39 [http-nio-8080-exec-9] INFO  c.t.b.session.service.SessionService - Session status updated. sessionId=15, newStatus=2, scheduleStatus=1
2026-05-26 01:59:40 [http-nio-8080-exec-9] INFO  c.t.b.s.controller.SessionController - PATCH session status completed - id=15 status=2
2026-05-26 01:59:40 [http-nio-8080-exec-9] DEBUG o.s.w.s.m.m.a.HttpEntityMethodProcessor - Using 'application/json', given [application/json, text/plain, */*] and supported [application/json, application/*+json, application/yaml]
2026-05-26 01:59:40 [http-nio-8080-exec-9] DEBUG o.s.w.s.m.m.a.HttpEntityMethodProcessor - Writing [com.takecare.backend.session.dto.SessionStatusResponseDTO@45149c47]
2026-05-26 01:59:40 [http-nio-8080-exec-9] DEBUG o.s.web.servlet.DispatcherServlet - Completed 200 OK
2026-05-26 01:59:42 [http-nio-8080-exec-2] DEBUG o.s.web.servlet.DispatcherServlet - GET "/api/v1/notifications/specialist/17/unread-count", parameters={}
2026-05-26 01:59:42 [http-nio-8080-exec-2] DEBUG o.s.w.s.m.m.a.RequestMappingHandlerMapping - Mapped to com.takecare.backend.notification.controller.NotificationController#unreadCount(Integer)
2026-05-26 01:59:42 [http-nio-8080-exec-2] INFO  c.t.b.n.c.NotificationController - GET /api/v1/notifications/specialist/17/unread-count
2026-05-26 01:59:44 [http-nio-8080-exec-3] DEBUG o.s.web.servlet.DispatcherServlet - PUT "/api/v1/notifications/31/read-status", parameters={}
2026-05-26 01:59:44 [http-nio-8080-exec-3] DEBUG o.s.w.s.m.m.a.RequestMappingHandlerMapping - Mapped to com.takecare.backend.notification.controller.NotificationController#updateReadStatus(Integer, UpdateNotificationStatusRequestDto)
2026-05-26 01:59:44 [http-nio-8080-exec-3] DEBUG o.s.w.s.m.m.a.RequestResponseBodyMethodProcessor - Read "application/json;charset=UTF-8" to [com.takecare.backend.notification.dto.UpdateNotificationStatusRequestDto@ef362f8]
2026-05-26 01:59:44 [http-nio-8080-exec-3] INFO  c.t.b.n.c.NotificationController - PUT /api/v1/notifications/31/read-status
2026-05-26 01:59:45 [http-nio-8080-exec-2] DEBUG o.s.w.s.m.m.a.HttpEntityMethodProcessor - Using 'application/json', given [application/json, text/plain, */*] and supported [application/json, application/*+json, application/yaml]
2026-05-26 01:59:45 [http-nio-8080-exec-2] DEBUG o.s.w.s.m.m.a.HttpEntityMethodProcessor - Writing [com.takecare.backend.notification.dto.UnreadNotificationCountDto@932f5f0]
2026-05-26 01:59:45 [http-nio-8080-exec-2] DEBUG o.s.web.servlet.DispatcherServlet - Completed 200 OK
2026-05-26 01:59:45 [http-nio-8080-exec-4] DEBUG o.s.web.servlet.DispatcherServlet - GET "/api/v1/notifications/specialist/17/unread-count", parameters={}
2026-05-26 01:59:45 [http-nio-8080-exec-4] DEBUG o.s.w.s.m.m.a.RequestMappingHandlerMapping - Mapped to com.takecare.backend.notification.controller.NotificationController#unreadCount(Integer)
2026-05-26 01:59:45 [http-nio-8080-exec-4] INFO  c.t.b.n.c.NotificationController - GET /api/v1/notifications/specialist/17/unread-count
2026-05-26 01:59:46 [http-nio-8080-exec-3] INFO  c.t.b.n.service.NotificationService - Notification id: 31 updated to status: 1
2026-05-26 01:59:46 [http-nio-8080-exec-3] DEBUG org.springframework.web.SimpLogging - Processing MESSAGE destination=/topic/notifications/specialist/17 session=null payload={"eventType":"NOTIFICATION_STATUS_UPDATED","unreadCount":1,"notification":{"id":...(truncated)
2026-05-26 01:59:46 [http-nio-8080-exec-3] INFO  c.t.b.n.service.NotificationService - Notification event NOTIFICATION_STATUS_UPDATED sent to topic /topic/notifications/specialist/17
2026-05-26 01:59:47 [http-nio-8080-exec-3] DEBUG o.s.w.s.m.m.a.HttpEntityMethodProcessor - Using 'application/json', given [application/json, text/plain, */*] and supported [application/json, application/*+json, application/yaml]
2026-05-26 01:59:47 [http-nio-8080-exec-3] DEBUG o.s.w.s.m.m.a.HttpEntityMethodProcessor - Writing [com.takecare.backend.notification.dto.NotificationResponseDto@30da7bef]
2026-05-26 01:59:47 [http-nio-8080-exec-3] DEBUG o.s.web.servlet.DispatcherServlet - Completed 200 OK
2026-05-26 01:59:48 [http-nio-8080-exec-4] DEBUG o.s.w.s.m.m.a.HttpEntityMethodProcessor - Using 'application/json', given [application/json, text/plain, */*] and supported [application/json, application/*+json, application/yaml]
2026-05-26 01:59:48 [http-nio-8080-exec-4] DEBUG o.s.w.s.m.m.a.HttpEntityMethodProcessor - Writing [com.takecare.backend.notification.dto.UnreadNotificationCountDto@7d0c5dc3]
2026-05-26 01:59:48 [http-nio-8080-exec-4] DEBUG o.s.web.servlet.DispatcherServlet - Completed 200 OK
2026-05-26 01:59:52 [http-nio-8080-exec-6] DEBUG o.s.web.servlet.DispatcherServlet - PUT "/api/v1/notifications/31/read-status", parameters={}
2026-05-26 01:59:52 [http-nio-8080-exec-6] DEBUG o.s.w.s.m.m.a.RequestMappingHandlerMapping - Mapped to com.takecare.backend.notification.controller.NotificationController#updateReadStatus(Integer, UpdateNotificationStatusRequestDto)
2026-05-26 01:59:52 [http-nio-8080-exec-6] DEBUG o.s.w.s.m.m.a.RequestResponseBodyMethodProcessor - Read "application/json;charset=UTF-8" to [com.takecare.backend.notification.dto.UpdateNotificationStatusRequestDto@7b6f560c]
2026-05-26 01:59:52 [http-nio-8080-exec-6] INFO  c.t.b.n.c.NotificationController - PUT /api/v1/notifications/31/read-status
2026-05-26 01:59:53 [http-nio-8080-exec-6] INFO  c.t.b.n.service.NotificationService - Notification id: 31 updated to status: 0
2026-05-26 01:59:54 [http-nio-8080-exec-6] DEBUG org.springframework.web.SimpLogging - Processing MESSAGE destination=/topic/notifications/specialist/17 session=null payload={"eventType":"NOTIFICATION_STATUS_UPDATED","unreadCount":2,"notification":{"id":...(truncated)
2026-05-26 01:59:54 [http-nio-8080-exec-6] INFO  c.t.b.n.service.NotificationService - Notification event NOTIFICATION_STATUS_UPDATED sent to topic /topic/notifications/specialist/17
2026-05-26 01:59:55 [http-nio-8080-exec-6] DEBUG o.s.w.s.m.m.a.HttpEntityMethodProcessor - Using 'application/json', given [application/json, text/plain, */*] and supported [application/json, application/*+json, application/yaml]
2026-05-26 01:59:55 [http-nio-8080-exec-6] DEBUG o.s.w.s.m.m.a.HttpEntityMethodProcessor - Writing [com.takecare.backend.notification.dto.NotificationResponseDto@3b9bf5df]
2026-05-26 01:59:55 [http-nio-8080-exec-6] DEBUG o.s.web.servlet.DispatcherServlet - Completed 200 OK
2026-05-26 01:59:56 [http-nio-8080-exec-7] DEBUG o.s.web.servlet.DispatcherServlet - PUT "/api/v1/notifications/31/read-status", parameters={}
2026-05-26 01:59:56 [http-nio-8080-exec-7] DEBUG o.s.w.s.m.m.a.RequestMappingHandlerMapping - Mapped to com.takecare.backend.notification.controller.NotificationController#updateReadStatus(Integer, UpdateNotificationStatusRequestDto)
2026-05-26 01:59:56 [http-nio-8080-exec-7] DEBUG o.s.w.s.m.m.a.RequestResponseBodyMethodProcessor - Read "application/json;charset=UTF-8" to [com.takecare.backend.notification.dto.UpdateNotificationStatusRequestDto@147123a7]
2026-05-26 01:59:56 [http-nio-8080-exec-7] INFO  c.t.b.n.c.NotificationController - PUT /api/v1/notifications/31/read-status
2026-05-26 01:59:58 [http-nio-8080-exec-7] INFO  c.t.b.n.service.NotificationService - Notification id: 31 updated to status: 1
2026-05-26 01:59:59 [http-nio-8080-exec-7] DEBUG org.springframework.web.SimpLogging - Processing MESSAGE destination=/topic/notifications/specialist/17 session=null payload={"eventType":"NOTIFICATION_STATUS_UPDATED","unreadCount":1,"notification":{"id":...(truncated)
2026-05-26 01:59:59 [http-nio-8080-exec-7] INFO  c.t.b.n.service.NotificationService - Notification event NOTIFICATION_STATUS_UPDATED sent to topic /topic/notifications/specialist/17
2026-05-26 01:59:59 [http-nio-8080-exec-7] DEBUG o.s.w.s.m.m.a.HttpEntityMethodProcessor - Using 'application/json', given [application/json, text/plain, */*] and supported [application/json, application/*+json, application/yaml]
2026-05-26 01:59:59 [http-nio-8080-exec-7] DEBUG o.s.w.s.m.m.a.HttpEntityMethodProcessor - Writing [com.takecare.backend.notification.dto.NotificationResponseDto@173e79a5]
2026-05-26 01:59:59 [http-nio-8080-exec-7] DEBUG o.s.web.servlet.DispatcherServlet - Completed 200 OK
2026-05-26 02:00:02 [http-nio-8080-exec-8] DEBUG o.s.web.servlet.DispatcherServlet - GET "/api/v1/notifications/specialist/17/unread-count", parameters={}
2026-05-26 02:00:02 [http-nio-8080-exec-8] DEBUG o.s.w.s.m.m.a.RequestMappingHandlerMapping - Mapped to com.takecare.backend.notification.controller.NotificationController#unreadCount(Integer)
2026-05-26 02:00:02 [http-nio-8080-exec-8] INFO  c.t.b.n.c.NotificationController - GET /api/v1/notifications/specialist/17/unread-count
2026-05-26 02:00:05 [http-nio-8080-exec-8] DEBUG o.s.w.s.m.m.a.HttpEntityMethodProcessor - Using 'application/json', given [application/json, text/plain, */*] and supported [application/json, application/*+json, application/yaml]
2026-05-26 02:00:05 [http-nio-8080-exec-8] DEBUG o.s.w.s.m.m.a.HttpEntityMethodProcessor - Writing [com.takecare.backend.notification.dto.UnreadNotificationCountDto@237ef185]
2026-05-26 02:00:05 [http-nio-8080-exec-8] DEBUG o.s.web.servlet.DispatcherServlet - Completed 200 OK
2026-05-26 02:00:05 [http-nio-8080-exec-9] DEBUG o.s.web.servlet.DispatcherServlet - GET "/api/v1/notifications/specialist/17/unread-count", parameters={}
2026-05-26 02:00:05 [http-nio-8080-exec-9] DEBUG o.s.w.s.m.m.a.RequestMappingHandlerMapping - Mapped to com.takecare.backend.notification.controller.NotificationController#unreadCount(Integer)
2026-05-26 02:00:05 [http-nio-8080-exec-9] INFO  c.t.b.n.c.NotificationController - GET /api/v1/notifications/specialist/17/unread-count
2026-05-26 02:00:08 [http-nio-8080-exec-9] DEBUG o.s.w.s.m.m.a.HttpEntityMethodProcessor - Using 'application/json', given [application/json, text/plain, */*] and supported [application/json, application/*+json, application/yaml]
2026-05-26 02:00:08 [http-nio-8080-exec-9] DEBUG o.s.w.s.m.m.a.HttpEntityMethodProcessor - Writing [com.takecare.backend.notification.dto.UnreadNotificationCountDto@73a826fb]
2026-05-26 02:00:08 [http-nio-8080-exec-9] DEBUG o.s.web.servlet.DispatcherServlet - Completed 200 OK
2026-05-26 02:00:08 [http-nio-8080-exec-10] DEBUG o.s.web.servlet.DispatcherServlet - GET "/api/v1/notifications/specialist/17/unread-count", parameters={}
2026-05-26 02:00:08 [http-nio-8080-exec-10] DEBUG o.s.w.s.m.m.a.RequestMappingHandlerMapping - Mapped to com.takecare.backend.notification.controller.NotificationController#unreadCount(Integer)
2026-05-26 02:00:08 [http-nio-8080-exec-10] INFO  c.t.b.n.c.NotificationController - GET /api/v1/notifications/specialist/17/unread-count
2026-05-26 02:00:10 [http-nio-8080-exec-10] DEBUG o.s.w.s.m.m.a.HttpEntityMethodProcessor - Using 'application/json', given [application/json, text/plain, */*] and supported [application/json, application/*+json, application/yaml]
2026-05-26 02:00:10 [http-nio-8080-exec-10] DEBUG o.s.w.s.m.m.a.HttpEntityMethodProcessor - Writing [com.takecare.backend.notification.dto.UnreadNotificationCountDto@73c74a25]
2026-05-26 02:00:10 [http-nio-8080-exec-10] DEBUG o.s.web.servlet.DispatcherServlet - Completed 200 OK
2026-05-26 02:00:10 [http-nio-8080-exec-1] DEBUG o.s.web.servlet.DispatcherServlet - GET "/api/v1/notifications/specialist/17/unread-count", parameters={}
2026-05-26 02:00:10 [http-nio-8080-exec-1] DEBUG o.s.w.s.m.m.a.RequestMappingHandlerMapping - Mapped to com.takecare.backend.notification.controller.NotificationController#unreadCount(Integer)
2026-05-26 02:00:10 [http-nio-8080-exec-1] INFO  c.t.b.n.c.NotificationController - GET /api/v1/notifications/specialist/17/unread-count
2026-05-26 02:00:13 [http-nio-8080-exec-1] DEBUG o.s.w.s.m.m.a.HttpEntityMethodProcessor - Using 'application/json', given [application/json, text/plain, */*] and supported [application/json, application/*+json, application/yaml]
2026-05-26 02:00:13 [http-nio-8080-exec-1] DEBUG o.s.w.s.m.m.a.HttpEntityMethodProcessor - Writing [com.takecare.backend.notification.dto.UnreadNotificationCountDto@207bf4c8]
2026-05-26 02:00:13 [http-nio-8080-exec-1] DEBUG o.s.web.servlet.DispatcherServlet - Completed 200 OK
2026-05-26 02:00:32 [http-nio-8080-exec-3] DEBUG o.s.web.servlet.DispatcherServlet - POST "/api/v1/auth/login", parameters={}
2026-05-26 02:00:32 [http-nio-8080-exec-3] DEBUG o.s.w.s.m.m.a.RequestMappingHandlerMapping - Mapped to com.takecare.backend.auth.controller.AuthController#login(LoginRequestDTO)
2026-05-26 02:00:32 [http-nio-8080-exec-3] DEBUG o.s.w.s.m.m.a.RequestResponseBodyMethodProcessor - Read "application/json;charset=UTF-8" to [com.takecare.backend.auth.DTO.LoginRequestDTO@5a08cde7]
2026-05-26 02:00:33 [http-nio-8080-exec-3] DEBUG o.s.w.s.m.m.a.HttpEntityMethodProcessor - Using 'application/json', given [application/json, text/plain, */*] and supported [application/json, application/*+json, application/yaml]
2026-05-26 02:00:33 [http-nio-8080-exec-3] DEBUG o.s.w.s.m.m.a.HttpEntityMethodProcessor - Writing [com.takecare.backend.auth.DTO.ApiResponseDTO@1bcfd721]
2026-05-26 02:00:33 [http-nio-8080-exec-3] DEBUG o.s.web.servlet.DispatcherServlet - Completed 200 OK
2026-05-26 02:00:43 [http-nio-8080-exec-4] DEBUG o.s.web.servlet.DispatcherServlet - GET "/api/v1/sessions/patient/13", parameters={}
2026-05-26 02:00:43 [http-nio-8080-exec-4] DEBUG o.s.w.s.m.m.a.RequestMappingHandlerMapping - Mapped to com.takecare.backend.session.controller.SessionController#listByPatient(Integer)
2026-05-26 02:00:43 [http-nio-8080-exec-4] INFO  c.t.b.s.controller.SessionController - GET sessions by patientId=13
2026-05-26 02:00:47 [http-nio-8080-exec-4] DEBUG o.s.w.s.m.m.a.HttpEntityMethodProcessor - Using 'application/json', given [application/json, text/plain, */*] and supported [application/json, application/*+json, application/yaml]
2026-05-26 02:00:47 [http-nio-8080-exec-4] DEBUG o.s.w.s.m.m.a.HttpEntityMethodProcessor - Writing [[com.takecare.backend.session.dto.SessionResponseDTO@6edb7fca]]
2026-05-26 02:00:47 [http-nio-8080-exec-4] DEBUG o.s.web.servlet.DispatcherServlet - Completed 200 OK
2026-05-26 02:07:50 [http-nio-8080-exec-9] DEBUG o.s.web.servlet.DispatcherServlet - POST "/api/v1/auth/login", parameters={}
2026-05-26 02:07:50 [http-nio-8080-exec-9] DEBUG o.s.w.s.m.m.a.RequestMappingHandlerMapping - Mapped to com.takecare.backend.auth.controller.AuthController#login(LoginRequestDTO)
2026-05-26 02:07:50 [http-nio-8080-exec-9] DEBUG o.s.w.s.m.m.a.RequestResponseBodyMethodProcessor - Read "application/json;charset=UTF-8" to [com.takecare.backend.auth.DTO.LoginRequestDTO@7c41252c]
2026-05-26 02:07:51 [http-nio-8080-exec-9] DEBUG o.s.w.s.m.m.a.HttpEntityMethodProcessor - Using 'application/json', given [application/json, text/plain, */*] and supported [application/json, application/*+json, application/yaml]
2026-05-26 02:07:51 [http-nio-8080-exec-9] DEBUG o.s.w.s.m.m.a.HttpEntityMethodProcessor - Writing [com.takecare.backend.auth.DTO.ApiResponseDTO@69b80dac]
2026-05-26 02:07:51 [http-nio-8080-exec-9] DEBUG o.s.web.servlet.DispatcherServlet - Completed 200 OK
2026-05-26 02:07:52 [http-nio-8080-exec-10] DEBUG o.s.web.servlet.DispatcherServlet - GET "/api/v1/notifications/specialist/17/unread-count", parameters={}
2026-05-26 02:07:52 [http-nio-8080-exec-10] DEBUG o.s.w.s.m.m.a.RequestMappingHandlerMapping - Mapped to com.takecare.backend.notification.controller.NotificationController#unreadCount(Integer)
2026-05-26 02:07:52 [http-nio-8080-exec-10] INFO  c.t.b.n.c.NotificationController - GET /api/v1/notifications/specialist/17/unread-count
2026-05-26 02:07:55 [http-nio-8080-exec-10] DEBUG o.s.w.s.m.m.a.HttpEntityMethodProcessor - Using 'application/json', given [application/json, text/plain, */*] and supported [application/json, application/*+json, application/yaml]
2026-05-26 02:07:55 [http-nio-8080-exec-10] DEBUG o.s.w.s.m.m.a.HttpEntityMethodProcessor - Writing [com.takecare.backend.notification.dto.UnreadNotificationCountDto@1af18232]
2026-05-26 02:07:55 [http-nio-8080-exec-10] DEBUG o.s.web.servlet.DispatcherServlet - Completed 200 OK
2026-05-26 02:07:55 [http-nio-8080-exec-1] DEBUG o.s.web.servlet.DispatcherServlet - GET "/api/v1/notifications/specialist/17/unread-count", parameters={}
2026-05-26 02:07:55 [http-nio-8080-exec-1] DEBUG o.s.w.s.m.m.a.RequestMappingHandlerMapping - Mapped to com.takecare.backend.notification.controller.NotificationController#unreadCount(Integer)
2026-05-26 02:07:55 [http-nio-8080-exec-1] INFO  c.t.b.n.c.NotificationController - GET /api/v1/notifications/specialist/17/unread-count
2026-05-26 02:07:55 [http-nio-8080-exec-2] DEBUG o.s.web.servlet.DispatcherServlet - GET "/api/v1/sessions/specialist/17", parameters={}
2026-05-26 02:07:55 [http-nio-8080-exec-2] DEBUG o.s.w.s.m.m.a.RequestMappingHandlerMapping - Mapped to com.takecare.backend.session.controller.SessionController#listBySpecialist(Integer)
2026-05-26 02:07:55 [http-nio-8080-exec-2] INFO  c.t.b.s.controller.SessionController - GET sessions by specialistId=17
2026-05-26 02:07:57 [http-nio-8080-exec-2] DEBUG o.s.w.s.m.m.a.HttpEntityMethodProcessor - Using 'application/json', given [application/json, text/plain, */*] and supported [application/json, application/*+json, application/yaml]
2026-05-26 02:07:57 [http-nio-8080-exec-2] DEBUG o.s.w.s.m.m.a.HttpEntityMethodProcessor - Writing [[com.takecare.backend.session.dto.SessionResponseDTO@4b547199]]
2026-05-26 02:07:57 [http-nio-8080-exec-2] DEBUG o.s.web.servlet.DispatcherServlet - Completed 200 OK
2026-05-26 02:07:57 [http-nio-8080-exec-5] DEBUG o.s.web.servlet.DispatcherServlet - GET "/api/v1/reports/session/15/specialist/17", parameters={}
2026-05-26 02:07:57 [http-nio-8080-exec-3] DEBUG o.s.web.servlet.DispatcherServlet - GET "/api/v1/sessions/15/patient-ratings", parameters={}
2026-05-26 02:07:57 [http-nio-8080-exec-3] DEBUG o.s.w.s.m.m.a.RequestMappingHandlerMapping - Mapped to com.takecare.backend.calification.controller.CalificationController#getPatientRating(Integer)
2026-05-26 02:07:57 [http-nio-8080-exec-5] DEBUG o.s.w.s.m.m.a.RequestMappingHandlerMapping - Mapped to com.takecare.backend.report.controller.ReportController#getReportBySession(Integer, Integer)
2026-05-26 02:07:57 [http-nio-8080-exec-5] INFO  c.t.b.r.controller.ReportController - GET /reports/session/15/specialist/17
2026-05-26 02:07:57 [http-nio-8080-exec-3] INFO  c.t.b.c.c.CalificationController - GET /api/v1/sessions/15/patient-ratings
2026-05-26 02:07:58 [http-nio-8080-exec-1] DEBUG o.s.w.s.m.m.a.HttpEntityMethodProcessor - Using 'application/json', given [application/json, text/plain, */*] and supported [application/json, application/*+json, application/yaml]
2026-05-26 02:07:58 [http-nio-8080-exec-1] DEBUG o.s.w.s.m.m.a.HttpEntityMethodProcessor - Writing [com.takecare.backend.notification.dto.UnreadNotificationCountDto@6aebb624]
2026-05-26 02:07:58 [http-nio-8080-exec-1] DEBUG o.s.web.servlet.DispatcherServlet - Completed 200 OK
2026-05-26 02:07:59 [http-nio-8080-exec-5] ERROR c.t.b.report.service.ReportService - Error fetching report for sessionId=15 specialistId=17
java.util.NoSuchElementException: Reporte no encontrado
	at com.takecare.backend.report.service.ReportService.lambda$getReportBySession$3(ReportService.java:240)
	at java.base/java.util.Optional.orElseThrow(Optional.java:403)
	at com.takecare.backend.report.service.ReportService.getReportBySession(ReportService.java:240)
	at java.base/jdk.internal.reflect.NativeMethodAccessorImpl.invoke0(Native Method)
	at java.base/jdk.internal.reflect.NativeMethodAccessorImpl.invoke(NativeMethodAccessorImpl.java:77)
	at java.base/jdk.internal.reflect.DelegatingMethodAccessorImpl.invoke(DelegatingMethodAccessorImpl.java:43)
	at java.base/java.lang.reflect.Method.invoke(Method.java:569)
	at org.springframework.aop.support.AopUtils.invokeJoinpointUsingReflection(AopUtils.java:360)
	at org.springframework.aop.framework.ReflectiveMethodInvocation.invokeJoinpoint(ReflectiveMethodInvocation.java:196)
	at org.springframework.aop.framework.ReflectiveMethodInvocation.proceed(ReflectiveMethodInvocation.java:163)
	at org.springframework.transaction.interceptor.TransactionAspectSupport.invokeWithinTransaction(TransactionAspectSupport.java:380)
	at org.springframework.transaction.interceptor.TransactionInterceptor.invoke(TransactionInterceptor.java:119)
	at org.springframework.aop.framework.ReflectiveMethodInvocation.proceed(ReflectiveMethodInvocation.java:184)
	at org.springframework.aop.framework.CglibAopProxy$DynamicAdvisedInterceptor.intercept(CglibAopProxy.java:728)
	at com.takecare.backend.report.service.ReportService$$SpringCGLIB$$0.getReportBySession(<generated>)
	at com.takecare.backend.report.controller.ReportController.getReportBySession(ReportController.java:131)
	at java.base/jdk.internal.reflect.NativeMethodAccessorImpl.invoke0(Native Method)
	at java.base/jdk.internal.reflect.NativeMethodAccessorImpl.invoke(NativeMethodAccessorImpl.java:77)
	at java.base/jdk.internal.reflect.DelegatingMethodAccessorImpl.invoke(DelegatingMethodAccessorImpl.java:43)
	at java.base/java.lang.reflect.Method.invoke(Method.java:569)
	at org.springframework.web.method.support.InvocableHandlerMethod.doInvoke(InvocableHandlerMethod.java:258)
	at org.springframework.web.method.support.InvocableHandlerMethod.invokeForRequest(InvocableHandlerMethod.java:191)
	at org.springframework.web.servlet.mvc.method.annotation.ServletInvocableHandlerMethod.invokeAndHandle(ServletInvocableHandlerMethod.java:118)
	at org.springframework.web.servlet.mvc.method.annotation.RequestMappingHandlerAdapter.invokeHandlerMethod(RequestMappingHandlerAdapter.java:991)
	at org.springframework.web.servlet.mvc.method.annotation.RequestMappingHandlerAdapter.handleInternal(RequestMappingHandlerAdapter.java:896)
	at org.springframework.web.servlet.mvc.method.AbstractHandlerMethodAdapter.handle(AbstractHandlerMethodAdapter.java:87)
	at org.springframework.web.servlet.DispatcherServlet.doDispatch(DispatcherServlet.java:1089)
	at org.springframework.web.servlet.DispatcherServlet.doService(DispatcherServlet.java:979)
	at org.springframework.web.servlet.FrameworkServlet.processRequest(FrameworkServlet.java:1014)
	at org.springframework.web.servlet.FrameworkServlet.doGet(FrameworkServlet.java:903)
	at jakarta.servlet.http.HttpServlet.service(HttpServlet.java:564)
	at org.springframework.web.servlet.FrameworkServlet.service(FrameworkServlet.java:885)
	at jakarta.servlet.http.HttpServlet.service(HttpServlet.java:658)
	at org.apache.catalina.core.ApplicationFilterChain.internalDoFilter(ApplicationFilterChain.java:193)
	at org.apache.catalina.core.ApplicationFilterChain.doFilter(ApplicationFilterChain.java:138)
	at org.apache.tomcat.websocket.server.WsFilter.doFilter(WsFilter.java:51)
	at org.apache.catalina.core.ApplicationFilterChain.internalDoFilter(ApplicationFilterChain.java:162)
	at org.apache.catalina.core.ApplicationFilterChain.doFilter(ApplicationFilterChain.java:138)
	at org.springframework.web.filter.CompositeFilter$VirtualFilterChain.doFilter(CompositeFilter.java:108)
	at org.springframework.web.filter.CompositeFilter$VirtualFilterChain.doFilter(CompositeFilter.java:108)
	at org.springframework.security.web.FilterChainProxy.lambda$doFilterInternal$3(FilterChainProxy.java:231)
	at org.springframework.security.web.FilterChainProxy$VirtualFilterChain.doFilter(FilterChainProxy.java:365)
	at org.springframework.security.web.access.intercept.AuthorizationFilter.doFilter(AuthorizationFilter.java:101)
	at org.springframework.security.web.FilterChainProxy$VirtualFilterChain.doFilter(FilterChainProxy.java:374)
	at org.springframework.security.web.access.ExceptionTranslationFilter.doFilter(ExceptionTranslationFilter.java:125)
	at org.springframework.security.web.access.ExceptionTranslationFilter.doFilter(ExceptionTranslationFilter.java:119)
	at org.springframework.security.web.FilterChainProxy$VirtualFilterChain.doFilter(FilterChainProxy.java:374)
	at org.springframework.security.web.authentication.AnonymousAuthenticationFilter.doFilter(AnonymousAuthenticationFilter.java:100)
	at org.springframework.security.web.FilterChainProxy$VirtualFilterChain.doFilter(FilterChainProxy.java:374)
	at org.springframework.security.web.servletapi.SecurityContextHolderAwareRequestFilter.doFilter(SecurityContextHolderAwareRequestFilter.java:179)
	at org.springframework.security.web.FilterChainProxy$VirtualFilterChain.doFilter(FilterChainProxy.java:374)
	at org.springframework.security.web.savedrequest.RequestCacheAwareFilter.doFilter(RequestCacheAwareFilter.java:63)
	at org.springframework.security.web.FilterChainProxy$VirtualFilterChain.doFilter(FilterChainProxy.java:374)
	at org.springframework.security.web.authentication.logout.LogoutFilter.doFilter(LogoutFilter.java:107)
	at org.springframework.security.web.authentication.logout.LogoutFilter.doFilter(LogoutFilter.java:93)
	at org.springframework.security.web.FilterChainProxy$VirtualFilterChain.doFilter(FilterChainProxy.java:374)
	at org.springframework.web.filter.CorsFilter.doFilterInternal(CorsFilter.java:91)
	at org.springframework.web.filter.OncePerRequestFilter.doFilter(OncePerRequestFilter.java:116)
	at org.springframework.security.web.FilterChainProxy$VirtualFilterChain.doFilter(FilterChainProxy.java:374)
	at org.springframework.security.web.header.HeaderWriterFilter.doHeadersAfter(HeaderWriterFilter.java:90)
	at org.springframework.security.web.header.HeaderWriterFilter.doFilterInternal(HeaderWriterFilter.java:75)
	at org.springframework.web.filter.OncePerRequestFilter.doFilter(OncePerRequestFilter.java:116)
	at org.springframework.security.web.FilterChainProxy$VirtualFilterChain.doFilter(FilterChainProxy.java:374)
	at org.springframework.security.web.context.SecurityContextHolderFilter.doFilter(SecurityContextHolderFilter.java:82)
	at org.springframework.security.web.context.SecurityContextHolderFilter.doFilter(SecurityContextHolderFilter.java:69)
	at org.springframework.security.web.FilterChainProxy$VirtualFilterChain.doFilter(FilterChainProxy.java:374)
	at org.springframework.security.web.context.request.async.WebAsyncManagerIntegrationFilter.doFilterInternal(WebAsyncManagerIntegrationFilter.java:62)
	at org.springframework.web.filter.OncePerRequestFilter.doFilter(OncePerRequestFilter.java:116)
	at org.springframework.security.web.FilterChainProxy$VirtualFilterChain.doFilter(FilterChainProxy.java:374)
	at org.springframework.security.web.session.DisableEncodeUrlFilter.doFilterInternal(DisableEncodeUrlFilter.java:42)
	at org.springframework.web.filter.OncePerRequestFilter.doFilter(OncePerRequestFilter.java:116)
	at org.springframework.security.web.FilterChainProxy$VirtualFilterChain.doFilter(FilterChainProxy.java:374)
	at org.springframework.security.web.FilterChainProxy.doFilterInternal(FilterChainProxy.java:233)
	at org.springframework.security.web.FilterChainProxy.doFilter(FilterChainProxy.java:191)
	at org.springframework.web.filter.CompositeFilter$VirtualFilterChain.doFilter(CompositeFilter.java:113)
	at org.springframework.web.filter.ServletRequestPathFilter.doFilter(ServletRequestPathFilter.java:52)
	at org.springframework.web.filter.CompositeFilter$VirtualFilterChain.doFilter(CompositeFilter.java:113)
	at org.springframework.web.filter.CompositeFilter.doFilter(CompositeFilter.java:74)
	at org.springframework.security.config.annotation.web.configuration.WebSecurityConfiguration$CompositeFilterChainProxy.doFilter(WebSecurityConfiguration.java:319)
	at org.springframework.web.filter.CompositeFilter$VirtualFilterChain.doFilter(CompositeFilter.java:113)
	at org.springframework.web.servlet.handler.HandlerMappingIntrospector.lambda$createCacheFilter$4(HandlerMappingIntrospector.java:267)
	at org.springframework.web.filter.CompositeFilter$VirtualFilterChain.doFilter(CompositeFilter.java:113)
	at org.springframework.web.filter.CompositeFilter.doFilter(CompositeFilter.java:74)
	at org.springframework.security.config.annotation.web.configuration.WebMvcSecurityConfiguration$CompositeFilterChainProxy.doFilter(WebMvcSecurityConfiguration.java:240)
	at org.springframework.web.filter.DelegatingFilterProxy.invokeDelegate(DelegatingFilterProxy.java:362)
	at org.springframework.web.filter.DelegatingFilterProxy.doFilter(DelegatingFilterProxy.java:278)
	at org.apache.catalina.core.ApplicationFilterChain.internalDoFilter(ApplicationFilterChain.java:162)
	at org.apache.catalina.core.ApplicationFilterChain.doFilter(ApplicationFilterChain.java:138)
	at org.springframework.web.filter.RequestContextFilter.doFilterInternal(RequestContextFilter.java:100)
	at org.springframework.web.filter.OncePerRequestFilter.doFilter(OncePerRequestFilter.java:116)
	at org.apache.catalina.core.ApplicationFilterChain.internalDoFilter(ApplicationFilterChain.java:162)
	at org.apache.catalina.core.ApplicationFilterChain.doFilter(ApplicationFilterChain.java:138)
	at org.springframework.web.filter.FormContentFilter.doFilterInternal(FormContentFilter.java:93)
	at org.springframework.web.filter.OncePerRequestFilter.doFilter(OncePerRequestFilter.java:116)
	at org.apache.catalina.core.ApplicationFilterChain.internalDoFilter(ApplicationFilterChain.java:162)
	at org.apache.catalina.core.ApplicationFilterChain.doFilter(ApplicationFilterChain.java:138)
	at org.springframework.web.filter.CharacterEncodingFilter.doFilterInternal(CharacterEncodingFilter.java:201)
	at org.springframework.web.filter.OncePerRequestFilter.doFilter(OncePerRequestFilter.java:116)
	at org.apache.catalina.core.ApplicationFilterChain.internalDoFilter(ApplicationFilterChain.java:162)
	at org.apache.catalina.core.ApplicationFilterChain.doFilter(ApplicationFilterChain.java:138)
	at org.apache.catalina.core.StandardWrapperValve.invoke(StandardWrapperValve.java:165)
	at org.apache.catalina.core.StandardContextValve.invoke(StandardContextValve.java:88)
	at org.apache.catalina.authenticator.AuthenticatorBase.invoke(AuthenticatorBase.java:492)
	at org.apache.catalina.core.StandardHostValve.invoke(StandardHostValve.java:113)
	at org.apache.catalina.valves.ErrorReportValve.invoke(ErrorReportValve.java:83)
	at org.apache.catalina.core.StandardEngineValve.invoke(StandardEngineValve.java:72)
	at org.apache.catalina.connector.CoyoteAdapter.service(CoyoteAdapter.java:342)
	at org.apache.coyote.http11.Http11Processor.service(Http11Processor.java:399)
	at org.apache.coyote.AbstractProcessorLight.process(AbstractProcessorLight.java:63)
	at org.apache.coyote.AbstractProtocol$ConnectionHandler.process(AbstractProtocol.java:903)
	at org.apache.tomcat.util.net.NioEndpoint$SocketProcessor.doRun(NioEndpoint.java:1775)
	at org.apache.tomcat.util.net.SocketProcessorBase.run(SocketProcessorBase.java:52)
	at org.apache.tomcat.util.threads.ThreadPoolExecutor.runWorker(ThreadPoolExecutor.java:973)
	at org.apache.tomcat.util.threads.ThreadPoolExecutor$Worker.run(ThreadPoolExecutor.java:491)
	at org.apache.tomcat.util.threads.TaskThread$WrappingRunnable.run(TaskThread.java:63)
	at java.base/java.lang.Thread.run(Thread.java:840)
2026-05-26 02:07:59 [http-nio-8080-exec-3] INFO  c.t.b.c.service.CalificationService - Get specialist rating. sessionId=15, specialistId=17, patientId=13
2026-05-26 02:07:59 [http-nio-8080-exec-3] WARN  c.t.b.c.service.CalificationService - Get specialist rating failed. sessionId=15, error=Calificación no encontrada
2026-05-26 02:08:00 [http-nio-8080-exec-5] WARN  c.t.b.r.controller.ReportController - GET /reports/session/specialist - not found: Reporte no encontrado
2026-05-26 02:08:00 [http-nio-8080-exec-5] DEBUG o.s.w.s.m.m.a.HttpEntityMethodProcessor - Using 'application/json', given [application/json, text/plain, */*] and supported [application/json, application/*+json, application/yaml]
2026-05-26 02:08:00 [http-nio-8080-exec-5] DEBUG o.s.w.s.m.m.a.HttpEntityMethodProcessor - Writing [{message=Reporte no encontrado}]
2026-05-26 02:08:00 [http-nio-8080-exec-5] DEBUG o.s.web.servlet.DispatcherServlet - Completed 404 NOT_FOUND
2026-05-26 02:08:01 [http-nio-8080-exec-3] WARN  c.t.b.c.c.CalificationController - GET patient rating - not found: Calificación no encontrada
2026-05-26 02:08:01 [http-nio-8080-exec-3] DEBUG o.s.w.s.m.m.a.HttpEntityMethodProcessor - Using 'application/json', given [application/json, text/plain, */*] and supported [application/json, application/*+json, application/yaml]
2026-05-26 02:08:01 [http-nio-8080-exec-3] DEBUG o.s.w.s.m.m.a.HttpEntityMethodProcessor - Writing [{message=Calificación no encontrada}]
2026-05-26 02:08:01 [http-nio-8080-exec-3] DEBUG o.s.web.servlet.DispatcherServlet - Completed 404 NOT_FOUND
2026-05-26 02:18:09 [Thread-5] DEBUG org.springframework.web.SimpLogging - clientOutboundChannel removed SubProtocolWebSocketHandler[StompSubProtocolHandler[v10.stomp, v11.stomp, v12.stomp]]
2026-05-26 02:18:09 [Thread-5] DEBUG org.springframework.web.SimpLogging - clientInboundChannel removed WebSocketAnnotationMethodMessageHandler[prefixes=[/app/]]
2026-05-26 02:18:09 [Thread-5] INFO  org.springframework.web.SimpLogging - Stopping...
2026-05-26 02:18:09 [Thread-5] INFO  org.springframework.web.SimpLogging - BrokerAvailabilityEvent[available=false, SimpleBrokerMessageHandler [org.springframework.messaging.simp.broker.DefaultSubscriptionRegistry@748fec0b]]
2026-05-26 02:18:09 [Thread-5] DEBUG org.springframework.web.SimpLogging - clientInboundChannel removed SimpleBrokerMessageHandler [org.springframework.messaging.simp.broker.DefaultSubscriptionRegistry@748fec0b]
2026-05-26 02:18:09 [Thread-5] DEBUG org.springframework.web.SimpLogging - brokerChannel removed SimpleBrokerMessageHandler [org.springframework.messaging.simp.broker.DefaultSubscriptionRegistry@748fec0b]
2026-05-26 02:18:09 [Thread-5] INFO  org.springframework.web.SimpLogging - Stopped.
2026-05-26 02:18:09 [Thread-5] DEBUG org.springframework.web.SimpLogging - clientInboundChannel removed UserDestinationMessageHandler[DefaultUserDestinationResolver[prefix=/user/]]
2026-05-26 02:18:09 [Thread-5] DEBUG org.springframework.web.SimpLogging - brokerChannel removed UserDestinationMessageHandler[DefaultUserDestinationResolver[prefix=/user/]]
2026-05-26 02:18:10 [restartedMain] INFO  c.t.backend.TakeCareApplication - Starting TakeCareApplication using Java 17.0.18 with PID 1116 (C:\Users\usser\Desktop\Uni\TallerSISINFO\takecare\backend\target\classes started by usser in C:\Users\usser\Desktop\Uni\TallerSISINFO\takecare\backend)
2026-05-26 02:18:10 [restartedMain] INFO  c.t.backend.TakeCareApplication - No active profile set, falling back to 1 default profile: "default"
2026-05-26 02:18:37 [restartedMain] INFO  c.t.b.s.s.OrientationMaterialService - Orientation materials storage ready at: C:\Users\usser\Desktop\Uni\TallerSISINFO\takecare\backend\uploads\orientation-materials
2026-05-26 02:18:37 [restartedMain] INFO  c.t.b.u.s.ClinicalDocumentService - Clinical docs storage ready at: C:\Users\usser\Desktop\Uni\TallerSISINFO\takecare\backend\uploads\clinical-docs
2026-05-26 02:18:37 [restartedMain] WARN  o.s.b.a.o.j.JpaBaseConfiguration$JpaWebConfiguration - spring.jpa.open-in-view is enabled by default. Therefore, database queries may be performed during view rendering. Explicitly configure spring.jpa.open-in-view to disable this warning
2026-05-26 02:18:37 [restartedMain] DEBUG o.s.w.s.s.s.WebSocketHandlerMapping - Patterns [/ws-takecare/**] in 'stompWebSocketHandlerMapping'
2026-05-26 02:18:37 [restartedMain] DEBUG o.s.w.s.m.m.a.RequestMappingHandlerMapping - 83 mappings in 'requestMappingHandlerMapping'
2026-05-26 02:18:37 [restartedMain] DEBUG o.s.w.s.h.SimpleUrlHandlerMapping - Patterns [/webjars/**, /**, /swagger-ui*/*swagger-initializer.js, /swagger-ui*/**] in 'resourceHandlerMapping'
2026-05-26 02:18:37 [restartedMain] WARN  o.s.b.a.s.s.UserDetailsServiceAutoConfiguration - 

Using generated security password: e73856cd-8c44-45b4-86de-de6997237ec0

This generated password is for development use only. Your security configuration must be updated before running your application in production.

2026-05-26 02:18:37 [restartedMain] DEBUG o.s.w.s.m.WebSocketAnnotationMethodMessageHandler - 
	c.t.b.a.c.AuthController:
	
2026-05-26 02:18:37 [restartedMain] DEBUG o.s.w.s.m.WebSocketAnnotationMethodMessageHandler - 
	c.t.b.c.c.CalificationController:
	
2026-05-26 02:18:37 [restartedMain] DEBUG o.s.w.s.m.WebSocketAnnotationMethodMessageHandler - 
	c.t.b.n.c.NotificationController:
	
2026-05-26 02:18:37 [restartedMain] DEBUG o.s.w.s.m.WebSocketAnnotationMethodMessageHandler - 
	c.t.b.r.c.ReportController:
	
2026-05-26 02:18:37 [restartedMain] DEBUG o.s.w.s.m.WebSocketAnnotationMethodMessageHandler - 
	c.t.b.s.c.SessionController:
	
2026-05-26 02:18:37 [restartedMain] DEBUG o.s.w.s.m.WebSocketAnnotationMethodMessageHandler - 
	c.t.b.s.c.TestController:
	
2026-05-26 02:18:37 [restartedMain] DEBUG o.s.w.s.m.WebSocketAnnotationMethodMessageHandler - 
	c.t.b.s.c.SpecialistScheduleController:
	
2026-05-26 02:18:37 [restartedMain] DEBUG o.s.w.s.m.WebSocketAnnotationMethodMessageHandler - 
	c.t.b.s.c.OrientationMaterialController:
	
2026-05-26 02:18:37 [restartedMain] DEBUG o.s.w.s.m.WebSocketAnnotationMethodMessageHandler - 
	c.t.b.s.c.SupportMaterialController:
	
2026-05-26 02:18:37 [restartedMain] DEBUG o.s.w.s.m.WebSocketAnnotationMethodMessageHandler - 
	c.t.b.u.c.AdminController:
	
2026-05-26 02:18:37 [restartedMain] DEBUG o.s.w.s.m.WebSocketAnnotationMethodMessageHandler - 
	c.t.b.u.c.ClinicalDocumentController:
	
2026-05-26 02:18:37 [restartedMain] DEBUG o.s.w.s.m.WebSocketAnnotationMethodMessageHandler - 
	c.t.b.u.c.PatientController:
	
2026-05-26 02:18:37 [restartedMain] DEBUG o.s.w.s.m.WebSocketAnnotationMethodMessageHandler - 
	c.t.b.u.c.SpecialistController:
	
2026-05-26 02:18:37 [restartedMain] DEBUG o.s.w.s.m.WebSocketAnnotationMethodMessageHandler - 
	c.t.b.u.c.UserController:
	
2026-05-26 02:18:37 [restartedMain] DEBUG o.s.w.s.m.WebSocketAnnotationMethodMessageHandler - 
	c.t.b.u.c.UserProfileController:
	
2026-05-26 02:18:37 [restartedMain] DEBUG o.s.w.s.m.WebSocketAnnotationMethodMessageHandler - 
	o.s.b.a.w.s.e.BasicErrorController:
	
2026-05-26 02:18:37 [restartedMain] DEBUG o.s.w.s.m.WebSocketAnnotationMethodMessageHandler - 
	o.s.w.a.OpenApiWebMvcResource:
	
2026-05-26 02:18:37 [restartedMain] DEBUG o.s.w.s.m.WebSocketAnnotationMethodMessageHandler - 
	o.s.w.u.SwaggerWelcomeWebMvc:
	
2026-05-26 02:18:37 [restartedMain] DEBUG o.s.w.s.m.WebSocketAnnotationMethodMessageHandler - 
	o.s.w.u.SwaggerConfigResource:
	
2026-05-26 02:18:37 [restartedMain] DEBUG o.s.w.s.m.m.a.RequestMappingHandlerAdapter - ControllerAdvice beans: 0 @ModelAttribute, 0 @InitBinder, 1 RequestBodyAdvice, 1 ResponseBodyAdvice
2026-05-26 02:18:37 [restartedMain] DEBUG o.s.w.s.m.m.a.ExceptionHandlerExceptionResolver - ControllerAdvice beans: 1 @ExceptionHandler, 1 ResponseBodyAdvice
2026-05-26 02:18:37 [restartedMain] DEBUG org.springframework.web.SimpLogging - clientOutboundChannel added SubProtocolWebSocketHandler[StompSubProtocolHandler[v10.stomp, v11.stomp, v12.stomp]]
2026-05-26 02:18:37 [restartedMain] DEBUG org.springframework.web.SimpLogging - clientInboundChannel added WebSocketAnnotationMethodMessageHandler[prefixes=[/app/]]
2026-05-26 02:18:37 [restartedMain] INFO  org.springframework.web.SimpLogging - Starting...
2026-05-26 02:18:37 [restartedMain] DEBUG org.springframework.web.SimpLogging - clientInboundChannel added SimpleBrokerMessageHandler [org.springframework.messaging.simp.broker.DefaultSubscriptionRegistry@3226e897]
2026-05-26 02:18:37 [restartedMain] DEBUG org.springframework.web.SimpLogging - brokerChannel added SimpleBrokerMessageHandler [org.springframework.messaging.simp.broker.DefaultSubscriptionRegistry@3226e897]
2026-05-26 02:18:37 [restartedMain] INFO  org.springframework.web.SimpLogging - BrokerAvailabilityEvent[available=true, SimpleBrokerMessageHandler [org.springframework.messaging.simp.broker.DefaultSubscriptionRegistry@3226e897]]
2026-05-26 02:18:37 [restartedMain] INFO  org.springframework.web.SimpLogging - Started.
2026-05-26 02:18:37 [restartedMain] DEBUG org.springframework.web.SimpLogging - clientInboundChannel added UserDestinationMessageHandler[DefaultUserDestinationResolver[prefix=/user/]]
2026-05-26 02:18:37 [restartedMain] DEBUG org.springframework.web.SimpLogging - brokerChannel added UserDestinationMessageHandler[DefaultUserDestinationResolver[prefix=/user/]]
2026-05-26 02:18:37 [restartedMain] INFO  c.t.backend.TakeCareApplication - Started TakeCareApplication in 27.716 seconds (process running for 1340.087)
2026-05-26 02:18:39 [Thread-7] DEBUG org.springframework.web.SimpLogging - clientOutboundChannel removed SubProtocolWebSocketHandler[StompSubProtocolHandler[v10.stomp, v11.stomp, v12.stomp]]
2026-05-26 02:18:39 [Thread-7] DEBUG org.springframework.web.SimpLogging - clientInboundChannel removed WebSocketAnnotationMethodMessageHandler[prefixes=[/app/]]
2026-05-26 02:18:39 [Thread-7] INFO  org.springframework.web.SimpLogging - Stopping...
2026-05-26 02:18:39 [Thread-7] INFO  org.springframework.web.SimpLogging - BrokerAvailabilityEvent[available=false, SimpleBrokerMessageHandler [org.springframework.messaging.simp.broker.DefaultSubscriptionRegistry@3226e897]]
2026-05-26 02:18:39 [Thread-7] DEBUG org.springframework.web.SimpLogging - clientInboundChannel removed SimpleBrokerMessageHandler [org.springframework.messaging.simp.broker.DefaultSubscriptionRegistry@3226e897]
2026-05-26 02:18:39 [Thread-7] DEBUG org.springframework.web.SimpLogging - brokerChannel removed SimpleBrokerMessageHandler [org.springframework.messaging.simp.broker.DefaultSubscriptionRegistry@3226e897]
2026-05-26 02:18:39 [Thread-7] INFO  org.springframework.web.SimpLogging - Stopped.
2026-05-26 02:18:39 [Thread-7] DEBUG org.springframework.web.SimpLogging - clientInboundChannel removed UserDestinationMessageHandler[DefaultUserDestinationResolver[prefix=/user/]]
2026-05-26 02:18:39 [Thread-7] DEBUG org.springframework.web.SimpLogging - brokerChannel removed UserDestinationMessageHandler[DefaultUserDestinationResolver[prefix=/user/]]
2026-05-26 02:18:40 [restartedMain] INFO  c.t.backend.TakeCareApplication - Starting TakeCareApplication using Java 17.0.18 with PID 1116 (C:\Users\usser\Desktop\Uni\TallerSISINFO\takecare\backend\target\classes started by usser in C:\Users\usser\Desktop\Uni\TallerSISINFO\takecare\backend)
2026-05-26 02:18:40 [restartedMain] INFO  c.t.backend.TakeCareApplication - No active profile set, falling back to 1 default profile: "default"
2026-05-26 02:19:05 [restartedMain] INFO  c.t.b.s.s.OrientationMaterialService - Orientation materials storage ready at: C:\Users\usser\Desktop\Uni\TallerSISINFO\takecare\backend\uploads\orientation-materials
2026-05-26 02:19:05 [restartedMain] INFO  c.t.b.u.s.ClinicalDocumentService - Clinical docs storage ready at: C:\Users\usser\Desktop\Uni\TallerSISINFO\takecare\backend\uploads\clinical-docs
2026-05-26 02:19:05 [restartedMain] WARN  o.s.b.a.o.j.JpaBaseConfiguration$JpaWebConfiguration - spring.jpa.open-in-view is enabled by default. Therefore, database queries may be performed during view rendering. Explicitly configure spring.jpa.open-in-view to disable this warning
2026-05-26 02:19:05 [restartedMain] DEBUG o.s.w.s.s.s.WebSocketHandlerMapping - Patterns [/ws-takecare/**] in 'stompWebSocketHandlerMapping'
2026-05-26 02:19:06 [restartedMain] DEBUG o.s.w.s.m.m.a.RequestMappingHandlerMapping - 83 mappings in 'requestMappingHandlerMapping'
2026-05-26 02:19:06 [restartedMain] DEBUG o.s.w.s.h.SimpleUrlHandlerMapping - Patterns [/webjars/**, /**, /swagger-ui*/*swagger-initializer.js, /swagger-ui*/**] in 'resourceHandlerMapping'
2026-05-26 02:19:06 [restartedMain] WARN  o.s.b.a.s.s.UserDetailsServiceAutoConfiguration - 

Using generated security password: 59ea6ce6-d8ee-4575-89a6-8a2a7787eb53

This generated password is for development use only. Your security configuration must be updated before running your application in production.

2026-05-26 02:19:06 [restartedMain] DEBUG o.s.w.s.m.WebSocketAnnotationMethodMessageHandler - 
	c.t.b.a.c.AuthController:
	
2026-05-26 02:19:06 [restartedMain] DEBUG o.s.w.s.m.WebSocketAnnotationMethodMessageHandler - 
	c.t.b.c.c.CalificationController:
	
2026-05-26 02:19:06 [restartedMain] DEBUG o.s.w.s.m.WebSocketAnnotationMethodMessageHandler - 
	c.t.b.n.c.NotificationController:
	
2026-05-26 02:19:06 [restartedMain] DEBUG o.s.w.s.m.WebSocketAnnotationMethodMessageHandler - 
	c.t.b.r.c.ReportController:
	
2026-05-26 02:19:06 [restartedMain] DEBUG o.s.w.s.m.WebSocketAnnotationMethodMessageHandler - 
	c.t.b.s.c.SessionController:
	
2026-05-26 02:19:06 [restartedMain] DEBUG o.s.w.s.m.WebSocketAnnotationMethodMessageHandler - 
	c.t.b.s.c.TestController:
	
2026-05-26 02:19:06 [restartedMain] DEBUG o.s.w.s.m.WebSocketAnnotationMethodMessageHandler - 
	c.t.b.s.c.SpecialistScheduleController:
	
2026-05-26 02:19:06 [restartedMain] DEBUG o.s.w.s.m.WebSocketAnnotationMethodMessageHandler - 
	c.t.b.s.c.OrientationMaterialController:
	
2026-05-26 02:19:06 [restartedMain] DEBUG o.s.w.s.m.WebSocketAnnotationMethodMessageHandler - 
	c.t.b.s.c.SupportMaterialController:
	
2026-05-26 02:19:06 [restartedMain] DEBUG o.s.w.s.m.WebSocketAnnotationMethodMessageHandler - 
	c.t.b.u.c.AdminController:
	
2026-05-26 02:19:06 [restartedMain] DEBUG o.s.w.s.m.WebSocketAnnotationMethodMessageHandler - 
	c.t.b.u.c.ClinicalDocumentController:
	
2026-05-26 02:19:06 [restartedMain] DEBUG o.s.w.s.m.WebSocketAnnotationMethodMessageHandler - 
	c.t.b.u.c.PatientController:
	
2026-05-26 02:19:06 [restartedMain] DEBUG o.s.w.s.m.WebSocketAnnotationMethodMessageHandler - 
	c.t.b.u.c.SpecialistController:
	
2026-05-26 02:19:06 [restartedMain] DEBUG o.s.w.s.m.WebSocketAnnotationMethodMessageHandler - 
	c.t.b.u.c.UserController:
	
2026-05-26 02:19:06 [restartedMain] DEBUG o.s.w.s.m.WebSocketAnnotationMethodMessageHandler - 
	c.t.b.u.c.UserProfileController:
	
2026-05-26 02:19:06 [restartedMain] DEBUG o.s.w.s.m.WebSocketAnnotationMethodMessageHandler - 
	o.s.b.a.w.s.e.BasicErrorController:
	
2026-05-26 02:19:06 [restartedMain] DEBUG o.s.w.s.m.WebSocketAnnotationMethodMessageHandler - 
	o.s.w.a.OpenApiWebMvcResource:
	
2026-05-26 02:19:06 [restartedMain] DEBUG o.s.w.s.m.WebSocketAnnotationMethodMessageHandler - 
	o.s.w.u.SwaggerWelcomeWebMvc:
	
2026-05-26 02:19:06 [restartedMain] DEBUG o.s.w.s.m.WebSocketAnnotationMethodMessageHandler - 
	o.s.w.u.SwaggerConfigResource:
	
2026-05-26 02:19:06 [restartedMain] DEBUG o.s.w.s.m.m.a.RequestMappingHandlerAdapter - ControllerAdvice beans: 0 @ModelAttribute, 0 @InitBinder, 1 RequestBodyAdvice, 1 ResponseBodyAdvice
2026-05-26 02:19:06 [restartedMain] DEBUG o.s.w.s.m.m.a.ExceptionHandlerExceptionResolver - ControllerAdvice beans: 1 @ExceptionHandler, 1 ResponseBodyAdvice
2026-05-26 02:19:06 [restartedMain] DEBUG org.springframework.web.SimpLogging - clientOutboundChannel added SubProtocolWebSocketHandler[StompSubProtocolHandler[v10.stomp, v11.stomp, v12.stomp]]
2026-05-26 02:19:06 [restartedMain] DEBUG org.springframework.web.SimpLogging - clientInboundChannel added WebSocketAnnotationMethodMessageHandler[prefixes=[/app/]]
2026-05-26 02:19:06 [restartedMain] INFO  org.springframework.web.SimpLogging - Starting...
2026-05-26 02:19:06 [restartedMain] DEBUG org.springframework.web.SimpLogging - clientInboundChannel added SimpleBrokerMessageHandler [org.springframework.messaging.simp.broker.DefaultSubscriptionRegistry@4f0c5b3a]
2026-05-26 02:19:06 [restartedMain] DEBUG org.springframework.web.SimpLogging - brokerChannel added SimpleBrokerMessageHandler [org.springframework.messaging.simp.broker.DefaultSubscriptionRegistry@4f0c5b3a]
2026-05-26 02:19:06 [restartedMain] INFO  org.springframework.web.SimpLogging - BrokerAvailabilityEvent[available=true, SimpleBrokerMessageHandler [org.springframework.messaging.simp.broker.DefaultSubscriptionRegistry@4f0c5b3a]]
2026-05-26 02:19:06 [restartedMain] INFO  org.springframework.web.SimpLogging - Started.
2026-05-26 02:19:06 [restartedMain] DEBUG org.springframework.web.SimpLogging - clientInboundChannel added UserDestinationMessageHandler[DefaultUserDestinationResolver[prefix=/user/]]
2026-05-26 02:19:06 [restartedMain] DEBUG org.springframework.web.SimpLogging - brokerChannel added UserDestinationMessageHandler[DefaultUserDestinationResolver[prefix=/user/]]
2026-05-26 02:19:06 [restartedMain] INFO  c.t.backend.TakeCareApplication - Started TakeCareApplication in 25.973 seconds (process running for 1368.749)
2026-05-26 02:19:08 [Thread-11] DEBUG org.springframework.web.SimpLogging - clientOutboundChannel removed SubProtocolWebSocketHandler[StompSubProtocolHandler[v10.stomp, v11.stomp, v12.stomp]]
2026-05-26 02:19:08 [Thread-11] DEBUG org.springframework.web.SimpLogging - clientInboundChannel removed WebSocketAnnotationMethodMessageHandler[prefixes=[/app/]]
2026-05-26 02:19:08 [Thread-11] INFO  org.springframework.web.SimpLogging - Stopping...
2026-05-26 02:19:08 [Thread-11] INFO  org.springframework.web.SimpLogging - BrokerAvailabilityEvent[available=false, SimpleBrokerMessageHandler [org.springframework.messaging.simp.broker.DefaultSubscriptionRegistry@4f0c5b3a]]
2026-05-26 02:19:08 [Thread-11] DEBUG org.springframework.web.SimpLogging - clientInboundChannel removed SimpleBrokerMessageHandler [org.springframework.messaging.simp.broker.DefaultSubscriptionRegistry@4f0c5b3a]
2026-05-26 02:19:08 [Thread-11] DEBUG org.springframework.web.SimpLogging - brokerChannel removed SimpleBrokerMessageHandler [org.springframework.messaging.simp.broker.DefaultSubscriptionRegistry@4f0c5b3a]
2026-05-26 02:19:08 [Thread-11] INFO  org.springframework.web.SimpLogging - Stopped.
2026-05-26 02:19:08 [Thread-11] DEBUG org.springframework.web.SimpLogging - clientInboundChannel removed UserDestinationMessageHandler[DefaultUserDestinationResolver[prefix=/user/]]
2026-05-26 02:19:08 [Thread-11] DEBUG org.springframework.web.SimpLogging - brokerChannel removed UserDestinationMessageHandler[DefaultUserDestinationResolver[prefix=/user/]]
2026-05-26 02:19:10 [restartedMain] INFO  c.t.backend.TakeCareApplication - Starting TakeCareApplication using Java 17.0.18 with PID 1116 (C:\Users\usser\Desktop\Uni\TallerSISINFO\takecare\backend\target\classes started by usser in C:\Users\usser\Desktop\Uni\TallerSISINFO\takecare\backend)
2026-05-26 02:19:10 [restartedMain] INFO  c.t.backend.TakeCareApplication - No active profile set, falling back to 1 default profile: "default"
2026-05-26 02:19:35 [restartedMain] INFO  c.t.b.s.s.OrientationMaterialService - Orientation materials storage ready at: C:\Users\usser\Desktop\Uni\TallerSISINFO\takecare\backend\uploads\orientation-materials
2026-05-26 02:19:35 [restartedMain] INFO  c.t.b.u.s.ClinicalDocumentService - Clinical docs storage ready at: C:\Users\usser\Desktop\Uni\TallerSISINFO\takecare\backend\uploads\clinical-docs
2026-05-26 02:19:35 [restartedMain] WARN  o.s.b.a.o.j.JpaBaseConfiguration$JpaWebConfiguration - spring.jpa.open-in-view is enabled by default. Therefore, database queries may be performed during view rendering. Explicitly configure spring.jpa.open-in-view to disable this warning
2026-05-26 02:19:35 [restartedMain] DEBUG o.s.w.s.s.s.WebSocketHandlerMapping - Patterns [/ws-takecare/**] in 'stompWebSocketHandlerMapping'
2026-05-26 02:19:35 [restartedMain] DEBUG o.s.w.s.m.m.a.RequestMappingHandlerMapping - 83 mappings in 'requestMappingHandlerMapping'
2026-05-26 02:19:35 [restartedMain] DEBUG o.s.w.s.h.SimpleUrlHandlerMapping - Patterns [/webjars/**, /**, /swagger-ui*/*swagger-initializer.js, /swagger-ui*/**] in 'resourceHandlerMapping'
2026-05-26 02:19:35 [restartedMain] WARN  o.s.b.a.s.s.UserDetailsServiceAutoConfiguration - 

Using generated security password: ff27b886-e026-461e-a13d-4b6d7e345536

This generated password is for development use only. Your security configuration must be updated before running your application in production.

2026-05-26 02:19:35 [restartedMain] DEBUG o.s.w.s.m.WebSocketAnnotationMethodMessageHandler - 
	c.t.b.a.c.AuthController:
	
2026-05-26 02:19:35 [restartedMain] DEBUG o.s.w.s.m.WebSocketAnnotationMethodMessageHandler - 
	c.t.b.c.c.CalificationController:
	
2026-05-26 02:19:35 [restartedMain] DEBUG o.s.w.s.m.WebSocketAnnotationMethodMessageHandler - 
	c.t.b.n.c.NotificationController:
	
2026-05-26 02:19:35 [restartedMain] DEBUG o.s.w.s.m.WebSocketAnnotationMethodMessageHandler - 
	c.t.b.r.c.ReportController:
	
2026-05-26 02:19:35 [restartedMain] DEBUG o.s.w.s.m.WebSocketAnnotationMethodMessageHandler - 
	c.t.b.s.c.SessionController:
	
2026-05-26 02:19:35 [restartedMain] DEBUG o.s.w.s.m.WebSocketAnnotationMethodMessageHandler - 
	c.t.b.s.c.TestController:
	
2026-05-26 02:19:35 [restartedMain] DEBUG o.s.w.s.m.WebSocketAnnotationMethodMessageHandler - 
	c.t.b.s.c.SpecialistScheduleController:
	
2026-05-26 02:19:35 [restartedMain] DEBUG o.s.w.s.m.WebSocketAnnotationMethodMessageHandler - 
	c.t.b.s.c.OrientationMaterialController:
	
2026-05-26 02:19:35 [restartedMain] DEBUG o.s.w.s.m.WebSocketAnnotationMethodMessageHandler - 
	c.t.b.s.c.SupportMaterialController:
	
2026-05-26 02:19:35 [restartedMain] DEBUG o.s.w.s.m.WebSocketAnnotationMethodMessageHandler - 
	c.t.b.u.c.AdminController:
	
2026-05-26 02:19:35 [restartedMain] DEBUG o.s.w.s.m.WebSocketAnnotationMethodMessageHandler - 
	c.t.b.u.c.ClinicalDocumentController:
	
2026-05-26 02:19:35 [restartedMain] DEBUG o.s.w.s.m.WebSocketAnnotationMethodMessageHandler - 
	c.t.b.u.c.PatientController:
	
2026-05-26 02:19:35 [restartedMain] DEBUG o.s.w.s.m.WebSocketAnnotationMethodMessageHandler - 
	c.t.b.u.c.SpecialistController:
	
2026-05-26 02:19:35 [restartedMain] DEBUG o.s.w.s.m.WebSocketAnnotationMethodMessageHandler - 
	c.t.b.u.c.UserController:
	
2026-05-26 02:19:35 [restartedMain] DEBUG o.s.w.s.m.WebSocketAnnotationMethodMessageHandler - 
	c.t.b.u.c.UserProfileController:
	
2026-05-26 02:19:35 [restartedMain] DEBUG o.s.w.s.m.WebSocketAnnotationMethodMessageHandler - 
	o.s.b.a.w.s.e.BasicErrorController:
	
2026-05-26 02:19:35 [restartedMain] DEBUG o.s.w.s.m.WebSocketAnnotationMethodMessageHandler - 
	o.s.w.a.OpenApiWebMvcResource:
	
2026-05-26 02:19:35 [restartedMain] DEBUG o.s.w.s.m.WebSocketAnnotationMethodMessageHandler - 
	o.s.w.u.SwaggerWelcomeWebMvc:
	
2026-05-26 02:19:35 [restartedMain] DEBUG o.s.w.s.m.WebSocketAnnotationMethodMessageHandler - 
	o.s.w.u.SwaggerConfigResource:
	
2026-05-26 02:19:35 [restartedMain] DEBUG o.s.w.s.m.m.a.RequestMappingHandlerAdapter - ControllerAdvice beans: 0 @ModelAttribute, 0 @InitBinder, 1 RequestBodyAdvice, 1 ResponseBodyAdvice
2026-05-26 02:19:35 [restartedMain] DEBUG o.s.w.s.m.m.a.ExceptionHandlerExceptionResolver - ControllerAdvice beans: 1 @ExceptionHandler, 1 ResponseBodyAdvice
2026-05-26 02:19:35 [restartedMain] DEBUG org.springframework.web.SimpLogging - clientOutboundChannel added SubProtocolWebSocketHandler[StompSubProtocolHandler[v10.stomp, v11.stomp, v12.stomp]]
2026-05-26 02:19:35 [restartedMain] DEBUG org.springframework.web.SimpLogging - clientInboundChannel added WebSocketAnnotationMethodMessageHandler[prefixes=[/app/]]
2026-05-26 02:19:35 [restartedMain] INFO  org.springframework.web.SimpLogging - Starting...
2026-05-26 02:19:35 [restartedMain] DEBUG org.springframework.web.SimpLogging - clientInboundChannel added SimpleBrokerMessageHandler [org.springframework.messaging.simp.broker.DefaultSubscriptionRegistry@77907c42]
2026-05-26 02:19:35 [restartedMain] DEBUG org.springframework.web.SimpLogging - brokerChannel added SimpleBrokerMessageHandler [org.springframework.messaging.simp.broker.DefaultSubscriptionRegistry@77907c42]
2026-05-26 02:19:35 [restartedMain] INFO  org.springframework.web.SimpLogging - BrokerAvailabilityEvent[available=true, SimpleBrokerMessageHandler [org.springframework.messaging.simp.broker.DefaultSubscriptionRegistry@77907c42]]
2026-05-26 02:19:35 [restartedMain] INFO  org.springframework.web.SimpLogging - Started.
2026-05-26 02:19:35 [restartedMain] DEBUG org.springframework.web.SimpLogging - clientInboundChannel added UserDestinationMessageHandler[DefaultUserDestinationResolver[prefix=/user/]]
2026-05-26 02:19:35 [restartedMain] DEBUG org.springframework.web.SimpLogging - brokerChannel added UserDestinationMessageHandler[DefaultUserDestinationResolver[prefix=/user/]]
2026-05-26 02:19:35 [http-nio-8080-exec-1] INFO  o.s.web.servlet.DispatcherServlet - Initializing Servlet 'dispatcherServlet'
2026-05-26 02:19:35 [http-nio-8080-exec-1] DEBUG o.s.web.servlet.DispatcherServlet - Detected StandardServletMultipartResolver
2026-05-26 02:19:35 [http-nio-8080-exec-1] DEBUG o.s.web.servlet.DispatcherServlet - Detected AcceptHeaderLocaleResolver
2026-05-26 02:19:35 [http-nio-8080-exec-1] DEBUG o.s.web.servlet.DispatcherServlet - Detected FixedThemeResolver
2026-05-26 02:19:35 [http-nio-8080-exec-1] DEBUG o.s.web.servlet.DispatcherServlet - Detected org.springframework.web.servlet.view.DefaultRequestToViewNameTranslator@789461ce
2026-05-26 02:19:35 [http-nio-8080-exec-1] DEBUG o.s.web.servlet.DispatcherServlet - Detected org.springframework.web.servlet.support.SessionFlashMapManager@6ecc2711
2026-05-26 02:19:35 [http-nio-8080-exec-1] DEBUG o.s.web.servlet.DispatcherServlet - enableLoggingRequestDetails='false': request parameters and headers will be masked to prevent unsafe logging of potentially sensitive data
2026-05-26 02:19:35 [http-nio-8080-exec-1] INFO  o.s.web.servlet.DispatcherServlet - Completed initialization in 3 ms
2026-05-26 02:19:35 [http-nio-8080-exec-1] DEBUG o.s.web.servlet.DispatcherServlet - GET "/api/v1/notifications/specialist/17/unread-count", parameters={}
2026-05-26 02:19:35 [http-nio-8080-exec-2] DEBUG o.s.web.servlet.DispatcherServlet - GET "/api/v1/sessions/specialist/17", parameters={}
2026-05-26 02:19:35 [http-nio-8080-exec-2] DEBUG o.s.w.s.m.m.a.RequestMappingHandlerMapping - Mapped to com.takecare.backend.session.controller.SessionController#listBySpecialist(Integer)
2026-05-26 02:19:35 [http-nio-8080-exec-1] DEBUG o.s.w.s.m.m.a.RequestMappingHandlerMapping - Mapped to com.takecare.backend.notification.controller.NotificationController#unreadCount(Integer)
2026-05-26 02:19:35 [http-nio-8080-exec-2] INFO  c.t.b.s.controller.SessionController - GET sessions by specialistId=17
2026-05-26 02:19:35 [http-nio-8080-exec-1] INFO  c.t.b.n.c.NotificationController - GET /api/v1/notifications/specialist/17/unread-count
2026-05-26 02:19:35 [restartedMain] INFO  c.t.backend.TakeCareApplication - Started TakeCareApplication in 25.095 seconds (process running for 1398.01)
2026-05-26 02:19:38 [http-nio-8080-exec-1] DEBUG o.s.w.s.m.m.a.HttpEntityMethodProcessor - Using 'application/json', given [application/json, text/plain, */*] and supported [application/json, application/*+json, application/yaml]
2026-05-26 02:19:38 [http-nio-8080-exec-2] DEBUG o.s.w.s.m.m.a.HttpEntityMethodProcessor - Using 'application/json', given [application/json, text/plain, */*] and supported [application/json, application/*+json, application/yaml]
2026-05-26 02:19:38 [http-nio-8080-exec-1] DEBUG o.s.w.s.m.m.a.HttpEntityMethodProcessor - Writing [com.takecare.backend.notification.dto.UnreadNotificationCountDto@2ff7439e]
2026-05-26 02:19:38 [http-nio-8080-exec-2] DEBUG o.s.w.s.m.m.a.HttpEntityMethodProcessor - Writing [[com.takecare.backend.session.dto.SessionResponseDTO@73774eef]]
2026-05-26 02:19:38 [http-nio-8080-exec-1] DEBUG o.s.web.servlet.DispatcherServlet - Completed 200 OK
2026-05-26 02:19:38 [http-nio-8080-exec-2] DEBUG o.s.web.servlet.DispatcherServlet - Completed 200 OK
2026-05-26 02:19:38 [Thread-15] DEBUG org.springframework.web.SimpLogging - clientOutboundChannel removed SubProtocolWebSocketHandler[StompSubProtocolHandler[v10.stomp, v11.stomp, v12.stomp]]
2026-05-26 02:19:38 [Thread-15] DEBUG org.springframework.web.SimpLogging - clientInboundChannel removed WebSocketAnnotationMethodMessageHandler[prefixes=[/app/]]
2026-05-26 02:19:38 [Thread-15] INFO  org.springframework.web.SimpLogging - Stopping...
2026-05-26 02:19:38 [Thread-15] INFO  org.springframework.web.SimpLogging - BrokerAvailabilityEvent[available=false, SimpleBrokerMessageHandler [org.springframework.messaging.simp.broker.DefaultSubscriptionRegistry@77907c42]]
2026-05-26 02:19:38 [Thread-15] DEBUG org.springframework.web.SimpLogging - clientInboundChannel removed SimpleBrokerMessageHandler [org.springframework.messaging.simp.broker.DefaultSubscriptionRegistry@77907c42]
2026-05-26 02:19:38 [Thread-15] DEBUG org.springframework.web.SimpLogging - brokerChannel removed SimpleBrokerMessageHandler [org.springframework.messaging.simp.broker.DefaultSubscriptionRegistry@77907c42]
2026-05-26 02:19:38 [Thread-15] INFO  org.springframework.web.SimpLogging - Stopped.
2026-05-26 02:19:38 [Thread-15] DEBUG org.springframework.web.SimpLogging - clientInboundChannel removed UserDestinationMessageHandler[DefaultUserDestinationResolver[prefix=/user/]]
2026-05-26 02:19:38 [Thread-15] DEBUG org.springframework.web.SimpLogging - brokerChannel removed UserDestinationMessageHandler[DefaultUserDestinationResolver[prefix=/user/]]
2026-05-26 02:19:40 [restartedMain] INFO  c.t.backend.TakeCareApplication - Starting TakeCareApplication using Java 17.0.18 with PID 1116 (C:\Users\usser\Desktop\Uni\TallerSISINFO\takecare\backend\target\classes started by usser in C:\Users\usser\Desktop\Uni\TallerSISINFO\takecare\backend)
2026-05-26 02:19:40 [restartedMain] INFO  c.t.backend.TakeCareApplication - No active profile set, falling back to 1 default profile: "default"
2026-05-26 02:20:04 [restartedMain] INFO  c.t.b.s.s.OrientationMaterialService - Orientation materials storage ready at: C:\Users\usser\Desktop\Uni\TallerSISINFO\takecare\backend\uploads\orientation-materials
2026-05-26 02:20:04 [restartedMain] INFO  c.t.b.u.s.ClinicalDocumentService - Clinical docs storage ready at: C:\Users\usser\Desktop\Uni\TallerSISINFO\takecare\backend\uploads\clinical-docs
2026-05-26 02:20:04 [restartedMain] WARN  o.s.b.a.o.j.JpaBaseConfiguration$JpaWebConfiguration - spring.jpa.open-in-view is enabled by default. Therefore, database queries may be performed during view rendering. Explicitly configure spring.jpa.open-in-view to disable this warning
2026-05-26 02:20:04 [restartedMain] DEBUG o.s.w.s.s.s.WebSocketHandlerMapping - Patterns [/ws-takecare/**] in 'stompWebSocketHandlerMapping'
2026-05-26 02:20:04 [restartedMain] DEBUG o.s.w.s.m.m.a.RequestMappingHandlerMapping - 83 mappings in 'requestMappingHandlerMapping'
2026-05-26 02:20:04 [restartedMain] DEBUG o.s.w.s.h.SimpleUrlHandlerMapping - Patterns [/webjars/**, /**, /swagger-ui*/*swagger-initializer.js, /swagger-ui*/**] in 'resourceHandlerMapping'
2026-05-26 02:20:04 [restartedMain] WARN  o.s.b.a.s.s.UserDetailsServiceAutoConfiguration - 

Using generated security password: a9d6b601-701c-4041-b7c3-f346b0ded117

This generated password is for development use only. Your security configuration must be updated before running your application in production.

2026-05-26 02:20:04 [restartedMain] DEBUG o.s.w.s.m.WebSocketAnnotationMethodMessageHandler - 
	c.t.b.a.c.AuthController:
	
2026-05-26 02:20:04 [restartedMain] DEBUG o.s.w.s.m.WebSocketAnnotationMethodMessageHandler - 
	c.t.b.c.c.CalificationController:
	
2026-05-26 02:20:04 [restartedMain] DEBUG o.s.w.s.m.WebSocketAnnotationMethodMessageHandler - 
	c.t.b.n.c.NotificationController:
	
2026-05-26 02:20:04 [restartedMain] DEBUG o.s.w.s.m.WebSocketAnnotationMethodMessageHandler - 
	c.t.b.r.c.ReportController:
	
2026-05-26 02:20:04 [restartedMain] DEBUG o.s.w.s.m.WebSocketAnnotationMethodMessageHandler - 
	c.t.b.s.c.SessionController:
	
2026-05-26 02:20:04 [restartedMain] DEBUG o.s.w.s.m.WebSocketAnnotationMethodMessageHandler - 
	c.t.b.s.c.TestController:
	
2026-05-26 02:20:04 [restartedMain] DEBUG o.s.w.s.m.WebSocketAnnotationMethodMessageHandler - 
	c.t.b.s.c.SpecialistScheduleController:
	
2026-05-26 02:20:04 [restartedMain] DEBUG o.s.w.s.m.WebSocketAnnotationMethodMessageHandler - 
	c.t.b.s.c.OrientationMaterialController:
	
2026-05-26 02:20:04 [restartedMain] DEBUG o.s.w.s.m.WebSocketAnnotationMethodMessageHandler - 
	c.t.b.s.c.SupportMaterialController:
	
2026-05-26 02:20:04 [restartedMain] DEBUG o.s.w.s.m.WebSocketAnnotationMethodMessageHandler - 
	c.t.b.u.c.AdminController:
	
2026-05-26 02:20:04 [restartedMain] DEBUG o.s.w.s.m.WebSocketAnnotationMethodMessageHandler - 
	c.t.b.u.c.ClinicalDocumentController:
	
2026-05-26 02:20:04 [restartedMain] DEBUG o.s.w.s.m.WebSocketAnnotationMethodMessageHandler - 
	c.t.b.u.c.PatientController:
	
2026-05-26 02:20:04 [restartedMain] DEBUG o.s.w.s.m.WebSocketAnnotationMethodMessageHandler - 
	c.t.b.u.c.SpecialistController:
	
2026-05-26 02:20:04 [restartedMain] DEBUG o.s.w.s.m.WebSocketAnnotationMethodMessageHandler - 
	c.t.b.u.c.UserController:
	
2026-05-26 02:20:04 [restartedMain] DEBUG o.s.w.s.m.WebSocketAnnotationMethodMessageHandler - 
	c.t.b.u.c.UserProfileController:
	
2026-05-26 02:20:04 [restartedMain] DEBUG o.s.w.s.m.WebSocketAnnotationMethodMessageHandler - 
	o.s.b.a.w.s.e.BasicErrorController:
	
2026-05-26 02:20:04 [restartedMain] DEBUG o.s.w.s.m.WebSocketAnnotationMethodMessageHandler - 
	o.s.w.a.OpenApiWebMvcResource:
	
2026-05-26 02:20:04 [restartedMain] DEBUG o.s.w.s.m.WebSocketAnnotationMethodMessageHandler - 
	o.s.w.u.SwaggerWelcomeWebMvc:
	
2026-05-26 02:20:04 [restartedMain] DEBUG o.s.w.s.m.WebSocketAnnotationMethodMessageHandler - 
	o.s.w.u.SwaggerConfigResource:
	
2026-05-26 02:20:05 [restartedMain] DEBUG o.s.w.s.m.m.a.RequestMappingHandlerAdapter - ControllerAdvice beans: 0 @ModelAttribute, 0 @InitBinder, 1 RequestBodyAdvice, 1 ResponseBodyAdvice
2026-05-26 02:20:05 [restartedMain] DEBUG o.s.w.s.m.m.a.ExceptionHandlerExceptionResolver - ControllerAdvice beans: 1 @ExceptionHandler, 1 ResponseBodyAdvice
2026-05-26 02:20:05 [restartedMain] DEBUG org.springframework.web.SimpLogging - clientOutboundChannel added SubProtocolWebSocketHandler[StompSubProtocolHandler[v10.stomp, v11.stomp, v12.stomp]]
2026-05-26 02:20:05 [restartedMain] DEBUG org.springframework.web.SimpLogging - clientInboundChannel added WebSocketAnnotationMethodMessageHandler[prefixes=[/app/]]
2026-05-26 02:20:05 [restartedMain] INFO  org.springframework.web.SimpLogging - Starting...
2026-05-26 02:20:05 [restartedMain] DEBUG org.springframework.web.SimpLogging - clientInboundChannel added SimpleBrokerMessageHandler [org.springframework.messaging.simp.broker.DefaultSubscriptionRegistry@4b422c7c]
2026-05-26 02:20:05 [restartedMain] DEBUG org.springframework.web.SimpLogging - brokerChannel added SimpleBrokerMessageHandler [org.springframework.messaging.simp.broker.DefaultSubscriptionRegistry@4b422c7c]
2026-05-26 02:20:05 [restartedMain] INFO  org.springframework.web.SimpLogging - BrokerAvailabilityEvent[available=true, SimpleBrokerMessageHandler [org.springframework.messaging.simp.broker.DefaultSubscriptionRegistry@4b422c7c]]
2026-05-26 02:20:05 [restartedMain] INFO  org.springframework.web.SimpLogging - Started.
2026-05-26 02:20:05 [restartedMain] DEBUG org.springframework.web.SimpLogging - clientInboundChannel added UserDestinationMessageHandler[DefaultUserDestinationResolver[prefix=/user/]]
2026-05-26 02:20:05 [restartedMain] DEBUG org.springframework.web.SimpLogging - brokerChannel added UserDestinationMessageHandler[DefaultUserDestinationResolver[prefix=/user/]]
2026-05-26 02:20:05 [restartedMain] INFO  c.t.backend.TakeCareApplication - Started TakeCareApplication in 25.172 seconds (process running for 1427.579)
2026-05-26 02:21:05 [MessageBroker-2] INFO  o.s.w.s.c.WebSocketMessageBrokerStats - WebSocketSession[0 current WS(0)-HttpStream(0)-HttpPoll(0), 0 total, 0 closed abnormally (0 connect failure, 0 send limit, 0 transport error)], stompSubProtocol[processed CONNECT(0)-CONNECTED(0)-DISCONNECT(0)], stompBrokerRelay[null], inboundChannel[pool size = 0, active threads = 0, queued tasks = 0, completed tasks = 0], outboundChannel[pool size = 0, active threads = 0, queued tasks = 0, completed tasks = 0], sockJsScheduler[pool size = 3, active threads = 1, queued tasks = 1, completed tasks = 1]
2026-05-26 02:25:32 [http-nio-8080-exec-1] INFO  o.s.web.servlet.DispatcherServlet - Initializing Servlet 'dispatcherServlet'
2026-05-26 02:25:32 [http-nio-8080-exec-1] DEBUG o.s.web.servlet.DispatcherServlet - Detected StandardServletMultipartResolver
2026-05-26 02:25:32 [http-nio-8080-exec-1] DEBUG o.s.web.servlet.DispatcherServlet - Detected AcceptHeaderLocaleResolver
2026-05-26 02:25:32 [http-nio-8080-exec-1] DEBUG o.s.web.servlet.DispatcherServlet - Detected FixedThemeResolver
2026-05-26 02:25:32 [http-nio-8080-exec-1] DEBUG o.s.web.servlet.DispatcherServlet - Detected org.springframework.web.servlet.view.DefaultRequestToViewNameTranslator@2c243cef
2026-05-26 02:25:32 [http-nio-8080-exec-1] DEBUG o.s.web.servlet.DispatcherServlet - Detected org.springframework.web.servlet.support.SessionFlashMapManager@50779c1f
2026-05-26 02:25:32 [http-nio-8080-exec-1] DEBUG o.s.web.servlet.DispatcherServlet - enableLoggingRequestDetails='false': request parameters and headers will be masked to prevent unsafe logging of potentially sensitive data
2026-05-26 02:25:32 [http-nio-8080-exec-1] INFO  o.s.web.servlet.DispatcherServlet - Completed initialization in 18 ms
2026-05-26 02:25:32 [http-nio-8080-exec-1] DEBUG o.s.web.servlet.DispatcherServlet - GET "/api/v1/notifications/specialist/17/unread-count", parameters={}
2026-05-26 02:25:32 [http-nio-8080-exec-1] DEBUG o.s.w.s.m.m.a.RequestMappingHandlerMapping - Mapped to com.takecare.backend.notification.controller.NotificationController#unreadCount(Integer)
2026-05-26 02:25:32 [http-nio-8080-exec-1] INFO  c.t.b.n.c.NotificationController - GET /api/v1/notifications/specialist/17/unread-count
2026-05-26 02:25:35 [http-nio-8080-exec-1] DEBUG o.s.w.s.m.m.a.HttpEntityMethodProcessor - Using 'application/json', given [application/json, text/plain, */*] and supported [application/json, application/*+json, application/yaml]
2026-05-26 02:25:35 [http-nio-8080-exec-1] DEBUG o.s.w.s.m.m.a.HttpEntityMethodProcessor - Writing [com.takecare.backend.notification.dto.UnreadNotificationCountDto@6e331c28]
2026-05-26 02:25:35 [http-nio-8080-exec-1] DEBUG o.s.web.servlet.DispatcherServlet - Completed 200 OK
2026-05-26 02:25:37 [http-nio-8080-exec-2] DEBUG o.s.web.servlet.DispatcherServlet - GET "/api/v1/notifications/specialist/17", parameters={}
2026-05-26 02:25:37 [http-nio-8080-exec-2] DEBUG o.s.w.s.m.m.a.RequestMappingHandlerMapping - Mapped to com.takecare.backend.notification.controller.NotificationController#listBySpecialist(Integer)
2026-05-26 02:25:37 [http-nio-8080-exec-3] DEBUG o.s.web.servlet.DispatcherServlet - GET "/api/v1/notifications/specialist/17/unread-count", parameters={}
2026-05-26 02:25:37 [http-nio-8080-exec-2] INFO  c.t.b.n.c.NotificationController - GET /api/v1/notifications/specialist/17 - listing notifications
2026-05-26 02:25:37 [http-nio-8080-exec-3] DEBUG o.s.w.s.m.m.a.RequestMappingHandlerMapping - Mapped to com.takecare.backend.notification.controller.NotificationController#unreadCount(Integer)
2026-05-26 02:25:37 [http-nio-8080-exec-3] INFO  c.t.b.n.c.NotificationController - GET /api/v1/notifications/specialist/17/unread-count
2026-05-26 02:25:38 [http-nio-8080-exec-2] INFO  c.t.b.n.service.NotificationService - Listing notifications for specialist id: 17
2026-05-26 02:25:40 [http-nio-8080-exec-3] DEBUG o.s.w.s.m.m.a.HttpEntityMethodProcessor - Using 'application/json', given [application/json, text/plain, */*] and supported [application/json, application/*+json, application/yaml]
2026-05-26 02:25:40 [http-nio-8080-exec-3] DEBUG o.s.w.s.m.m.a.HttpEntityMethodProcessor - Writing [com.takecare.backend.notification.dto.UnreadNotificationCountDto@61853b0c]
2026-05-26 02:25:40 [http-nio-8080-exec-3] DEBUG o.s.web.servlet.DispatcherServlet - Completed 200 OK
2026-05-26 02:25:40 [http-nio-8080-exec-4] DEBUG o.s.web.servlet.DispatcherServlet - GET "/api/v1/notifications/specialist/17/unread-count", parameters={}
2026-05-26 02:25:40 [http-nio-8080-exec-4] DEBUG o.s.w.s.m.m.a.RequestMappingHandlerMapping - Mapped to com.takecare.backend.notification.controller.NotificationController#unreadCount(Integer)
2026-05-26 02:25:40 [http-nio-8080-exec-4] INFO  c.t.b.n.c.NotificationController - GET /api/v1/notifications/specialist/17/unread-count
2026-05-26 02:25:40 [http-nio-8080-exec-2] DEBUG o.s.w.s.m.m.a.HttpEntityMethodProcessor - Using 'application/json', given [application/json, text/plain, */*] and supported [application/json, application/*+json, application/yaml]
2026-05-26 02:25:40 [http-nio-8080-exec-2] DEBUG o.s.w.s.m.m.a.HttpEntityMethodProcessor - Writing [[com.takecare.backend.notification.dto.NotificationResponseDto@6fa33708, com.takecare.backend.notifi (truncated)...]
2026-05-26 02:25:40 [http-nio-8080-exec-2] DEBUG o.s.web.servlet.DispatcherServlet - Completed 200 OK
2026-05-26 02:25:40 [http-nio-8080-exec-5] DEBUG o.s.web.servlet.DispatcherServlet - GET "/api/v1/notifications/specialist/17", parameters={}
2026-05-26 02:25:40 [http-nio-8080-exec-5] DEBUG o.s.w.s.m.m.a.RequestMappingHandlerMapping - Mapped to com.takecare.backend.notification.controller.NotificationController#listBySpecialist(Integer)
2026-05-26 02:25:40 [http-nio-8080-exec-5] INFO  c.t.b.n.c.NotificationController - GET /api/v1/notifications/specialist/17 - listing notifications
2026-05-26 02:25:41 [http-nio-8080-exec-5] INFO  c.t.b.n.service.NotificationService - Listing notifications for specialist id: 17
2026-05-26 02:25:42 [http-nio-8080-exec-4] DEBUG o.s.w.s.m.m.a.HttpEntityMethodProcessor - Using 'application/json', given [application/json, text/plain, */*] and supported [application/json, application/*+json, application/yaml]
2026-05-26 02:25:42 [http-nio-8080-exec-4] DEBUG o.s.w.s.m.m.a.HttpEntityMethodProcessor - Writing [com.takecare.backend.notification.dto.UnreadNotificationCountDto@b4bd0fb]
2026-05-26 02:25:42 [http-nio-8080-exec-4] DEBUG o.s.web.servlet.DispatcherServlet - Completed 200 OK
2026-05-26 02:25:43 [http-nio-8080-exec-5] DEBUG o.s.w.s.m.m.a.HttpEntityMethodProcessor - Using 'application/json', given [application/json, text/plain, */*] and supported [application/json, application/*+json, application/yaml]
2026-05-26 02:25:43 [http-nio-8080-exec-5] DEBUG o.s.w.s.m.m.a.HttpEntityMethodProcessor - Writing [[com.takecare.backend.notification.dto.NotificationResponseDto@1b6bb48, com.takecare.backend.notific (truncated)...]
2026-05-26 02:25:43 [http-nio-8080-exec-5] DEBUG o.s.web.servlet.DispatcherServlet - Completed 200 OK
2026-05-26 02:25:47 [http-nio-8080-exec-7] DEBUG o.s.web.servlet.DispatcherServlet - PUT "/api/v1/notifications/32/read-status", parameters={}
2026-05-26 02:25:47 [http-nio-8080-exec-7] DEBUG o.s.w.s.m.m.a.RequestMappingHandlerMapping - Mapped to com.takecare.backend.notification.controller.NotificationController#updateReadStatus(Integer, UpdateNotificationStatusRequestDto)
2026-05-26 02:25:47 [http-nio-8080-exec-7] DEBUG o.s.w.s.m.m.a.RequestResponseBodyMethodProcessor - Read "application/json;charset=UTF-8" to [com.takecare.backend.notification.dto.UpdateNotificationStatusRequestDto@368eb670]
2026-05-26 02:25:47 [http-nio-8080-exec-7] INFO  c.t.b.n.c.NotificationController - PUT /api/v1/notifications/32/read-status
2026-05-26 02:25:49 [http-nio-8080-exec-7] INFO  c.t.b.n.service.NotificationService - Notification id: 32 updated to status: 1
2026-05-26 02:25:50 [http-nio-8080-exec-7] DEBUG org.springframework.web.SimpLogging - Processing MESSAGE destination=/topic/notifications/specialist/17 session=null payload={"eventType":"NOTIFICATION_STATUS_UPDATED","unreadCount":0,"notification":{"id":...(truncated)
2026-05-26 02:25:50 [http-nio-8080-exec-7] INFO  c.t.b.n.service.NotificationService - Notification event NOTIFICATION_STATUS_UPDATED sent to topic /topic/notifications/specialist/17
2026-05-26 02:25:51 [http-nio-8080-exec-7] DEBUG o.s.w.s.m.m.a.HttpEntityMethodProcessor - Using 'application/json', given [application/json, text/plain, */*] and supported [application/json, application/*+json, application/yaml]
2026-05-26 02:25:51 [http-nio-8080-exec-7] DEBUG o.s.w.s.m.m.a.HttpEntityMethodProcessor - Writing [com.takecare.backend.notification.dto.NotificationResponseDto@395d7e18]
2026-05-26 02:25:51 [http-nio-8080-exec-7] DEBUG o.s.web.servlet.DispatcherServlet - Completed 200 OK
2026-05-26 02:26:15 [http-nio-8080-exec-9] DEBUG o.s.web.servlet.DispatcherServlet - POST "/api/v1/auth/login", parameters={}
2026-05-26 02:26:15 [http-nio-8080-exec-9] DEBUG o.s.w.s.m.m.a.RequestMappingHandlerMapping - Mapped to com.takecare.backend.auth.controller.AuthController#login(LoginRequestDTO)
2026-05-26 02:26:15 [http-nio-8080-exec-9] DEBUG o.s.w.s.m.m.a.RequestResponseBodyMethodProcessor - Read "application/json;charset=UTF-8" to [com.takecare.backend.auth.DTO.LoginRequestDTO@7020d1bf]
2026-05-26 02:26:16 [http-nio-8080-exec-9] DEBUG o.s.w.s.m.m.a.HttpEntityMethodProcessor - Using 'application/json', given [application/json, text/plain, */*] and supported [application/json, application/*+json, application/yaml]
2026-05-26 02:26:16 [http-nio-8080-exec-9] DEBUG o.s.w.s.m.m.a.HttpEntityMethodProcessor - Writing [com.takecare.backend.auth.DTO.ApiResponseDTO@5533d385]
2026-05-26 02:26:16 [http-nio-8080-exec-9] DEBUG o.s.web.servlet.DispatcherServlet - Completed 200 OK
2026-05-26 02:26:21 [http-nio-8080-exec-10] DEBUG o.s.web.servlet.DispatcherServlet - GET "/api/v1/specialists/search", parameters={}
2026-05-26 02:26:21 [http-nio-8080-exec-10] DEBUG o.s.w.s.m.m.a.RequestMappingHandlerMapping - Mapped to com.takecare.backend.user.controller.SpecialistController#searchSpecialists(String, String, String, String, String)
2026-05-26 02:26:21 [http-nio-8080-exec-10] INFO  c.t.b.u.c.SpecialistController - GET /api/v1/specialists/search | search=null | name=null | category=null | city=null | availability=null
2026-05-26 02:26:21 [http-nio-8080-exec-10] INFO  c.t.b.s.s.SpecialistSearchService - Buscando especialistas | search=null | name=null | category=null | city=null | availability=null
2026-05-26 02:26:22 [http-nio-8080-exec-10] INFO  c.t.b.s.s.SpecialistSearchService - Filtro aplicado | resultados=9
2026-05-26 02:26:29 [http-nio-8080-exec-10] INFO  c.t.b.u.c.SpecialistController - GET /api/v1/specialists/search | total=9
2026-05-26 02:26:29 [http-nio-8080-exec-10] DEBUG o.s.w.s.m.m.a.HttpEntityMethodProcessor - Using 'application/json', given [application/json, text/plain, */*] and supported [application/json, application/*+json, application/yaml]
2026-05-26 02:26:29 [http-nio-8080-exec-10] DEBUG o.s.w.s.m.m.a.HttpEntityMethodProcessor - Writing [[com.takecare.backend.specialities.dto.SpecialistFilterResponseDTO@1fae4105, com.takecare.backend.sp (truncated)...]
2026-05-26 02:26:29 [http-nio-8080-exec-10] DEBUG o.s.web.servlet.DispatcherServlet - Completed 200 OK
2026-05-26 02:26:49 [http-nio-8080-exec-2] DEBUG o.s.web.servlet.DispatcherServlet - GET "/api/v1/schedules/specialist/17/grouped", parameters={}
2026-05-26 02:26:49 [http-nio-8080-exec-2] DEBUG o.s.w.s.m.m.a.RequestMappingHandlerMapping - Mapped to com.takecare.backend.specialistschedule.controller.SpecialistScheduleController#getSchedulesGroupedByDay(Integer)
2026-05-26 02:26:50 [http-nio-8080-exec-2] DEBUG o.s.w.s.m.m.a.HttpEntityMethodProcessor - Using 'application/json', given [application/json, text/plain, */*] and supported [application/json, application/*+json, application/yaml]
2026-05-26 02:26:50 [http-nio-8080-exec-2] DEBUG o.s.w.s.m.m.a.HttpEntityMethodProcessor - Writing [[com.takecare.backend.specialistschedule.dto.SpecialistScheduleGroupDTO@47118a09]]
2026-05-26 02:26:50 [http-nio-8080-exec-2] DEBUG o.s.web.servlet.DispatcherServlet - Completed 200 OK
2026-05-26 02:26:54 [http-nio-8080-exec-5] DEBUG o.s.web.servlet.DispatcherServlet - POST "/api/v1/sessions", parameters={}
2026-05-26 02:26:54 [http-nio-8080-exec-5] DEBUG o.s.w.s.m.m.a.RequestMappingHandlerMapping - Mapped to com.takecare.backend.session.controller.SessionController#createSession(CreateSessionRequestDTO)
2026-05-26 02:26:54 [http-nio-8080-exec-5] DEBUG o.s.w.s.m.m.a.RequestResponseBodyMethodProcessor - Read "application/json;charset=UTF-8" to [com.takecare.backend.session.dto.CreateSessionRequestDTO@11aae71]
2026-05-26 02:26:54 [http-nio-8080-exec-5] INFO  c.t.b.s.controller.SessionController - POST session - patientId=13 scheduleId=30 typeOfSession=1
2026-05-26 02:26:57 [http-nio-8080-exec-5] INFO  c.t.b.n.service.NotificationService - Notification created successfully with id: 33 for specialist id: 17
2026-05-26 02:26:58 [http-nio-8080-exec-5] DEBUG org.springframework.web.SimpLogging - Processing MESSAGE destination=/topic/notifications/specialist/17 session=null payload={"eventType":"NOTIFICATION_CREATED","unreadCount":1,"notification":{"id":33,"ses...(truncated)
2026-05-26 02:26:58 [http-nio-8080-exec-5] INFO  c.t.b.n.service.NotificationService - Notification event NOTIFICATION_CREATED sent to topic /topic/notifications/specialist/17
2026-05-26 02:26:58 [http-nio-8080-exec-5] INFO  c.t.b.session.service.SessionService - Appointment created successfully. sessionId=16, patientId=13, scheduleId=30
2026-05-26 02:26:59 [http-nio-8080-exec-5] DEBUG o.s.w.s.m.m.a.HttpEntityMethodProcessor - Using 'application/json', given [application/json, text/plain, */*] and supported [application/json, application/*+json, application/yaml]
2026-05-26 02:26:59 [http-nio-8080-exec-5] DEBUG o.s.w.s.m.m.a.HttpEntityMethodProcessor - Writing [com.takecare.backend.session.dto.SessionResponseDTO@3ea43a8e]
2026-05-26 02:26:59 [http-nio-8080-exec-5] DEBUG o.s.web.servlet.DispatcherServlet - Completed 200 OK
2026-05-26 02:26:59 [http-nio-8080-exec-6] DEBUG o.s.web.servlet.DispatcherServlet - GET "/api/v1/schedules/specialist/17/grouped", parameters={}
2026-05-26 02:26:59 [http-nio-8080-exec-6] DEBUG o.s.w.s.m.m.a.RequestMappingHandlerMapping - Mapped to com.takecare.backend.specialistschedule.controller.SpecialistScheduleController#getSchedulesGroupedByDay(Integer)
2026-05-26 02:26:59 [http-nio-8080-exec-6] DEBUG o.s.w.s.m.m.a.HttpEntityMethodProcessor - Using 'application/json', given [application/json, text/plain, */*] and supported [application/json, application/*+json, application/yaml]
2026-05-26 02:26:59 [http-nio-8080-exec-6] DEBUG o.s.w.s.m.m.a.HttpEntityMethodProcessor - Writing [[com.takecare.backend.specialistschedule.dto.SpecialistScheduleGroupDTO@9c57284]]
2026-05-26 02:26:59 [http-nio-8080-exec-6] DEBUG o.s.web.servlet.DispatcherServlet - Completed 200 OK
2026-05-26 02:27:16 [http-nio-8080-exec-8] DEBUG o.s.web.servlet.DispatcherServlet - POST "/api/v1/auth/login", parameters={}
2026-05-26 02:27:16 [http-nio-8080-exec-8] DEBUG o.s.w.s.m.m.a.RequestMappingHandlerMapping - Mapped to com.takecare.backend.auth.controller.AuthController#login(LoginRequestDTO)
2026-05-26 02:27:16 [http-nio-8080-exec-8] DEBUG o.s.w.s.m.m.a.RequestResponseBodyMethodProcessor - Read "application/json;charset=UTF-8" to [com.takecare.backend.auth.DTO.LoginRequestDTO@22b71051]
2026-05-26 02:27:17 [http-nio-8080-exec-8] DEBUG o.s.w.s.m.m.a.HttpEntityMethodProcessor - Using 'application/json', given [application/json, text/plain, */*] and supported [application/json, application/*+json, application/yaml]
2026-05-26 02:27:17 [http-nio-8080-exec-8] DEBUG o.s.w.s.m.m.a.HttpEntityMethodProcessor - Writing [com.takecare.backend.auth.DTO.ApiResponseDTO@4482e311]
2026-05-26 02:27:17 [http-nio-8080-exec-8] DEBUG o.s.web.servlet.DispatcherServlet - Completed 200 OK
2026-05-26 02:27:17 [http-nio-8080-exec-9] DEBUG o.s.web.servlet.DispatcherServlet - GET "/api/v1/notifications/specialist/17/unread-count", parameters={}
2026-05-26 02:27:17 [http-nio-8080-exec-9] DEBUG o.s.w.s.m.m.a.RequestMappingHandlerMapping - Mapped to com.takecare.backend.notification.controller.NotificationController#unreadCount(Integer)
2026-05-26 02:27:17 [http-nio-8080-exec-9] INFO  c.t.b.n.c.NotificationController - GET /api/v1/notifications/specialist/17/unread-count
2026-05-26 02:27:20 [http-nio-8080-exec-9] DEBUG o.s.w.s.m.m.a.HttpEntityMethodProcessor - Using 'application/json', given [application/json, text/plain, */*] and supported [application/json, application/*+json, application/yaml]
2026-05-26 02:27:20 [http-nio-8080-exec-9] DEBUG o.s.w.s.m.m.a.HttpEntityMethodProcessor - Writing [com.takecare.backend.notification.dto.UnreadNotificationCountDto@acf9742]
2026-05-26 02:27:20 [http-nio-8080-exec-9] DEBUG o.s.web.servlet.DispatcherServlet - Completed 200 OK
2026-05-26 02:27:22 [http-nio-8080-exec-10] DEBUG o.s.web.servlet.DispatcherServlet - GET "/api/v1/notifications/specialist/17", parameters={}
2026-05-26 02:27:22 [http-nio-8080-exec-10] DEBUG o.s.w.s.m.m.a.RequestMappingHandlerMapping - Mapped to com.takecare.backend.notification.controller.NotificationController#listBySpecialist(Integer)
2026-05-26 02:27:22 [http-nio-8080-exec-1] DEBUG o.s.web.servlet.DispatcherServlet - GET "/api/v1/notifications/specialist/17/unread-count", parameters={}
2026-05-26 02:27:22 [http-nio-8080-exec-10] INFO  c.t.b.n.c.NotificationController - GET /api/v1/notifications/specialist/17 - listing notifications
2026-05-26 02:27:22 [http-nio-8080-exec-1] DEBUG o.s.w.s.m.m.a.RequestMappingHandlerMapping - Mapped to com.takecare.backend.notification.controller.NotificationController#unreadCount(Integer)
2026-05-26 02:27:22 [http-nio-8080-exec-1] INFO  c.t.b.n.c.NotificationController - GET /api/v1/notifications/specialist/17/unread-count
2026-05-26 02:27:23 [http-nio-8080-exec-10] INFO  c.t.b.n.service.NotificationService - Listing notifications for specialist id: 17
2026-05-26 02:27:25 [http-nio-8080-exec-1] DEBUG o.s.w.s.m.m.a.HttpEntityMethodProcessor - Using 'application/json', given [application/json, text/plain, */*] and supported [application/json, application/*+json, application/yaml]
2026-05-26 02:27:25 [http-nio-8080-exec-1] DEBUG o.s.w.s.m.m.a.HttpEntityMethodProcessor - Writing [com.takecare.backend.notification.dto.UnreadNotificationCountDto@b7a8018]
2026-05-26 02:27:25 [http-nio-8080-exec-1] DEBUG o.s.web.servlet.DispatcherServlet - Completed 200 OK
2026-05-26 02:27:25 [http-nio-8080-exec-3] DEBUG o.s.web.servlet.DispatcherServlet - GET "/api/v1/notifications/specialist/17/unread-count", parameters={}
2026-05-26 02:27:25 [http-nio-8080-exec-3] DEBUG o.s.w.s.m.m.a.RequestMappingHandlerMapping - Mapped to com.takecare.backend.notification.controller.NotificationController#unreadCount(Integer)
2026-05-26 02:27:25 [http-nio-8080-exec-3] INFO  c.t.b.n.c.NotificationController - GET /api/v1/notifications/specialist/17/unread-count
2026-05-26 02:27:25 [http-nio-8080-exec-10] DEBUG o.s.w.s.m.m.a.HttpEntityMethodProcessor - Using 'application/json', given [application/json, text/plain, */*] and supported [application/json, application/*+json, application/yaml]
2026-05-26 02:27:25 [http-nio-8080-exec-10] DEBUG o.s.w.s.m.m.a.HttpEntityMethodProcessor - Writing [[com.takecare.backend.notification.dto.NotificationResponseDto@61b2ab9, com.takecare.backend.notific (truncated)...]
2026-05-26 02:27:25 [http-nio-8080-exec-10] DEBUG o.s.web.servlet.DispatcherServlet - Completed 200 OK
2026-05-26 02:27:25 [http-nio-8080-exec-2] DEBUG o.s.web.servlet.DispatcherServlet - GET "/api/v1/notifications/specialist/17", parameters={}
2026-05-26 02:27:25 [http-nio-8080-exec-2] DEBUG o.s.w.s.m.m.a.RequestMappingHandlerMapping - Mapped to com.takecare.backend.notification.controller.NotificationController#listBySpecialist(Integer)
2026-05-26 02:27:26 [http-nio-8080-exec-2] INFO  c.t.b.n.c.NotificationController - GET /api/v1/notifications/specialist/17 - listing notifications
2026-05-26 02:27:26 [http-nio-8080-exec-2] INFO  c.t.b.n.service.NotificationService - Listing notifications for specialist id: 17
2026-05-26 02:27:27 [http-nio-8080-exec-3] DEBUG o.s.w.s.m.m.a.HttpEntityMethodProcessor - Using 'application/json', given [application/json, text/plain, */*] and supported [application/json, application/*+json, application/yaml]
2026-05-26 02:27:27 [http-nio-8080-exec-3] DEBUG o.s.w.s.m.m.a.HttpEntityMethodProcessor - Writing [com.takecare.backend.notification.dto.UnreadNotificationCountDto@1aac443]
2026-05-26 02:27:27 [http-nio-8080-exec-3] DEBUG o.s.web.servlet.DispatcherServlet - Completed 200 OK
2026-05-26 02:27:28 [http-nio-8080-exec-2] DEBUG o.s.w.s.m.m.a.HttpEntityMethodProcessor - Using 'application/json', given [application/json, text/plain, */*] and supported [application/json, application/*+json, application/yaml]
2026-05-26 02:27:28 [http-nio-8080-exec-2] DEBUG o.s.w.s.m.m.a.HttpEntityMethodProcessor - Writing [[com.takecare.backend.notification.dto.NotificationResponseDto@60663d81, com.takecare.backend.notifi (truncated)...]
2026-05-26 02:27:28 [http-nio-8080-exec-2] DEBUG o.s.web.servlet.DispatcherServlet - Completed 200 OK
2026-05-26 02:27:30 [http-nio-8080-exec-5] DEBUG o.s.web.servlet.DispatcherServlet - PUT "/api/v1/notifications/33/read-status", parameters={}
2026-05-26 02:27:30 [http-nio-8080-exec-5] DEBUG o.s.w.s.m.m.a.RequestMappingHandlerMapping - Mapped to com.takecare.backend.notification.controller.NotificationController#updateReadStatus(Integer, UpdateNotificationStatusRequestDto)
2026-05-26 02:27:30 [http-nio-8080-exec-5] DEBUG o.s.w.s.m.m.a.RequestResponseBodyMethodProcessor - Read "application/json;charset=UTF-8" to [com.takecare.backend.notification.dto.UpdateNotificationStatusRequestDto@58a48075]
2026-05-26 02:27:30 [http-nio-8080-exec-5] INFO  c.t.b.n.c.NotificationController - PUT /api/v1/notifications/33/read-status
2026-05-26 02:27:31 [http-nio-8080-exec-5] INFO  c.t.b.n.service.NotificationService - Notification id: 33 updated to status: 1
2026-05-26 02:27:32 [http-nio-8080-exec-5] DEBUG org.springframework.web.SimpLogging - Processing MESSAGE destination=/topic/notifications/specialist/17 session=null payload={"eventType":"NOTIFICATION_STATUS_UPDATED","unreadCount":0,"notification":{"id":...(truncated)
2026-05-26 02:27:32 [http-nio-8080-exec-5] INFO  c.t.b.n.service.NotificationService - Notification event NOTIFICATION_STATUS_UPDATED sent to topic /topic/notifications/specialist/17
2026-05-26 02:27:33 [http-nio-8080-exec-5] DEBUG o.s.w.s.m.m.a.HttpEntityMethodProcessor - Using 'application/json', given [application/json, text/plain, */*] and supported [application/json, application/*+json, application/yaml]
2026-05-26 02:27:33 [http-nio-8080-exec-5] DEBUG o.s.w.s.m.m.a.HttpEntityMethodProcessor - Writing [com.takecare.backend.notification.dto.NotificationResponseDto@3d6d0bab]
2026-05-26 02:27:33 [http-nio-8080-exec-5] DEBUG o.s.web.servlet.DispatcherServlet - Completed 200 OK
2026-05-26 02:27:39 [http-nio-8080-exec-6] DEBUG o.s.web.servlet.DispatcherServlet - GET "/api/v1/notifications/specialist/17/unread-count", parameters={}
2026-05-26 02:27:39 [http-nio-8080-exec-6] DEBUG o.s.w.s.m.m.a.RequestMappingHandlerMapping - Mapped to com.takecare.backend.notification.controller.NotificationController#unreadCount(Integer)
2026-05-26 02:27:39 [http-nio-8080-exec-6] INFO  c.t.b.n.c.NotificationController - GET /api/v1/notifications/specialist/17/unread-count
2026-05-26 02:27:39 [http-nio-8080-exec-7] DEBUG o.s.web.servlet.DispatcherServlet - GET "/api/v1/sessions/specialist/17", parameters={}
2026-05-26 02:27:39 [http-nio-8080-exec-7] DEBUG o.s.w.s.m.m.a.RequestMappingHandlerMapping - Mapped to com.takecare.backend.session.controller.SessionController#listBySpecialist(Integer)
2026-05-26 02:27:39 [http-nio-8080-exec-7] INFO  c.t.b.s.controller.SessionController - GET sessions by specialistId=17
2026-05-26 02:27:42 [http-nio-8080-exec-7] DEBUG o.s.w.s.m.m.a.HttpEntityMethodProcessor - Using 'application/json', given [application/json, text/plain, */*] and supported [application/json, application/*+json, application/yaml]
2026-05-26 02:27:42 [http-nio-8080-exec-6] DEBUG o.s.w.s.m.m.a.HttpEntityMethodProcessor - Using 'application/json', given [application/json, text/plain, */*] and supported [application/json, application/*+json, application/yaml]
2026-05-26 02:27:42 [http-nio-8080-exec-6] DEBUG o.s.w.s.m.m.a.HttpEntityMethodProcessor - Writing [com.takecare.backend.notification.dto.UnreadNotificationCountDto@20a744cb]
2026-05-26 02:27:42 [http-nio-8080-exec-7] DEBUG o.s.w.s.m.m.a.HttpEntityMethodProcessor - Writing [[com.takecare.backend.session.dto.SessionResponseDTO@10b72186, com.takecare.backend.session.dto.Sess (truncated)...]
2026-05-26 02:27:42 [http-nio-8080-exec-6] DEBUG o.s.web.servlet.DispatcherServlet - Completed 200 OK
2026-05-26 02:27:42 [http-nio-8080-exec-7] DEBUG o.s.web.servlet.DispatcherServlet - Completed 200 OK
2026-05-26 02:27:42 [http-nio-8080-exec-1] DEBUG o.s.web.servlet.DispatcherServlet - GET "/api/v1/reports/session/15/specialist/17", parameters={}
2026-05-26 02:27:42 [http-nio-8080-exec-8] DEBUG o.s.web.servlet.DispatcherServlet - GET "/api/v1/sessions/15/patient-ratings", parameters={}
2026-05-26 02:27:42 [http-nio-8080-exec-9] DEBUG o.s.web.servlet.DispatcherServlet - GET "/api/v1/reports/session/16/specialist/17", parameters={}
2026-05-26 02:27:42 [http-nio-8080-exec-1] DEBUG o.s.w.s.m.m.a.RequestMappingHandlerMapping - Mapped to com.takecare.backend.report.controller.ReportController#getReportBySession(Integer, Integer)
2026-05-26 02:27:42 [http-nio-8080-exec-8] DEBUG o.s.w.s.m.m.a.RequestMappingHandlerMapping - Mapped to com.takecare.backend.calification.controller.CalificationController#getPatientRating(Integer)
2026-05-26 02:27:42 [http-nio-8080-exec-1] INFO  c.t.b.r.controller.ReportController - GET /reports/session/15/specialist/17
2026-05-26 02:27:42 [http-nio-8080-exec-8] INFO  c.t.b.c.c.CalificationController - GET /api/v1/sessions/15/patient-ratings
2026-05-26 02:27:42 [http-nio-8080-exec-9] DEBUG o.s.w.s.m.m.a.RequestMappingHandlerMapping - Mapped to com.takecare.backend.report.controller.ReportController#getReportBySession(Integer, Integer)
2026-05-26 02:27:42 [http-nio-8080-exec-9] INFO  c.t.b.r.controller.ReportController - GET /reports/session/16/specialist/17
2026-05-26 02:27:43 [http-nio-8080-exec-8] INFO  c.t.b.c.service.CalificationService - Get specialist rating. sessionId=15, specialistId=17, patientId=13
2026-05-26 02:27:43 [http-nio-8080-exec-8] WARN  c.t.b.c.service.CalificationService - Get specialist rating failed. sessionId=15, error=Calificación no encontrada
2026-05-26 02:27:43 [http-nio-8080-exec-1] ERROR c.t.b.report.service.ReportService - Error fetching report for sessionId=15 specialistId=17
java.util.NoSuchElementException: Reporte no encontrado
	at com.takecare.backend.report.service.ReportService.lambda$4(ReportService.java:240)
	at java.base/java.util.Optional.orElseThrow(Optional.java:403)
	at com.takecare.backend.report.service.ReportService.getReportBySession(ReportService.java:240)
	at java.base/jdk.internal.reflect.NativeMethodAccessorImpl.invoke0(Native Method)
	at java.base/jdk.internal.reflect.NativeMethodAccessorImpl.invoke(NativeMethodAccessorImpl.java:77)
	at java.base/jdk.internal.reflect.DelegatingMethodAccessorImpl.invoke(DelegatingMethodAccessorImpl.java:43)
	at java.base/java.lang.reflect.Method.invoke(Method.java:569)
	at org.springframework.aop.support.AopUtils.invokeJoinpointUsingReflection(AopUtils.java:360)
	at org.springframework.aop.framework.ReflectiveMethodInvocation.invokeJoinpoint(ReflectiveMethodInvocation.java:196)
	at org.springframework.aop.framework.ReflectiveMethodInvocation.proceed(ReflectiveMethodInvocation.java:163)
	at org.springframework.transaction.interceptor.TransactionAspectSupport.invokeWithinTransaction(TransactionAspectSupport.java:380)
	at org.springframework.transaction.interceptor.TransactionInterceptor.invoke(TransactionInterceptor.java:119)
	at org.springframework.aop.framework.ReflectiveMethodInvocation.proceed(ReflectiveMethodInvocation.java:184)
	at org.springframework.aop.framework.CglibAopProxy$DynamicAdvisedInterceptor.intercept(CglibAopProxy.java:728)
	at com.takecare.backend.report.service.ReportService$$SpringCGLIB$$0.getReportBySession(<generated>)
	at com.takecare.backend.report.controller.ReportController.getReportBySession(ReportController.java:131)
	at java.base/jdk.internal.reflect.NativeMethodAccessorImpl.invoke0(Native Method)
	at java.base/jdk.internal.reflect.NativeMethodAccessorImpl.invoke(NativeMethodAccessorImpl.java:77)
	at java.base/jdk.internal.reflect.DelegatingMethodAccessorImpl.invoke(DelegatingMethodAccessorImpl.java:43)
	at java.base/java.lang.reflect.Method.invoke(Method.java:569)
	at org.springframework.web.method.support.InvocableHandlerMethod.doInvoke(InvocableHandlerMethod.java:258)
	at org.springframework.web.method.support.InvocableHandlerMethod.invokeForRequest(InvocableHandlerMethod.java:191)
	at org.springframework.web.servlet.mvc.method.annotation.ServletInvocableHandlerMethod.invokeAndHandle(ServletInvocableHandlerMethod.java:118)
	at org.springframework.web.servlet.mvc.method.annotation.RequestMappingHandlerAdapter.invokeHandlerMethod(RequestMappingHandlerAdapter.java:991)
	at org.springframework.web.servlet.mvc.method.annotation.RequestMappingHandlerAdapter.handleInternal(RequestMappingHandlerAdapter.java:896)
	at org.springframework.web.servlet.mvc.method.AbstractHandlerMethodAdapter.handle(AbstractHandlerMethodAdapter.java:87)
	at org.springframework.web.servlet.DispatcherServlet.doDispatch(DispatcherServlet.java:1089)
	at org.springframework.web.servlet.DispatcherServlet.doService(DispatcherServlet.java:979)
	at org.springframework.web.servlet.FrameworkServlet.processRequest(FrameworkServlet.java:1014)
	at org.springframework.web.servlet.FrameworkServlet.doGet(FrameworkServlet.java:903)
	at jakarta.servlet.http.HttpServlet.service(HttpServlet.java:564)
	at org.springframework.web.servlet.FrameworkServlet.service(FrameworkServlet.java:885)
	at jakarta.servlet.http.HttpServlet.service(HttpServlet.java:658)
	at org.apache.catalina.core.ApplicationFilterChain.internalDoFilter(ApplicationFilterChain.java:193)
	at org.apache.catalina.core.ApplicationFilterChain.doFilter(ApplicationFilterChain.java:138)
	at org.apache.tomcat.websocket.server.WsFilter.doFilter(WsFilter.java:51)
	at org.apache.catalina.core.ApplicationFilterChain.internalDoFilter(ApplicationFilterChain.java:162)
	at org.apache.catalina.core.ApplicationFilterChain.doFilter(ApplicationFilterChain.java:138)
	at org.springframework.web.filter.CompositeFilter$VirtualFilterChain.doFilter(CompositeFilter.java:108)
	at org.springframework.web.filter.CompositeFilter$VirtualFilterChain.doFilter(CompositeFilter.java:108)
	at org.springframework.security.web.FilterChainProxy.lambda$doFilterInternal$3(FilterChainProxy.java:231)
	at org.springframework.security.web.FilterChainProxy$VirtualFilterChain.doFilter(FilterChainProxy.java:365)
	at org.springframework.security.web.access.intercept.AuthorizationFilter.doFilter(AuthorizationFilter.java:101)
	at org.springframework.security.web.FilterChainProxy$VirtualFilterChain.doFilter(FilterChainProxy.java:374)
	at org.springframework.security.web.access.ExceptionTranslationFilter.doFilter(ExceptionTranslationFilter.java:125)
	at org.springframework.security.web.access.ExceptionTranslationFilter.doFilter(ExceptionTranslationFilter.java:119)
	at org.springframework.security.web.FilterChainProxy$VirtualFilterChain.doFilter(FilterChainProxy.java:374)
	at org.springframework.security.web.authentication.AnonymousAuthenticationFilter.doFilter(AnonymousAuthenticationFilter.java:100)
	at org.springframework.security.web.FilterChainProxy$VirtualFilterChain.doFilter(FilterChainProxy.java:374)
	at org.springframework.security.web.servletapi.SecurityContextHolderAwareRequestFilter.doFilter(SecurityContextHolderAwareRequestFilter.java:179)
	at org.springframework.security.web.FilterChainProxy$VirtualFilterChain.doFilter(FilterChainProxy.java:374)
	at org.springframework.security.web.savedrequest.RequestCacheAwareFilter.doFilter(RequestCacheAwareFilter.java:63)
	at org.springframework.security.web.FilterChainProxy$VirtualFilterChain.doFilter(FilterChainProxy.java:374)
	at org.springframework.security.web.authentication.logout.LogoutFilter.doFilter(LogoutFilter.java:107)
	at org.springframework.security.web.authentication.logout.LogoutFilter.doFilter(LogoutFilter.java:93)
	at org.springframework.security.web.FilterChainProxy$VirtualFilterChain.doFilter(FilterChainProxy.java:374)
	at org.springframework.web.filter.CorsFilter.doFilterInternal(CorsFilter.java:91)
	at org.springframework.web.filter.OncePerRequestFilter.doFilter(OncePerRequestFilter.java:116)
	at org.springframework.security.web.FilterChainProxy$VirtualFilterChain.doFilter(FilterChainProxy.java:374)
	at org.springframework.security.web.header.HeaderWriterFilter.doHeadersAfter(HeaderWriterFilter.java:90)
	at org.springframework.security.web.header.HeaderWriterFilter.doFilterInternal(HeaderWriterFilter.java:75)
	at org.springframework.web.filter.OncePerRequestFilter.doFilter(OncePerRequestFilter.java:116)
	at org.springframework.security.web.FilterChainProxy$VirtualFilterChain.doFilter(FilterChainProxy.java:374)
	at org.springframework.security.web.context.SecurityContextHolderFilter.doFilter(SecurityContextHolderFilter.java:82)
	at org.springframework.security.web.context.SecurityContextHolderFilter.doFilter(SecurityContextHolderFilter.java:69)
	at org.springframework.security.web.FilterChainProxy$VirtualFilterChain.doFilter(FilterChainProxy.java:374)
	at org.springframework.security.web.context.request.async.WebAsyncManagerIntegrationFilter.doFilterInternal(WebAsyncManagerIntegrationFilter.java:62)
	at org.springframework.web.filter.OncePerRequestFilter.doFilter(OncePerRequestFilter.java:116)
	at org.springframework.security.web.FilterChainProxy$VirtualFilterChain.doFilter(FilterChainProxy.java:374)
	at org.springframework.security.web.session.DisableEncodeUrlFilter.doFilterInternal(DisableEncodeUrlFilter.java:42)
	at org.springframework.web.filter.OncePerRequestFilter.doFilter(OncePerRequestFilter.java:116)
	at org.springframework.security.web.FilterChainProxy$VirtualFilterChain.doFilter(FilterChainProxy.java:374)
	at org.springframework.security.web.FilterChainProxy.doFilterInternal(FilterChainProxy.java:233)
	at org.springframework.security.web.FilterChainProxy.doFilter(FilterChainProxy.java:191)
	at org.springframework.web.filter.CompositeFilter$VirtualFilterChain.doFilter(CompositeFilter.java:113)
	at org.springframework.web.filter.ServletRequestPathFilter.doFilter(ServletRequestPathFilter.java:52)
	at org.springframework.web.filter.CompositeFilter$VirtualFilterChain.doFilter(CompositeFilter.java:113)
	at org.springframework.web.filter.CompositeFilter.doFilter(CompositeFilter.java:74)
	at org.springframework.security.config.annotation.web.configuration.WebSecurityConfiguration$CompositeFilterChainProxy.doFilter(WebSecurityConfiguration.java:319)
	at org.springframework.web.filter.CompositeFilter$VirtualFilterChain.doFilter(CompositeFilter.java:113)
	at org.springframework.web.servlet.handler.HandlerMappingIntrospector.lambda$createCacheFilter$4(HandlerMappingIntrospector.java:267)
	at org.springframework.web.filter.CompositeFilter$VirtualFilterChain.doFilter(CompositeFilter.java:113)
	at org.springframework.web.filter.CompositeFilter.doFilter(CompositeFilter.java:74)
	at org.springframework.security.config.annotation.web.configuration.WebMvcSecurityConfiguration$CompositeFilterChainProxy.doFilter(WebMvcSecurityConfiguration.java:240)
	at org.springframework.web.filter.DelegatingFilterProxy.invokeDelegate(DelegatingFilterProxy.java:362)
	at org.springframework.web.filter.DelegatingFilterProxy.doFilter(DelegatingFilterProxy.java:278)
	at org.apache.catalina.core.ApplicationFilterChain.internalDoFilter(ApplicationFilterChain.java:162)
	at org.apache.catalina.core.ApplicationFilterChain.doFilter(ApplicationFilterChain.java:138)
	at org.springframework.web.filter.RequestContextFilter.doFilterInternal(RequestContextFilter.java:100)
	at org.springframework.web.filter.OncePerRequestFilter.doFilter(OncePerRequestFilter.java:116)
	at org.apache.catalina.core.ApplicationFilterChain.internalDoFilter(ApplicationFilterChain.java:162)
	at org.apache.catalina.core.ApplicationFilterChain.doFilter(ApplicationFilterChain.java:138)
	at org.springframework.web.filter.FormContentFilter.doFilterInternal(FormContentFilter.java:93)
	at org.springframework.web.filter.OncePerRequestFilter.doFilter(OncePerRequestFilter.java:116)
	at org.apache.catalina.core.ApplicationFilterChain.internalDoFilter(ApplicationFilterChain.java:162)
	at org.apache.catalina.core.ApplicationFilterChain.doFilter(ApplicationFilterChain.java:138)
	at org.springframework.web.filter.CharacterEncodingFilter.doFilterInternal(CharacterEncodingFilter.java:201)
	at org.springframework.web.filter.OncePerRequestFilter.doFilter(OncePerRequestFilter.java:116)
	at org.apache.catalina.core.ApplicationFilterChain.internalDoFilter(ApplicationFilterChain.java:162)
	at org.apache.catalina.core.ApplicationFilterChain.doFilter(ApplicationFilterChain.java:138)
	at org.apache.catalina.core.StandardWrapperValve.invoke(StandardWrapperValve.java:165)
	at org.apache.catalina.core.StandardContextValve.invoke(StandardContextValve.java:88)
	at org.apache.catalina.authenticator.AuthenticatorBase.invoke(AuthenticatorBase.java:492)
	at org.apache.catalina.core.StandardHostValve.invoke(StandardHostValve.java:113)
	at org.apache.catalina.valves.ErrorReportValve.invoke(ErrorReportValve.java:83)
	at org.apache.catalina.core.StandardEngineValve.invoke(StandardEngineValve.java:72)
	at org.apache.catalina.connector.CoyoteAdapter.service(CoyoteAdapter.java:342)
	at org.apache.coyote.http11.Http11Processor.service(Http11Processor.java:399)
	at org.apache.coyote.AbstractProcessorLight.process(AbstractProcessorLight.java:63)
	at org.apache.coyote.AbstractProtocol$ConnectionHandler.process(AbstractProtocol.java:903)
	at org.apache.tomcat.util.net.NioEndpoint$SocketProcessor.doRun(NioEndpoint.java:1775)
	at org.apache.tomcat.util.net.SocketProcessorBase.run(SocketProcessorBase.java:52)
	at org.apache.tomcat.util.threads.ThreadPoolExecutor.runWorker(ThreadPoolExecutor.java:973)
	at org.apache.tomcat.util.threads.ThreadPoolExecutor$Worker.run(ThreadPoolExecutor.java:491)
	at org.apache.tomcat.util.threads.TaskThread$WrappingRunnable.run(TaskThread.java:63)
	at java.base/java.lang.Thread.run(Thread.java:840)
2026-05-26 02:27:44 [http-nio-8080-exec-9] ERROR c.t.b.report.service.ReportService - Error fetching report for sessionId=16 specialistId=17
java.util.NoSuchElementException: Reporte no encontrado
	at com.takecare.backend.report.service.ReportService.lambda$4(ReportService.java:240)
	at java.base/java.util.Optional.orElseThrow(Optional.java:403)
	at com.takecare.backend.report.service.ReportService.getReportBySession(ReportService.java:240)
	at java.base/jdk.internal.reflect.NativeMethodAccessorImpl.invoke0(Native Method)
	at java.base/jdk.internal.reflect.NativeMethodAccessorImpl.invoke(NativeMethodAccessorImpl.java:77)
	at java.base/jdk.internal.reflect.DelegatingMethodAccessorImpl.invoke(DelegatingMethodAccessorImpl.java:43)
	at java.base/java.lang.reflect.Method.invoke(Method.java:569)
	at org.springframework.aop.support.AopUtils.invokeJoinpointUsingReflection(AopUtils.java:360)
	at org.springframework.aop.framework.ReflectiveMethodInvocation.invokeJoinpoint(ReflectiveMethodInvocation.java:196)
	at org.springframework.aop.framework.ReflectiveMethodInvocation.proceed(ReflectiveMethodInvocation.java:163)
	at org.springframework.transaction.interceptor.TransactionAspectSupport.invokeWithinTransaction(TransactionAspectSupport.java:380)
	at org.springframework.transaction.interceptor.TransactionInterceptor.invoke(TransactionInterceptor.java:119)
	at org.springframework.aop.framework.ReflectiveMethodInvocation.proceed(ReflectiveMethodInvocation.java:184)
	at org.springframework.aop.framework.CglibAopProxy$DynamicAdvisedInterceptor.intercept(CglibAopProxy.java:728)
	at com.takecare.backend.report.service.ReportService$$SpringCGLIB$$0.getReportBySession(<generated>)
	at com.takecare.backend.report.controller.ReportController.getReportBySession(ReportController.java:131)
	at java.base/jdk.internal.reflect.NativeMethodAccessorImpl.invoke0(Native Method)
	at java.base/jdk.internal.reflect.NativeMethodAccessorImpl.invoke(NativeMethodAccessorImpl.java:77)
	at java.base/jdk.internal.reflect.DelegatingMethodAccessorImpl.invoke(DelegatingMethodAccessorImpl.java:43)
	at java.base/java.lang.reflect.Method.invoke(Method.java:569)
	at org.springframework.web.method.support.InvocableHandlerMethod.doInvoke(InvocableHandlerMethod.java:258)
	at org.springframework.web.method.support.InvocableHandlerMethod.invokeForRequest(InvocableHandlerMethod.java:191)
	at org.springframework.web.servlet.mvc.method.annotation.ServletInvocableHandlerMethod.invokeAndHandle(ServletInvocableHandlerMethod.java:118)
	at org.springframework.web.servlet.mvc.method.annotation.RequestMappingHandlerAdapter.invokeHandlerMethod(RequestMappingHandlerAdapter.java:991)
	at org.springframework.web.servlet.mvc.method.annotation.RequestMappingHandlerAdapter.handleInternal(RequestMappingHandlerAdapter.java:896)
	at org.springframework.web.servlet.mvc.method.AbstractHandlerMethodAdapter.handle(AbstractHandlerMethodAdapter.java:87)
	at org.springframework.web.servlet.DispatcherServlet.doDispatch(DispatcherServlet.java:1089)
	at org.springframework.web.servlet.DispatcherServlet.doService(DispatcherServlet.java:979)
	at org.springframework.web.servlet.FrameworkServlet.processRequest(FrameworkServlet.java:1014)
	at org.springframework.web.servlet.FrameworkServlet.doGet(FrameworkServlet.java:903)
	at jakarta.servlet.http.HttpServlet.service(HttpServlet.java:564)
	at org.springframework.web.servlet.FrameworkServlet.service(FrameworkServlet.java:885)
	at jakarta.servlet.http.HttpServlet.service(HttpServlet.java:658)
	at org.apache.catalina.core.ApplicationFilterChain.internalDoFilter(ApplicationFilterChain.java:193)
	at org.apache.catalina.core.ApplicationFilterChain.doFilter(ApplicationFilterChain.java:138)
	at org.apache.tomcat.websocket.server.WsFilter.doFilter(WsFilter.java:51)
	at org.apache.catalina.core.ApplicationFilterChain.internalDoFilter(ApplicationFilterChain.java:162)
	at org.apache.catalina.core.ApplicationFilterChain.doFilter(ApplicationFilterChain.java:138)
	at org.springframework.web.filter.CompositeFilter$VirtualFilterChain.doFilter(CompositeFilter.java:108)
	at org.springframework.web.filter.CompositeFilter$VirtualFilterChain.doFilter(CompositeFilter.java:108)
	at org.springframework.security.web.FilterChainProxy.lambda$doFilterInternal$3(FilterChainProxy.java:231)
	at org.springframework.security.web.FilterChainProxy$VirtualFilterChain.doFilter(FilterChainProxy.java:365)
	at org.springframework.security.web.access.intercept.AuthorizationFilter.doFilter(AuthorizationFilter.java:101)
	at org.springframework.security.web.FilterChainProxy$VirtualFilterChain.doFilter(FilterChainProxy.java:374)
	at org.springframework.security.web.access.ExceptionTranslationFilter.doFilter(ExceptionTranslationFilter.java:125)
	at org.springframework.security.web.access.ExceptionTranslationFilter.doFilter(ExceptionTranslationFilter.java:119)
	at org.springframework.security.web.FilterChainProxy$VirtualFilterChain.doFilter(FilterChainProxy.java:374)
	at org.springframework.security.web.authentication.AnonymousAuthenticationFilter.doFilter(AnonymousAuthenticationFilter.java:100)
	at org.springframework.security.web.FilterChainProxy$VirtualFilterChain.doFilter(FilterChainProxy.java:374)
	at org.springframework.security.web.servletapi.SecurityContextHolderAwareRequestFilter.doFilter(SecurityContextHolderAwareRequestFilter.java:179)
	at org.springframework.security.web.FilterChainProxy$VirtualFilterChain.doFilter(FilterChainProxy.java:374)
	at org.springframework.security.web.savedrequest.RequestCacheAwareFilter.doFilter(RequestCacheAwareFilter.java:63)
	at org.springframework.security.web.FilterChainProxy$VirtualFilterChain.doFilter(FilterChainProxy.java:374)
	at org.springframework.security.web.authentication.logout.LogoutFilter.doFilter(LogoutFilter.java:107)
	at org.springframework.security.web.authentication.logout.LogoutFilter.doFilter(LogoutFilter.java:93)
	at org.springframework.security.web.FilterChainProxy$VirtualFilterChain.doFilter(FilterChainProxy.java:374)
	at org.springframework.web.filter.CorsFilter.doFilterInternal(CorsFilter.java:91)
	at org.springframework.web.filter.OncePerRequestFilter.doFilter(OncePerRequestFilter.java:116)
	at org.springframework.security.web.FilterChainProxy$VirtualFilterChain.doFilter(FilterChainProxy.java:374)
	at org.springframework.security.web.header.HeaderWriterFilter.doHeadersAfter(HeaderWriterFilter.java:90)
	at org.springframework.security.web.header.HeaderWriterFilter.doFilterInternal(HeaderWriterFilter.java:75)
	at org.springframework.web.filter.OncePerRequestFilter.doFilter(OncePerRequestFilter.java:116)
	at org.springframework.security.web.FilterChainProxy$VirtualFilterChain.doFilter(FilterChainProxy.java:374)
	at org.springframework.security.web.context.SecurityContextHolderFilter.doFilter(SecurityContextHolderFilter.java:82)
	at org.springframework.security.web.context.SecurityContextHolderFilter.doFilter(SecurityContextHolderFilter.java:69)
	at org.springframework.security.web.FilterChainProxy$VirtualFilterChain.doFilter(FilterChainProxy.java:374)
	at org.springframework.security.web.context.request.async.WebAsyncManagerIntegrationFilter.doFilterInternal(WebAsyncManagerIntegrationFilter.java:62)
	at org.springframework.web.filter.OncePerRequestFilter.doFilter(OncePerRequestFilter.java:116)
	at org.springframework.security.web.FilterChainProxy$VirtualFilterChain.doFilter(FilterChainProxy.java:374)
	at org.springframework.security.web.session.DisableEncodeUrlFilter.doFilterInternal(DisableEncodeUrlFilter.java:42)
	at org.springframework.web.filter.OncePerRequestFilter.doFilter(OncePerRequestFilter.java:116)
	at org.springframework.security.web.FilterChainProxy$VirtualFilterChain.doFilter(FilterChainProxy.java:374)
	at org.springframework.security.web.FilterChainProxy.doFilterInternal(FilterChainProxy.java:233)
	at org.springframework.security.web.FilterChainProxy.doFilter(FilterChainProxy.java:191)
	at org.springframework.web.filter.CompositeFilter$VirtualFilterChain.doFilter(CompositeFilter.java:113)
	at org.springframework.web.filter.ServletRequestPathFilter.doFilter(ServletRequestPathFilter.java:52)
	at org.springframework.web.filter.CompositeFilter$VirtualFilterChain.doFilter(CompositeFilter.java:113)
	at org.springframework.web.filter.CompositeFilter.doFilter(CompositeFilter.java:74)
	at org.springframework.security.config.annotation.web.configuration.WebSecurityConfiguration$CompositeFilterChainProxy.doFilter(WebSecurityConfiguration.java:319)
	at org.springframework.web.filter.CompositeFilter$VirtualFilterChain.doFilter(CompositeFilter.java:113)
	at org.springframework.web.servlet.handler.HandlerMappingIntrospector.lambda$createCacheFilter$4(HandlerMappingIntrospector.java:267)
	at org.springframework.web.filter.CompositeFilter$VirtualFilterChain.doFilter(CompositeFilter.java:113)
	at org.springframework.web.filter.CompositeFilter.doFilter(CompositeFilter.java:74)
	at org.springframework.security.config.annotation.web.configuration.WebMvcSecurityConfiguration$CompositeFilterChainProxy.doFilter(WebMvcSecurityConfiguration.java:240)
	at org.springframework.web.filter.DelegatingFilterProxy.invokeDelegate(DelegatingFilterProxy.java:362)
	at org.springframework.web.filter.DelegatingFilterProxy.doFilter(DelegatingFilterProxy.java:278)
	at org.apache.catalina.core.ApplicationFilterChain.internalDoFilter(ApplicationFilterChain.java:162)
	at org.apache.catalina.core.ApplicationFilterChain.doFilter(ApplicationFilterChain.java:138)
	at org.springframework.web.filter.RequestContextFilter.doFilterInternal(RequestContextFilter.java:100)
	at org.springframework.web.filter.OncePerRequestFilter.doFilter(OncePerRequestFilter.java:116)
	at org.apache.catalina.core.ApplicationFilterChain.internalDoFilter(ApplicationFilterChain.java:162)
	at org.apache.catalina.core.ApplicationFilterChain.doFilter(ApplicationFilterChain.java:138)
	at org.springframework.web.filter.FormContentFilter.doFilterInternal(FormContentFilter.java:93)
	at org.springframework.web.filter.OncePerRequestFilter.doFilter(OncePerRequestFilter.java:116)
	at org.apache.catalina.core.ApplicationFilterChain.internalDoFilter(ApplicationFilterChain.java:162)
	at org.apache.catalina.core.ApplicationFilterChain.doFilter(ApplicationFilterChain.java:138)
	at org.springframework.web.filter.CharacterEncodingFilter.doFilterInternal(CharacterEncodingFilter.java:201)
	at org.springframework.web.filter.OncePerRequestFilter.doFilter(OncePerRequestFilter.java:116)
	at org.apache.catalina.core.ApplicationFilterChain.internalDoFilter(ApplicationFilterChain.java:162)
	at org.apache.catalina.core.ApplicationFilterChain.doFilter(ApplicationFilterChain.java:138)
	at org.apache.catalina.core.StandardWrapperValve.invoke(StandardWrapperValve.java:165)
	at org.apache.catalina.core.StandardContextValve.invoke(StandardContextValve.java:88)
	at org.apache.catalina.authenticator.AuthenticatorBase.invoke(AuthenticatorBase.java:492)
	at org.apache.catalina.core.StandardHostValve.invoke(StandardHostValve.java:113)
	at org.apache.catalina.valves.ErrorReportValve.invoke(ErrorReportValve.java:83)
	at org.apache.catalina.core.StandardEngineValve.invoke(StandardEngineValve.java:72)
	at org.apache.catalina.connector.CoyoteAdapter.service(CoyoteAdapter.java:342)
	at org.apache.coyote.http11.Http11Processor.service(Http11Processor.java:399)
	at org.apache.coyote.AbstractProcessorLight.process(AbstractProcessorLight.java:63)
	at org.apache.coyote.AbstractProtocol$ConnectionHandler.process(AbstractProtocol.java:903)
	at org.apache.tomcat.util.net.NioEndpoint$SocketProcessor.doRun(NioEndpoint.java:1775)
	at org.apache.tomcat.util.net.SocketProcessorBase.run(SocketProcessorBase.java:52)
	at org.apache.tomcat.util.threads.ThreadPoolExecutor.runWorker(ThreadPoolExecutor.java:973)
	at org.apache.tomcat.util.threads.ThreadPoolExecutor$Worker.run(ThreadPoolExecutor.java:491)
	at org.apache.tomcat.util.threads.TaskThread$WrappingRunnable.run(TaskThread.java:63)
	at java.base/java.lang.Thread.run(Thread.java:840)
2026-05-26 02:27:44 [http-nio-8080-exec-1] WARN  c.t.b.r.controller.ReportController - GET /reports/session/specialist - not found: Reporte no encontrado
2026-05-26 02:27:44 [http-nio-8080-exec-8] WARN  c.t.b.c.c.CalificationController - GET patient rating - not found: Calificación no encontrada
2026-05-26 02:27:44 [http-nio-8080-exec-1] DEBUG o.s.w.s.m.m.a.HttpEntityMethodProcessor - Using 'application/json', given [application/json, text/plain, */*] and supported [application/json, application/*+json, application/yaml]
2026-05-26 02:27:44 [http-nio-8080-exec-8] DEBUG o.s.w.s.m.m.a.HttpEntityMethodProcessor - Using 'application/json', given [application/json, text/plain, */*] and supported [application/json, application/*+json, application/yaml]
2026-05-26 02:27:44 [http-nio-8080-exec-1] DEBUG o.s.w.s.m.m.a.HttpEntityMethodProcessor - Writing [{message=Reporte no encontrado}]
2026-05-26 02:27:44 [http-nio-8080-exec-8] DEBUG o.s.w.s.m.m.a.HttpEntityMethodProcessor - Writing [{message=Calificación no encontrada}]
2026-05-26 02:27:44 [http-nio-8080-exec-8] DEBUG o.s.web.servlet.DispatcherServlet - Completed 404 NOT_FOUND
2026-05-26 02:27:44 [http-nio-8080-exec-1] DEBUG o.s.web.servlet.DispatcherServlet - Completed 404 NOT_FOUND
2026-05-26 02:27:45 [http-nio-8080-exec-9] WARN  c.t.b.r.controller.ReportController - GET /reports/session/specialist - not found: Reporte no encontrado
2026-05-26 02:27:45 [http-nio-8080-exec-9] DEBUG o.s.w.s.m.m.a.HttpEntityMethodProcessor - Using 'application/json', given [application/json, text/plain, */*] and supported [application/json, application/*+json, application/yaml]
2026-05-26 02:27:45 [http-nio-8080-exec-9] DEBUG o.s.w.s.m.m.a.HttpEntityMethodProcessor - Writing [{message=Reporte no encontrado}]
2026-05-26 02:27:45 [http-nio-8080-exec-9] DEBUG o.s.web.servlet.DispatcherServlet - Completed 404 NOT_FOUND
2026-05-26 02:29:25 [http-nio-8080-exec-5] DEBUG o.s.web.servlet.DispatcherServlet - PATCH "/api/v1/sessions/16/status", parameters={}
2026-05-26 02:29:25 [http-nio-8080-exec-5] DEBUG o.s.w.s.m.m.a.RequestMappingHandlerMapping - Mapped to com.takecare.backend.session.controller.SessionController#updateSessionStatus(Integer, UpdateSessionStatusRequestDTO)
2026-05-26 02:29:25 [http-nio-8080-exec-5] DEBUG o.s.w.s.m.m.a.RequestResponseBodyMethodProcessor - Read "application/json;charset=UTF-8" to [com.takecare.backend.session.dto.UpdateSessionStatusRequestDTO@333f908d]
2026-05-26 02:29:25 [http-nio-8080-exec-5] INFO  c.t.b.s.controller.SessionController - PATCH session status - id=16 specialistId=17 action=accept
2026-05-26 02:29:25 [http-nio-8080-exec-5] INFO  c.t.b.session.service.SessionService - PATCH session status. sessionId=16, specialistId=17, action=accept
2026-05-26 02:29:26 [http-nio-8080-exec-5] INFO  c.t.b.n.service.NotificationService - Notification created successfully with id: 34 for specialist id: 17
2026-05-26 02:29:27 [http-nio-8080-exec-5] DEBUG org.springframework.web.SimpLogging - Processing MESSAGE destination=/topic/notifications/specialist/17 session=null payload={"eventType":"NOTIFICATION_CREATED","unreadCount":1,"notification":{"id":34,"ses...(truncated)
2026-05-26 02:29:27 [http-nio-8080-exec-5] INFO  c.t.b.n.service.NotificationService - Notification event NOTIFICATION_CREATED sent to topic /topic/notifications/specialist/17
2026-05-26 02:29:27 [http-nio-8080-exec-5] INFO  c.t.b.session.service.SessionService - Session status updated. sessionId=16, newStatus=2, scheduleStatus=1
2026-05-26 02:29:28 [http-nio-8080-exec-5] INFO  c.t.b.s.controller.SessionController - PATCH session status completed - id=16 status=2
2026-05-26 02:29:28 [http-nio-8080-exec-5] DEBUG o.s.w.s.m.m.a.HttpEntityMethodProcessor - Using 'application/json', given [application/json, text/plain, */*] and supported [application/json, application/*+json, application/yaml]
2026-05-26 02:29:28 [http-nio-8080-exec-5] DEBUG o.s.w.s.m.m.a.HttpEntityMethodProcessor - Writing [com.takecare.backend.session.dto.SessionStatusResponseDTO@55a81198]
2026-05-26 02:29:28 [http-nio-8080-exec-5] DEBUG o.s.web.servlet.DispatcherServlet - Completed 200 OK
2026-05-26 02:29:39 [http-nio-8080-exec-7] DEBUG o.s.web.servlet.DispatcherServlet - POST "/api/v1/auth/login", parameters={}
2026-05-26 02:29:39 [http-nio-8080-exec-7] DEBUG o.s.w.s.m.m.a.RequestMappingHandlerMapping - Mapped to com.takecare.backend.auth.controller.AuthController#login(LoginRequestDTO)
2026-05-26 02:29:39 [http-nio-8080-exec-7] DEBUG o.s.w.s.m.m.a.RequestResponseBodyMethodProcessor - Read "application/json;charset=UTF-8" to [com.takecare.backend.auth.DTO.LoginRequestDTO@47b1027e]
2026-05-26 02:29:40 [http-nio-8080-exec-7] DEBUG o.s.w.s.m.m.a.HttpEntityMethodProcessor - Using 'application/json', given [application/json, text/plain, */*] and supported [application/json, application/*+json, application/yaml]
2026-05-26 02:29:40 [http-nio-8080-exec-7] DEBUG o.s.w.s.m.m.a.HttpEntityMethodProcessor - Writing [com.takecare.backend.auth.DTO.ApiResponseDTO@7b6c43ee]
2026-05-26 02:29:40 [http-nio-8080-exec-7] DEBUG o.s.web.servlet.DispatcherServlet - Completed 200 OK
2026-05-26 02:29:51 [http-nio-8080-exec-8] DEBUG o.s.web.servlet.DispatcherServlet - GET "/api/v1/sessions/patient/13", parameters={}
2026-05-26 02:29:51 [http-nio-8080-exec-8] DEBUG o.s.w.s.m.m.a.RequestMappingHandlerMapping - Mapped to com.takecare.backend.session.controller.SessionController#listByPatient(Integer)
2026-05-26 02:29:51 [http-nio-8080-exec-8] INFO  c.t.b.s.controller.SessionController - GET sessions by patientId=13
2026-05-26 02:29:55 [http-nio-8080-exec-8] DEBUG o.s.w.s.m.m.a.HttpEntityMethodProcessor - Using 'application/json', given [application/json, text/plain, */*] and supported [application/json, application/*+json, application/yaml]
2026-05-26 02:29:55 [http-nio-8080-exec-8] DEBUG o.s.w.s.m.m.a.HttpEntityMethodProcessor - Writing [[com.takecare.backend.session.dto.SessionResponseDTO@6c0e13d0, com.takecare.backend.session.dto.Sess (truncated)...]
2026-05-26 02:29:55 [http-nio-8080-exec-8] DEBUG o.s.web.servlet.DispatcherServlet - Completed 200 OK
2026-05-26 02:30:03 [http-nio-8080-exec-1] DEBUG o.s.web.servlet.DispatcherServlet - GET "/api/v1/sessions/patient/13", parameters={}
2026-05-26 02:30:03 [http-nio-8080-exec-1] DEBUG o.s.w.s.m.m.a.RequestMappingHandlerMapping - Mapped to com.takecare.backend.session.controller.SessionController#listByPatient(Integer)
2026-05-26 02:30:03 [http-nio-8080-exec-1] INFO  c.t.b.s.controller.SessionController - GET sessions by patientId=13
2026-05-26 02:30:07 [http-nio-8080-exec-1] DEBUG o.s.w.s.m.m.a.HttpEntityMethodProcessor - Using 'application/json', given [application/json, text/plain, */*] and supported [application/json, application/*+json, application/yaml]
2026-05-26 02:30:07 [http-nio-8080-exec-1] DEBUG o.s.w.s.m.m.a.HttpEntityMethodProcessor - Writing [[com.takecare.backend.session.dto.SessionResponseDTO@50c21717, com.takecare.backend.session.dto.Sess (truncated)...]
2026-05-26 02:30:07 [http-nio-8080-exec-1] DEBUG o.s.web.servlet.DispatcherServlet - Completed 200 OK
2026-05-26 02:30:21 [http-nio-8080-exec-9] DEBUG o.s.web.servlet.DispatcherServlet - GET "/api/v1/sessions/patient/13", parameters={}
2026-05-26 02:30:21 [http-nio-8080-exec-9] DEBUG o.s.w.s.m.m.a.RequestMappingHandlerMapping - Mapped to com.takecare.backend.session.controller.SessionController#listByPatient(Integer)
2026-05-26 02:30:21 [http-nio-8080-exec-9] INFO  c.t.b.s.controller.SessionController - GET sessions by patientId=13
2026-05-26 02:30:25 [http-nio-8080-exec-9] DEBUG o.s.w.s.m.m.a.HttpEntityMethodProcessor - Using 'application/json', given [application/json, text/plain, */*] and supported [application/json, application/*+json, application/yaml]
2026-05-26 02:30:25 [http-nio-8080-exec-9] DEBUG o.s.w.s.m.m.a.HttpEntityMethodProcessor - Writing [[com.takecare.backend.session.dto.SessionResponseDTO@c2e2bc7, com.takecare.backend.session.dto.Sessi (truncated)...]
2026-05-26 02:30:25 [http-nio-8080-exec-9] DEBUG o.s.web.servlet.DispatcherServlet - Completed 200 OK
2026-05-26 02:31:02 [http-nio-8080-exec-3] DEBUG o.s.web.servlet.DispatcherServlet - PATCH "/api/v1/sessions/15/cancel", parameters={}
2026-05-26 02:31:02 [http-nio-8080-exec-3] DEBUG o.s.w.s.m.m.a.RequestMappingHandlerMapping - Mapped to com.takecare.backend.session.controller.SessionController#cancelSession(Integer, CancelSessionRequestDTO)
2026-05-26 02:31:02 [http-nio-8080-exec-3] DEBUG o.s.w.s.m.m.a.RequestResponseBodyMethodProcessor - Read "application/json;charset=UTF-8" to [com.takecare.backend.session.dto.CancelSessionRequestDTO@65eaced5]
2026-05-26 02:31:02 [http-nio-8080-exec-3] INFO  c.t.b.s.controller.SessionController - PATCH session cancel - id=15 patientId=13
2026-05-26 02:31:04 [http-nio-8080-exec-3] INFO  c.t.b.n.service.NotificationService - Notification created successfully with id: 35 for specialist id: 17
2026-05-26 02:31:05 [http-nio-8080-exec-3] DEBUG org.springframework.web.SimpLogging - Processing MESSAGE destination=/topic/notifications/specialist/17 session=null payload={"eventType":"NOTIFICATION_CREATED","unreadCount":2,"notification":{"id":35,"ses...(truncated)
2026-05-26 02:31:05 [http-nio-8080-exec-3] INFO  c.t.b.n.service.NotificationService - Notification event NOTIFICATION_CREATED sent to topic /topic/notifications/specialist/17
2026-05-26 02:31:06 [http-nio-8080-exec-3] DEBUG o.s.w.s.m.m.a.HttpEntityMethodProcessor - Using 'application/json', given [application/json, text/plain, */*] and supported [application/json, application/*+json, application/yaml]
2026-05-26 02:31:06 [http-nio-8080-exec-3] DEBUG o.s.w.s.m.m.a.HttpEntityMethodProcessor - Writing [com.takecare.backend.session.dto.SessionStatusResponseDTO@10fc841]
2026-05-26 02:31:06 [http-nio-8080-exec-3] DEBUG o.s.web.servlet.DispatcherServlet - Completed 200 OK
2026-05-26 02:31:06 [http-nio-8080-exec-2] DEBUG o.s.web.servlet.DispatcherServlet - GET "/api/v1/sessions/patient/13", parameters={}
2026-05-26 02:31:06 [http-nio-8080-exec-2] DEBUG o.s.w.s.m.m.a.RequestMappingHandlerMapping - Mapped to com.takecare.backend.session.controller.SessionController#listByPatient(Integer)
2026-05-26 02:31:06 [http-nio-8080-exec-2] INFO  c.t.b.s.controller.SessionController - GET sessions by patientId=13
2026-05-26 02:31:10 [http-nio-8080-exec-2] DEBUG o.s.w.s.m.m.a.HttpEntityMethodProcessor - Using 'application/json', given [application/json, text/plain, */*] and supported [application/json, application/*+json, application/yaml]
2026-05-26 02:31:10 [http-nio-8080-exec-2] DEBUG o.s.w.s.m.m.a.HttpEntityMethodProcessor - Writing [[com.takecare.backend.session.dto.SessionResponseDTO@17e6d9d1, com.takecare.backend.session.dto.Sess (truncated)...]
2026-05-26 02:31:10 [http-nio-8080-exec-2] DEBUG o.s.web.servlet.DispatcherServlet - Completed 200 OK
2026-05-26 02:47:27 [Thread-19] DEBUG org.springframework.web.SimpLogging - clientOutboundChannel removed SubProtocolWebSocketHandler[StompSubProtocolHandler[v10.stomp, v11.stomp, v12.stomp]]
2026-05-26 02:47:27 [Thread-19] DEBUG org.springframework.web.SimpLogging - clientInboundChannel removed WebSocketAnnotationMethodMessageHandler[prefixes=[/app/]]
2026-05-26 02:47:27 [Thread-19] INFO  org.springframework.web.SimpLogging - Stopping...
2026-05-26 02:47:27 [Thread-19] INFO  org.springframework.web.SimpLogging - BrokerAvailabilityEvent[available=false, SimpleBrokerMessageHandler [org.springframework.messaging.simp.broker.DefaultSubscriptionRegistry@4b422c7c]]
2026-05-26 02:47:27 [Thread-19] DEBUG org.springframework.web.SimpLogging - clientInboundChannel removed SimpleBrokerMessageHandler [org.springframework.messaging.simp.broker.DefaultSubscriptionRegistry@4b422c7c]
2026-05-26 02:47:27 [Thread-19] DEBUG org.springframework.web.SimpLogging - brokerChannel removed SimpleBrokerMessageHandler [org.springframework.messaging.simp.broker.DefaultSubscriptionRegistry@4b422c7c]
2026-05-26 02:47:27 [Thread-19] INFO  org.springframework.web.SimpLogging - Stopped.
2026-05-26 02:47:27 [Thread-19] DEBUG org.springframework.web.SimpLogging - clientInboundChannel removed UserDestinationMessageHandler[DefaultUserDestinationResolver[prefix=/user/]]
2026-05-26 02:47:27 [Thread-19] DEBUG org.springframework.web.SimpLogging - brokerChannel removed UserDestinationMessageHandler[DefaultUserDestinationResolver[prefix=/user/]]
2026-05-26 02:47:27 [restartedMain] INFO  c.t.backend.TakeCareApplication - Starting TakeCareApplication using Java 17.0.18 with PID 1116 (C:\Users\usser\Desktop\Uni\TallerSISINFO\takecare\backend\target\classes started by usser in C:\Users\usser\Desktop\Uni\TallerSISINFO\takecare\backend)
2026-05-26 02:47:27 [restartedMain] INFO  c.t.backend.TakeCareApplication - No active profile set, falling back to 1 default profile: "default"
2026-05-26 02:47:52 [restartedMain] INFO  c.t.b.s.s.OrientationMaterialService - Orientation materials storage ready at: C:\Users\usser\Desktop\Uni\TallerSISINFO\takecare\backend\uploads\orientation-materials
2026-05-26 02:47:52 [restartedMain] INFO  c.t.b.u.s.ClinicalDocumentService - Clinical docs storage ready at: C:\Users\usser\Desktop\Uni\TallerSISINFO\takecare\backend\uploads\clinical-docs
2026-05-26 02:47:52 [restartedMain] WARN  o.s.b.a.o.j.JpaBaseConfiguration$JpaWebConfiguration - spring.jpa.open-in-view is enabled by default. Therefore, database queries may be performed during view rendering. Explicitly configure spring.jpa.open-in-view to disable this warning
2026-05-26 02:47:52 [restartedMain] DEBUG o.s.w.s.s.s.WebSocketHandlerMapping - Patterns [/ws-takecare/**] in 'stompWebSocketHandlerMapping'
2026-05-26 02:47:52 [restartedMain] DEBUG o.s.w.s.m.m.a.RequestMappingHandlerMapping - 83 mappings in 'requestMappingHandlerMapping'
2026-05-26 02:47:52 [restartedMain] DEBUG o.s.w.s.h.SimpleUrlHandlerMapping - Patterns [/webjars/**, /**, /swagger-ui*/*swagger-initializer.js, /swagger-ui*/**] in 'resourceHandlerMapping'
2026-05-26 02:47:52 [restartedMain] WARN  o.s.b.a.s.s.UserDetailsServiceAutoConfiguration - 

Using generated security password: 5e44be4c-9011-4ec0-981b-6e92e941038f

This generated password is for development use only. Your security configuration must be updated before running your application in production.

2026-05-26 02:47:52 [restartedMain] DEBUG o.s.w.s.m.WebSocketAnnotationMethodMessageHandler - 
	c.t.b.a.c.AuthController:
	
2026-05-26 02:47:52 [restartedMain] DEBUG o.s.w.s.m.WebSocketAnnotationMethodMessageHandler - 
	c.t.b.c.c.CalificationController:
	
2026-05-26 02:47:52 [restartedMain] DEBUG o.s.w.s.m.WebSocketAnnotationMethodMessageHandler - 
	c.t.b.n.c.NotificationController:
	
2026-05-26 02:47:52 [restartedMain] DEBUG o.s.w.s.m.WebSocketAnnotationMethodMessageHandler - 
	c.t.b.r.c.ReportController:
	
2026-05-26 02:47:52 [restartedMain] DEBUG o.s.w.s.m.WebSocketAnnotationMethodMessageHandler - 
	c.t.b.s.c.SessionController:
	
2026-05-26 02:47:52 [restartedMain] DEBUG o.s.w.s.m.WebSocketAnnotationMethodMessageHandler - 
	c.t.b.s.c.TestController:
	
2026-05-26 02:47:52 [restartedMain] DEBUG o.s.w.s.m.WebSocketAnnotationMethodMessageHandler - 
	c.t.b.s.c.SpecialistScheduleController:
	
2026-05-26 02:47:52 [restartedMain] DEBUG o.s.w.s.m.WebSocketAnnotationMethodMessageHandler - 
	c.t.b.s.c.OrientationMaterialController:
	
2026-05-26 02:47:52 [restartedMain] DEBUG o.s.w.s.m.WebSocketAnnotationMethodMessageHandler - 
	c.t.b.s.c.SupportMaterialController:
	
2026-05-26 02:47:52 [restartedMain] DEBUG o.s.w.s.m.WebSocketAnnotationMethodMessageHandler - 
	c.t.b.u.c.AdminController:
	
2026-05-26 02:47:52 [restartedMain] DEBUG o.s.w.s.m.WebSocketAnnotationMethodMessageHandler - 
	c.t.b.u.c.ClinicalDocumentController:
	
2026-05-26 02:47:53 [restartedMain] DEBUG o.s.w.s.m.WebSocketAnnotationMethodMessageHandler - 
	c.t.b.u.c.PatientController:
	
2026-05-26 02:47:53 [restartedMain] DEBUG o.s.w.s.m.WebSocketAnnotationMethodMessageHandler - 
	c.t.b.u.c.SpecialistController:
	
2026-05-26 02:47:53 [restartedMain] DEBUG o.s.w.s.m.WebSocketAnnotationMethodMessageHandler - 
	c.t.b.u.c.UserController:
	
2026-05-26 02:47:53 [restartedMain] DEBUG o.s.w.s.m.WebSocketAnnotationMethodMessageHandler - 
	c.t.b.u.c.UserProfileController:
	
2026-05-26 02:47:53 [restartedMain] DEBUG o.s.w.s.m.WebSocketAnnotationMethodMessageHandler - 
	o.s.b.a.w.s.e.BasicErrorController:
	
2026-05-26 02:47:53 [restartedMain] DEBUG o.s.w.s.m.WebSocketAnnotationMethodMessageHandler - 
	o.s.w.a.OpenApiWebMvcResource:
	
2026-05-26 02:47:53 [restartedMain] DEBUG o.s.w.s.m.WebSocketAnnotationMethodMessageHandler - 
	o.s.w.u.SwaggerWelcomeWebMvc:
	
2026-05-26 02:47:53 [restartedMain] DEBUG o.s.w.s.m.WebSocketAnnotationMethodMessageHandler - 
	o.s.w.u.SwaggerConfigResource:
	
2026-05-26 02:47:53 [restartedMain] DEBUG o.s.w.s.m.m.a.RequestMappingHandlerAdapter - ControllerAdvice beans: 0 @ModelAttribute, 0 @InitBinder, 1 RequestBodyAdvice, 1 ResponseBodyAdvice
2026-05-26 02:47:53 [restartedMain] DEBUG o.s.w.s.m.m.a.ExceptionHandlerExceptionResolver - ControllerAdvice beans: 1 @ExceptionHandler, 1 ResponseBodyAdvice
2026-05-26 02:47:53 [restartedMain] DEBUG org.springframework.web.SimpLogging - clientOutboundChannel added SubProtocolWebSocketHandler[StompSubProtocolHandler[v10.stomp, v11.stomp, v12.stomp]]
2026-05-26 02:47:53 [restartedMain] DEBUG org.springframework.web.SimpLogging - clientInboundChannel added WebSocketAnnotationMethodMessageHandler[prefixes=[/app/]]
2026-05-26 02:47:53 [restartedMain] INFO  org.springframework.web.SimpLogging - Starting...
2026-05-26 02:47:53 [restartedMain] DEBUG org.springframework.web.SimpLogging - clientInboundChannel added SimpleBrokerMessageHandler [org.springframework.messaging.simp.broker.DefaultSubscriptionRegistry@3f229c7c]
2026-05-26 02:47:53 [restartedMain] DEBUG org.springframework.web.SimpLogging - brokerChannel added SimpleBrokerMessageHandler [org.springframework.messaging.simp.broker.DefaultSubscriptionRegistry@3f229c7c]
2026-05-26 02:47:53 [restartedMain] INFO  org.springframework.web.SimpLogging - BrokerAvailabilityEvent[available=true, SimpleBrokerMessageHandler [org.springframework.messaging.simp.broker.DefaultSubscriptionRegistry@3f229c7c]]
2026-05-26 02:47:53 [restartedMain] INFO  org.springframework.web.SimpLogging - Started.
2026-05-26 02:47:53 [restartedMain] DEBUG org.springframework.web.SimpLogging - clientInboundChannel added UserDestinationMessageHandler[DefaultUserDestinationResolver[prefix=/user/]]
2026-05-26 02:47:53 [restartedMain] DEBUG org.springframework.web.SimpLogging - brokerChannel added UserDestinationMessageHandler[DefaultUserDestinationResolver[prefix=/user/]]
2026-05-26 02:47:53 [restartedMain] INFO  c.t.backend.TakeCareApplication - Started TakeCareApplication in 25.719 seconds (process running for 3095.611)
2026-05-26 02:47:55 [Thread-23] DEBUG org.springframework.web.SimpLogging - clientOutboundChannel removed SubProtocolWebSocketHandler[StompSubProtocolHandler[v10.stomp, v11.stomp, v12.stomp]]
2026-05-26 02:47:55 [Thread-23] DEBUG org.springframework.web.SimpLogging - clientInboundChannel removed WebSocketAnnotationMethodMessageHandler[prefixes=[/app/]]
2026-05-26 02:47:55 [Thread-23] INFO  org.springframework.web.SimpLogging - Stopping...
2026-05-26 02:47:55 [Thread-23] INFO  org.springframework.web.SimpLogging - BrokerAvailabilityEvent[available=false, SimpleBrokerMessageHandler [org.springframework.messaging.simp.broker.DefaultSubscriptionRegistry@3f229c7c]]
2026-05-26 02:47:55 [Thread-23] DEBUG org.springframework.web.SimpLogging - clientInboundChannel removed SimpleBrokerMessageHandler [org.springframework.messaging.simp.broker.DefaultSubscriptionRegistry@3f229c7c]
2026-05-26 02:47:55 [Thread-23] DEBUG org.springframework.web.SimpLogging - brokerChannel removed SimpleBrokerMessageHandler [org.springframework.messaging.simp.broker.DefaultSubscriptionRegistry@3f229c7c]
2026-05-26 02:47:55 [Thread-23] INFO  org.springframework.web.SimpLogging - Stopped.
2026-05-26 02:47:55 [Thread-23] DEBUG org.springframework.web.SimpLogging - clientInboundChannel removed UserDestinationMessageHandler[DefaultUserDestinationResolver[prefix=/user/]]
2026-05-26 02:47:55 [Thread-23] DEBUG org.springframework.web.SimpLogging - brokerChannel removed UserDestinationMessageHandler[DefaultUserDestinationResolver[prefix=/user/]]
2026-05-26 02:47:57 [restartedMain] INFO  c.t.backend.TakeCareApplication - Starting TakeCareApplication using Java 17.0.18 with PID 1116 (C:\Users\usser\Desktop\Uni\TallerSISINFO\takecare\backend\target\classes started by usser in C:\Users\usser\Desktop\Uni\TallerSISINFO\takecare\backend)
2026-05-26 02:47:57 [restartedMain] INFO  c.t.backend.TakeCareApplication - No active profile set, falling back to 1 default profile: "default"
2026-05-26 02:48:23 [restartedMain] INFO  c.t.b.s.s.OrientationMaterialService - Orientation materials storage ready at: C:\Users\usser\Desktop\Uni\TallerSISINFO\takecare\backend\uploads\orientation-materials
2026-05-26 02:48:23 [restartedMain] INFO  c.t.b.u.s.ClinicalDocumentService - Clinical docs storage ready at: C:\Users\usser\Desktop\Uni\TallerSISINFO\takecare\backend\uploads\clinical-docs
2026-05-26 02:48:23 [restartedMain] WARN  o.s.b.a.o.j.JpaBaseConfiguration$JpaWebConfiguration - spring.jpa.open-in-view is enabled by default. Therefore, database queries may be performed during view rendering. Explicitly configure spring.jpa.open-in-view to disable this warning
2026-05-26 02:48:23 [restartedMain] DEBUG o.s.w.s.s.s.WebSocketHandlerMapping - Patterns [/ws-takecare/**] in 'stompWebSocketHandlerMapping'
2026-05-26 02:48:23 [restartedMain] DEBUG o.s.w.s.m.m.a.RequestMappingHandlerMapping - 83 mappings in 'requestMappingHandlerMapping'
2026-05-26 02:48:23 [restartedMain] DEBUG o.s.w.s.h.SimpleUrlHandlerMapping - Patterns [/webjars/**, /**, /swagger-ui*/*swagger-initializer.js, /swagger-ui*/**] in 'resourceHandlerMapping'
2026-05-26 02:48:23 [restartedMain] WARN  o.s.b.a.s.s.UserDetailsServiceAutoConfiguration - 

Using generated security password: 389a4fdf-8a27-4bba-88b4-c0a49f81d94d

This generated password is for development use only. Your security configuration must be updated before running your application in production.

2026-05-26 02:48:23 [restartedMain] DEBUG o.s.w.s.m.WebSocketAnnotationMethodMessageHandler - 
	c.t.b.a.c.AuthController:
	
2026-05-26 02:48:23 [restartedMain] DEBUG o.s.w.s.m.WebSocketAnnotationMethodMessageHandler - 
	c.t.b.c.c.CalificationController:
	
2026-05-26 02:48:23 [restartedMain] DEBUG o.s.w.s.m.WebSocketAnnotationMethodMessageHandler - 
	c.t.b.n.c.NotificationController:
	
2026-05-26 02:48:23 [restartedMain] DEBUG o.s.w.s.m.WebSocketAnnotationMethodMessageHandler - 
	c.t.b.r.c.ReportController:
	
2026-05-26 02:48:23 [restartedMain] DEBUG o.s.w.s.m.WebSocketAnnotationMethodMessageHandler - 
	c.t.b.s.c.SessionController:
	
2026-05-26 02:48:23 [restartedMain] DEBUG o.s.w.s.m.WebSocketAnnotationMethodMessageHandler - 
	c.t.b.s.c.TestController:
	
2026-05-26 02:48:23 [restartedMain] DEBUG o.s.w.s.m.WebSocketAnnotationMethodMessageHandler - 
	c.t.b.s.c.SpecialistScheduleController:
	
2026-05-26 02:48:23 [restartedMain] DEBUG o.s.w.s.m.WebSocketAnnotationMethodMessageHandler - 
	c.t.b.s.c.OrientationMaterialController:
	
2026-05-26 02:48:23 [restartedMain] DEBUG o.s.w.s.m.WebSocketAnnotationMethodMessageHandler - 
	c.t.b.s.c.SupportMaterialController:
	
2026-05-26 02:48:23 [restartedMain] DEBUG o.s.w.s.m.WebSocketAnnotationMethodMessageHandler - 
	c.t.b.u.c.AdminController:
	
2026-05-26 02:48:23 [restartedMain] DEBUG o.s.w.s.m.WebSocketAnnotationMethodMessageHandler - 
	c.t.b.u.c.ClinicalDocumentController:
	
2026-05-26 02:48:23 [restartedMain] DEBUG o.s.w.s.m.WebSocketAnnotationMethodMessageHandler - 
	c.t.b.u.c.PatientController:
	
2026-05-26 02:48:23 [restartedMain] DEBUG o.s.w.s.m.WebSocketAnnotationMethodMessageHandler - 
	c.t.b.u.c.SpecialistController:
	
2026-05-26 02:48:23 [restartedMain] DEBUG o.s.w.s.m.WebSocketAnnotationMethodMessageHandler - 
	c.t.b.u.c.UserController:
	
2026-05-26 02:48:23 [restartedMain] DEBUG o.s.w.s.m.WebSocketAnnotationMethodMessageHandler - 
	c.t.b.u.c.UserProfileController:
	
2026-05-26 02:48:23 [restartedMain] DEBUG o.s.w.s.m.WebSocketAnnotationMethodMessageHandler - 
	o.s.b.a.w.s.e.BasicErrorController:
	
2026-05-26 02:48:23 [restartedMain] DEBUG o.s.w.s.m.WebSocketAnnotationMethodMessageHandler - 
	o.s.w.a.OpenApiWebMvcResource:
	
2026-05-26 02:48:23 [restartedMain] DEBUG o.s.w.s.m.WebSocketAnnotationMethodMessageHandler - 
	o.s.w.u.SwaggerWelcomeWebMvc:
	
2026-05-26 02:48:23 [restartedMain] DEBUG o.s.w.s.m.WebSocketAnnotationMethodMessageHandler - 
	o.s.w.u.SwaggerConfigResource:
	
2026-05-26 02:48:23 [restartedMain] DEBUG o.s.w.s.m.m.a.RequestMappingHandlerAdapter - ControllerAdvice beans: 0 @ModelAttribute, 0 @InitBinder, 1 RequestBodyAdvice, 1 ResponseBodyAdvice
2026-05-26 02:48:23 [restartedMain] DEBUG o.s.w.s.m.m.a.ExceptionHandlerExceptionResolver - ControllerAdvice beans: 1 @ExceptionHandler, 1 ResponseBodyAdvice
2026-05-26 02:48:23 [restartedMain] DEBUG org.springframework.web.SimpLogging - clientOutboundChannel added SubProtocolWebSocketHandler[StompSubProtocolHandler[v10.stomp, v11.stomp, v12.stomp]]
2026-05-26 02:48:23 [restartedMain] DEBUG org.springframework.web.SimpLogging - clientInboundChannel added WebSocketAnnotationMethodMessageHandler[prefixes=[/app/]]
2026-05-26 02:48:23 [restartedMain] INFO  org.springframework.web.SimpLogging - Starting...
2026-05-26 02:48:23 [restartedMain] DEBUG org.springframework.web.SimpLogging - clientInboundChannel added SimpleBrokerMessageHandler [org.springframework.messaging.simp.broker.DefaultSubscriptionRegistry@1b9df239]
2026-05-26 02:48:23 [restartedMain] DEBUG org.springframework.web.SimpLogging - brokerChannel added SimpleBrokerMessageHandler [org.springframework.messaging.simp.broker.DefaultSubscriptionRegistry@1b9df239]
2026-05-26 02:48:23 [restartedMain] INFO  org.springframework.web.SimpLogging - BrokerAvailabilityEvent[available=true, SimpleBrokerMessageHandler [org.springframework.messaging.simp.broker.DefaultSubscriptionRegistry@1b9df239]]
2026-05-26 02:48:23 [restartedMain] INFO  org.springframework.web.SimpLogging - Started.
2026-05-26 02:48:23 [restartedMain] DEBUG org.springframework.web.SimpLogging - clientInboundChannel added UserDestinationMessageHandler[DefaultUserDestinationResolver[prefix=/user/]]
2026-05-26 02:48:23 [restartedMain] DEBUG org.springframework.web.SimpLogging - brokerChannel added UserDestinationMessageHandler[DefaultUserDestinationResolver[prefix=/user/]]
2026-05-26 02:48:23 [restartedMain] INFO  c.t.backend.TakeCareApplication - Started TakeCareApplication in 26.225 seconds (process running for 3125.954)
2026-05-26 02:48:25 [Thread-27] DEBUG org.springframework.web.SimpLogging - clientOutboundChannel removed SubProtocolWebSocketHandler[StompSubProtocolHandler[v10.stomp, v11.stomp, v12.stomp]]
2026-05-26 02:48:25 [Thread-27] DEBUG org.springframework.web.SimpLogging - clientInboundChannel removed WebSocketAnnotationMethodMessageHandler[prefixes=[/app/]]
2026-05-26 02:48:25 [Thread-27] INFO  org.springframework.web.SimpLogging - Stopping...
2026-05-26 02:48:25 [Thread-27] INFO  org.springframework.web.SimpLogging - BrokerAvailabilityEvent[available=false, SimpleBrokerMessageHandler [org.springframework.messaging.simp.broker.DefaultSubscriptionRegistry@1b9df239]]
2026-05-26 02:48:25 [Thread-27] DEBUG org.springframework.web.SimpLogging - clientInboundChannel removed SimpleBrokerMessageHandler [org.springframework.messaging.simp.broker.DefaultSubscriptionRegistry@1b9df239]
2026-05-26 02:48:25 [Thread-27] DEBUG org.springframework.web.SimpLogging - brokerChannel removed SimpleBrokerMessageHandler [org.springframework.messaging.simp.broker.DefaultSubscriptionRegistry@1b9df239]
2026-05-26 02:48:25 [Thread-27] INFO  org.springframework.web.SimpLogging - Stopped.
2026-05-26 02:48:25 [Thread-27] DEBUG org.springframework.web.SimpLogging - clientInboundChannel removed UserDestinationMessageHandler[DefaultUserDestinationResolver[prefix=/user/]]
2026-05-26 02:48:25 [Thread-27] DEBUG org.springframework.web.SimpLogging - brokerChannel removed UserDestinationMessageHandler[DefaultUserDestinationResolver[prefix=/user/]]
2026-05-26 02:48:27 [restartedMain] INFO  c.t.backend.TakeCareApplication - Starting TakeCareApplication using Java 17.0.18 with PID 1116 (C:\Users\usser\Desktop\Uni\TallerSISINFO\takecare\backend\target\classes started by usser in C:\Users\usser\Desktop\Uni\TallerSISINFO\takecare\backend)
2026-05-26 02:48:27 [restartedMain] INFO  c.t.backend.TakeCareApplication - No active profile set, falling back to 1 default profile: "default"
2026-05-26 02:48:53 [restartedMain] INFO  c.t.b.s.s.OrientationMaterialService - Orientation materials storage ready at: C:\Users\usser\Desktop\Uni\TallerSISINFO\takecare\backend\uploads\orientation-materials
2026-05-26 02:48:53 [restartedMain] INFO  c.t.b.u.s.ClinicalDocumentService - Clinical docs storage ready at: C:\Users\usser\Desktop\Uni\TallerSISINFO\takecare\backend\uploads\clinical-docs
2026-05-26 02:48:53 [restartedMain] WARN  o.s.b.a.o.j.JpaBaseConfiguration$JpaWebConfiguration - spring.jpa.open-in-view is enabled by default. Therefore, database queries may be performed during view rendering. Explicitly configure spring.jpa.open-in-view to disable this warning
2026-05-26 02:48:53 [restartedMain] DEBUG o.s.w.s.s.s.WebSocketHandlerMapping - Patterns [/ws-takecare/**] in 'stompWebSocketHandlerMapping'
2026-05-26 02:48:53 [restartedMain] DEBUG o.s.w.s.m.m.a.RequestMappingHandlerMapping - 83 mappings in 'requestMappingHandlerMapping'
2026-05-26 02:48:53 [restartedMain] DEBUG o.s.w.s.h.SimpleUrlHandlerMapping - Patterns [/webjars/**, /**, /swagger-ui*/*swagger-initializer.js, /swagger-ui*/**] in 'resourceHandlerMapping'
2026-05-26 02:48:53 [restartedMain] WARN  o.s.b.a.s.s.UserDetailsServiceAutoConfiguration - 

Using generated security password: 45718f3f-09a9-493f-b7fe-233c5beb92f6

This generated password is for development use only. Your security configuration must be updated before running your application in production.

2026-05-26 02:48:53 [restartedMain] DEBUG o.s.w.s.m.WebSocketAnnotationMethodMessageHandler - 
	c.t.b.a.c.AuthController:
	
2026-05-26 02:48:53 [restartedMain] DEBUG o.s.w.s.m.WebSocketAnnotationMethodMessageHandler - 
	c.t.b.c.c.CalificationController:
	
2026-05-26 02:48:53 [restartedMain] DEBUG o.s.w.s.m.WebSocketAnnotationMethodMessageHandler - 
	c.t.b.n.c.NotificationController:
	
2026-05-26 02:48:53 [restartedMain] DEBUG o.s.w.s.m.WebSocketAnnotationMethodMessageHandler - 
	c.t.b.r.c.ReportController:
	
2026-05-26 02:48:53 [restartedMain] DEBUG o.s.w.s.m.WebSocketAnnotationMethodMessageHandler - 
	c.t.b.s.c.SessionController:
	
2026-05-26 02:48:53 [restartedMain] DEBUG o.s.w.s.m.WebSocketAnnotationMethodMessageHandler - 
	c.t.b.s.c.TestController:
	
2026-05-26 02:48:53 [restartedMain] DEBUG o.s.w.s.m.WebSocketAnnotationMethodMessageHandler - 
	c.t.b.s.c.SpecialistScheduleController:
	
2026-05-26 02:48:53 [restartedMain] DEBUG o.s.w.s.m.WebSocketAnnotationMethodMessageHandler - 
	c.t.b.s.c.OrientationMaterialController:
	
2026-05-26 02:48:53 [restartedMain] DEBUG o.s.w.s.m.WebSocketAnnotationMethodMessageHandler - 
	c.t.b.s.c.SupportMaterialController:
	
2026-05-26 02:48:53 [restartedMain] DEBUG o.s.w.s.m.WebSocketAnnotationMethodMessageHandler - 
	c.t.b.u.c.AdminController:
	
2026-05-26 02:48:53 [restartedMain] DEBUG o.s.w.s.m.WebSocketAnnotationMethodMessageHandler - 
	c.t.b.u.c.ClinicalDocumentController:
	
2026-05-26 02:48:53 [restartedMain] DEBUG o.s.w.s.m.WebSocketAnnotationMethodMessageHandler - 
	c.t.b.u.c.PatientController:
	
2026-05-26 02:48:53 [restartedMain] DEBUG o.s.w.s.m.WebSocketAnnotationMethodMessageHandler - 
	c.t.b.u.c.SpecialistController:
	
2026-05-26 02:48:53 [restartedMain] DEBUG o.s.w.s.m.WebSocketAnnotationMethodMessageHandler - 
	c.t.b.u.c.UserController:
	
2026-05-26 02:48:53 [restartedMain] DEBUG o.s.w.s.m.WebSocketAnnotationMethodMessageHandler - 
	c.t.b.u.c.UserProfileController:
	
2026-05-26 02:48:53 [restartedMain] DEBUG o.s.w.s.m.WebSocketAnnotationMethodMessageHandler - 
	o.s.b.a.w.s.e.BasicErrorController:
	
2026-05-26 02:48:53 [restartedMain] DEBUG o.s.w.s.m.WebSocketAnnotationMethodMessageHandler - 
	o.s.w.a.OpenApiWebMvcResource:
	
2026-05-26 02:48:53 [restartedMain] DEBUG o.s.w.s.m.WebSocketAnnotationMethodMessageHandler - 
	o.s.w.u.SwaggerWelcomeWebMvc:
	
2026-05-26 02:48:53 [restartedMain] DEBUG o.s.w.s.m.WebSocketAnnotationMethodMessageHandler - 
	o.s.w.u.SwaggerConfigResource:
	
2026-05-26 02:48:53 [restartedMain] DEBUG o.s.w.s.m.m.a.RequestMappingHandlerAdapter - ControllerAdvice beans: 0 @ModelAttribute, 0 @InitBinder, 1 RequestBodyAdvice, 1 ResponseBodyAdvice
2026-05-26 02:48:53 [restartedMain] DEBUG o.s.w.s.m.m.a.ExceptionHandlerExceptionResolver - ControllerAdvice beans: 1 @ExceptionHandler, 1 ResponseBodyAdvice
2026-05-26 02:48:53 [restartedMain] DEBUG org.springframework.web.SimpLogging - clientOutboundChannel added SubProtocolWebSocketHandler[StompSubProtocolHandler[v10.stomp, v11.stomp, v12.stomp]]
2026-05-26 02:48:53 [restartedMain] DEBUG org.springframework.web.SimpLogging - clientInboundChannel added WebSocketAnnotationMethodMessageHandler[prefixes=[/app/]]
2026-05-26 02:48:53 [restartedMain] INFO  org.springframework.web.SimpLogging - Starting...
2026-05-26 02:48:53 [restartedMain] DEBUG org.springframework.web.SimpLogging - clientInboundChannel added SimpleBrokerMessageHandler [org.springframework.messaging.simp.broker.DefaultSubscriptionRegistry@74058857]
2026-05-26 02:48:53 [restartedMain] DEBUG org.springframework.web.SimpLogging - brokerChannel added SimpleBrokerMessageHandler [org.springframework.messaging.simp.broker.DefaultSubscriptionRegistry@74058857]
2026-05-26 02:48:53 [restartedMain] INFO  org.springframework.web.SimpLogging - BrokerAvailabilityEvent[available=true, SimpleBrokerMessageHandler [org.springframework.messaging.simp.broker.DefaultSubscriptionRegistry@74058857]]
2026-05-26 02:48:53 [restartedMain] INFO  org.springframework.web.SimpLogging - Started.
2026-05-26 02:48:53 [restartedMain] DEBUG org.springframework.web.SimpLogging - clientInboundChannel added UserDestinationMessageHandler[DefaultUserDestinationResolver[prefix=/user/]]
2026-05-26 02:48:53 [restartedMain] DEBUG org.springframework.web.SimpLogging - brokerChannel added UserDestinationMessageHandler[DefaultUserDestinationResolver[prefix=/user/]]
2026-05-26 02:48:53 [restartedMain] INFO  c.t.backend.TakeCareApplication - Started TakeCareApplication in 26.279 seconds (process running for 3156.391)
2026-05-26 02:49:53 [MessageBroker-2] INFO  o.s.w.s.c.WebSocketMessageBrokerStats - WebSocketSession[0 current WS(0)-HttpStream(0)-HttpPoll(0), 0 total, 0 closed abnormally (0 connect failure, 0 send limit, 0 transport error)], stompSubProtocol[processed CONNECT(0)-CONNECTED(0)-DISCONNECT(0)], stompBrokerRelay[null], inboundChannel[pool size = 0, active threads = 0, queued tasks = 0, completed tasks = 0], outboundChannel[pool size = 0, active threads = 0, queued tasks = 0, completed tasks = 0], sockJsScheduler[pool size = 3, active threads = 1, queued tasks = 1, completed tasks = 1]
2026-05-26 02:50:07 [Thread-31] DEBUG org.springframework.web.SimpLogging - clientOutboundChannel removed SubProtocolWebSocketHandler[StompSubProtocolHandler[v10.stomp, v11.stomp, v12.stomp]]
2026-05-26 02:50:07 [Thread-31] DEBUG org.springframework.web.SimpLogging - clientInboundChannel removed WebSocketAnnotationMethodMessageHandler[prefixes=[/app/]]
2026-05-26 02:50:07 [Thread-31] INFO  org.springframework.web.SimpLogging - Stopping...
2026-05-26 02:50:07 [Thread-31] INFO  org.springframework.web.SimpLogging - BrokerAvailabilityEvent[available=false, SimpleBrokerMessageHandler [org.springframework.messaging.simp.broker.DefaultSubscriptionRegistry@74058857]]
2026-05-26 02:50:07 [Thread-31] DEBUG org.springframework.web.SimpLogging - clientInboundChannel removed SimpleBrokerMessageHandler [org.springframework.messaging.simp.broker.DefaultSubscriptionRegistry@74058857]
2026-05-26 02:50:07 [Thread-31] DEBUG org.springframework.web.SimpLogging - brokerChannel removed SimpleBrokerMessageHandler [org.springframework.messaging.simp.broker.DefaultSubscriptionRegistry@74058857]
2026-05-26 02:50:07 [Thread-31] INFO  org.springframework.web.SimpLogging - Stopped.
2026-05-26 02:50:07 [Thread-31] DEBUG org.springframework.web.SimpLogging - clientInboundChannel removed UserDestinationMessageHandler[DefaultUserDestinationResolver[prefix=/user/]]
2026-05-26 02:50:07 [Thread-31] DEBUG org.springframework.web.SimpLogging - brokerChannel removed UserDestinationMessageHandler[DefaultUserDestinationResolver[prefix=/user/]]
2026-05-26 02:50:07 [restartedMain] INFO  c.t.backend.TakeCareApplication - Starting TakeCareApplication using Java 17.0.18 with PID 1116 (C:\Users\usser\Desktop\Uni\TallerSISINFO\takecare\backend\target\classes started by usser in C:\Users\usser\Desktop\Uni\TallerSISINFO\takecare\backend)
2026-05-26 02:50:07 [restartedMain] INFO  c.t.backend.TakeCareApplication - No active profile set, falling back to 1 default profile: "default"
2026-05-26 02:50:33 [restartedMain] INFO  c.t.b.s.s.OrientationMaterialService - Orientation materials storage ready at: C:\Users\usser\Desktop\Uni\TallerSISINFO\takecare\backend\uploads\orientation-materials
2026-05-26 02:50:33 [restartedMain] INFO  c.t.b.u.s.ClinicalDocumentService - Clinical docs storage ready at: C:\Users\usser\Desktop\Uni\TallerSISINFO\takecare\backend\uploads\clinical-docs
2026-05-26 02:50:33 [restartedMain] WARN  o.s.b.a.o.j.JpaBaseConfiguration$JpaWebConfiguration - spring.jpa.open-in-view is enabled by default. Therefore, database queries may be performed during view rendering. Explicitly configure spring.jpa.open-in-view to disable this warning
2026-05-26 02:50:33 [restartedMain] DEBUG o.s.w.s.s.s.WebSocketHandlerMapping - Patterns [/ws-takecare/**] in 'stompWebSocketHandlerMapping'
2026-05-26 02:50:33 [restartedMain] DEBUG o.s.w.s.m.m.a.RequestMappingHandlerMapping - 83 mappings in 'requestMappingHandlerMapping'
2026-05-26 02:50:33 [restartedMain] DEBUG o.s.w.s.h.SimpleUrlHandlerMapping - Patterns [/webjars/**, /**, /swagger-ui*/*swagger-initializer.js, /swagger-ui*/**] in 'resourceHandlerMapping'
2026-05-26 02:50:34 [restartedMain] WARN  o.s.b.a.s.s.UserDetailsServiceAutoConfiguration - 

Using generated security password: ae4205a7-e599-4616-a5d9-719c2ef5013b

This generated password is for development use only. Your security configuration must be updated before running your application in production.

2026-05-26 02:50:34 [restartedMain] DEBUG o.s.w.s.m.WebSocketAnnotationMethodMessageHandler - 
	c.t.b.a.c.AuthController:
	
2026-05-26 02:50:34 [restartedMain] DEBUG o.s.w.s.m.WebSocketAnnotationMethodMessageHandler - 
	c.t.b.c.c.CalificationController:
	
2026-05-26 02:50:34 [restartedMain] DEBUG o.s.w.s.m.WebSocketAnnotationMethodMessageHandler - 
	c.t.b.n.c.NotificationController:
	
2026-05-26 02:50:34 [restartedMain] DEBUG o.s.w.s.m.WebSocketAnnotationMethodMessageHandler - 
	c.t.b.r.c.ReportController:
	
2026-05-26 02:50:34 [restartedMain] DEBUG o.s.w.s.m.WebSocketAnnotationMethodMessageHandler - 
	c.t.b.s.c.SessionController:
	
2026-05-26 02:50:34 [restartedMain] DEBUG o.s.w.s.m.WebSocketAnnotationMethodMessageHandler - 
	c.t.b.s.c.TestController:
	
2026-05-26 02:50:34 [restartedMain] DEBUG o.s.w.s.m.WebSocketAnnotationMethodMessageHandler - 
	c.t.b.s.c.SpecialistScheduleController:
	
2026-05-26 02:50:34 [restartedMain] DEBUG o.s.w.s.m.WebSocketAnnotationMethodMessageHandler - 
	c.t.b.s.c.OrientationMaterialController:
	
2026-05-26 02:50:34 [restartedMain] DEBUG o.s.w.s.m.WebSocketAnnotationMethodMessageHandler - 
	c.t.b.s.c.SupportMaterialController:
	
2026-05-26 02:50:34 [restartedMain] DEBUG o.s.w.s.m.WebSocketAnnotationMethodMessageHandler - 
	c.t.b.u.c.AdminController:
	
2026-05-26 02:50:34 [restartedMain] DEBUG o.s.w.s.m.WebSocketAnnotationMethodMessageHandler - 
	c.t.b.u.c.ClinicalDocumentController:
	
2026-05-26 02:50:34 [restartedMain] DEBUG o.s.w.s.m.WebSocketAnnotationMethodMessageHandler - 
	c.t.b.u.c.PatientController:
	
2026-05-26 02:50:34 [restartedMain] DEBUG o.s.w.s.m.WebSocketAnnotationMethodMessageHandler - 
	c.t.b.u.c.SpecialistController:
	
2026-05-26 02:50:34 [restartedMain] DEBUG o.s.w.s.m.WebSocketAnnotationMethodMessageHandler - 
	c.t.b.u.c.UserController:
	
2026-05-26 02:50:34 [restartedMain] DEBUG o.s.w.s.m.WebSocketAnnotationMethodMessageHandler - 
	c.t.b.u.c.UserProfileController:
	
2026-05-26 02:50:34 [restartedMain] DEBUG o.s.w.s.m.WebSocketAnnotationMethodMessageHandler - 
	o.s.b.a.w.s.e.BasicErrorController:
	
2026-05-26 02:50:34 [restartedMain] DEBUG o.s.w.s.m.WebSocketAnnotationMethodMessageHandler - 
	o.s.w.a.OpenApiWebMvcResource:
	
2026-05-26 02:50:34 [restartedMain] DEBUG o.s.w.s.m.WebSocketAnnotationMethodMessageHandler - 
	o.s.w.u.SwaggerWelcomeWebMvc:
	
2026-05-26 02:50:34 [restartedMain] DEBUG o.s.w.s.m.WebSocketAnnotationMethodMessageHandler - 
	o.s.w.u.SwaggerConfigResource:
	
2026-05-26 02:50:34 [restartedMain] DEBUG o.s.w.s.m.m.a.RequestMappingHandlerAdapter - ControllerAdvice beans: 0 @ModelAttribute, 0 @InitBinder, 1 RequestBodyAdvice, 1 ResponseBodyAdvice
2026-05-26 02:50:34 [restartedMain] DEBUG o.s.w.s.m.m.a.ExceptionHandlerExceptionResolver - ControllerAdvice beans: 1 @ExceptionHandler, 1 ResponseBodyAdvice
2026-05-26 02:50:34 [restartedMain] DEBUG org.springframework.web.SimpLogging - clientOutboundChannel added SubProtocolWebSocketHandler[StompSubProtocolHandler[v10.stomp, v11.stomp, v12.stomp]]
2026-05-26 02:50:34 [restartedMain] DEBUG org.springframework.web.SimpLogging - clientInboundChannel added WebSocketAnnotationMethodMessageHandler[prefixes=[/app/]]
2026-05-26 02:50:34 [restartedMain] INFO  org.springframework.web.SimpLogging - Starting...
2026-05-26 02:50:34 [restartedMain] DEBUG org.springframework.web.SimpLogging - clientInboundChannel added SimpleBrokerMessageHandler [org.springframework.messaging.simp.broker.DefaultSubscriptionRegistry@22361f79]
2026-05-26 02:50:34 [restartedMain] DEBUG org.springframework.web.SimpLogging - brokerChannel added SimpleBrokerMessageHandler [org.springframework.messaging.simp.broker.DefaultSubscriptionRegistry@22361f79]
2026-05-26 02:50:34 [restartedMain] INFO  org.springframework.web.SimpLogging - BrokerAvailabilityEvent[available=true, SimpleBrokerMessageHandler [org.springframework.messaging.simp.broker.DefaultSubscriptionRegistry@22361f79]]
2026-05-26 02:50:34 [restartedMain] INFO  org.springframework.web.SimpLogging - Started.
2026-05-26 02:50:34 [restartedMain] DEBUG org.springframework.web.SimpLogging - clientInboundChannel added UserDestinationMessageHandler[DefaultUserDestinationResolver[prefix=/user/]]
2026-05-26 02:50:34 [restartedMain] DEBUG org.springframework.web.SimpLogging - brokerChannel added UserDestinationMessageHandler[DefaultUserDestinationResolver[prefix=/user/]]
2026-05-26 02:50:34 [restartedMain] INFO  c.t.backend.TakeCareApplication - Started TakeCareApplication in 26.391 seconds (process running for 3256.64)
2026-05-26 02:51:34 [MessageBroker-2] INFO  o.s.w.s.c.WebSocketMessageBrokerStats - WebSocketSession[0 current WS(0)-HttpStream(0)-HttpPoll(0), 0 total, 0 closed abnormally (0 connect failure, 0 send limit, 0 transport error)], stompSubProtocol[processed CONNECT(0)-CONNECTED(0)-DISCONNECT(0)], stompBrokerRelay[null], inboundChannel[pool size = 0, active threads = 0, queued tasks = 0, completed tasks = 0], outboundChannel[pool size = 0, active threads = 0, queued tasks = 0, completed tasks = 0], sockJsScheduler[pool size = 3, active threads = 1, queued tasks = 1, completed tasks = 1]
2026-05-26 02:58:34 [HikariPool-9:housekeeper] WARN  com.zaxxer.hikari.pool.PoolBase - HikariPool-9 - Failed to validate connection com.mysql.cj.jdbc.ConnectionImpl@62962271 (No operations allowed after connection closed.). Possibly consider using a shorter maxLifetime value.
2026-05-26 02:58:34 [HikariPool-9:housekeeper] WARN  com.zaxxer.hikari.pool.PoolBase - HikariPool-9 - Failed to validate connection com.mysql.cj.jdbc.ConnectionImpl@302988dc (No operations allowed after connection closed.). Possibly consider using a shorter maxLifetime value.
2026-05-26 02:58:34 [HikariPool-9:housekeeper] WARN  com.zaxxer.hikari.pool.HikariPool - HikariPool-9 - Thread starvation or clock leap detected (housekeeper delta=51s61ms245µs400ns).
2026-05-26 02:58:34 [HikariPool-9:housekeeper] WARN  com.zaxxer.hikari.pool.PoolBase - HikariPool-9 - Failed to validate connection com.mysql.cj.jdbc.ConnectionImpl@d722370 (No operations allowed after connection closed.). Possibly consider using a shorter maxLifetime value.
2026-05-26 02:58:35 [http-nio-8080-exec-1] INFO  o.s.web.servlet.DispatcherServlet - Initializing Servlet 'dispatcherServlet'
2026-05-26 02:58:35 [http-nio-8080-exec-1] DEBUG o.s.web.servlet.DispatcherServlet - Detected StandardServletMultipartResolver
2026-05-26 02:58:35 [http-nio-8080-exec-1] DEBUG o.s.web.servlet.DispatcherServlet - Detected AcceptHeaderLocaleResolver
2026-05-26 02:58:35 [http-nio-8080-exec-1] DEBUG o.s.web.servlet.DispatcherServlet - Detected FixedThemeResolver
2026-05-26 02:58:35 [http-nio-8080-exec-1] DEBUG o.s.web.servlet.DispatcherServlet - Detected org.springframework.web.servlet.view.DefaultRequestToViewNameTranslator@29298247
2026-05-26 02:58:35 [http-nio-8080-exec-1] DEBUG o.s.web.servlet.DispatcherServlet - Detected org.springframework.web.servlet.support.SessionFlashMapManager@710b981e
2026-05-26 02:58:35 [http-nio-8080-exec-1] DEBUG o.s.web.servlet.DispatcherServlet - enableLoggingRequestDetails='false': request parameters and headers will be masked to prevent unsafe logging of potentially sensitive data
2026-05-26 02:58:35 [http-nio-8080-exec-1] INFO  o.s.web.servlet.DispatcherServlet - Completed initialization in 3 ms
2026-05-26 02:58:35 [http-nio-8080-exec-1] DEBUG o.s.web.servlet.DispatcherServlet - GET "/api/v1/sessions/patient/13", parameters={}
2026-05-26 02:58:35 [http-nio-8080-exec-1] DEBUG o.s.w.s.m.m.a.RequestMappingHandlerMapping - Mapped to com.takecare.backend.session.controller.SessionController#listByPatient(Integer)
2026-05-26 02:58:35 [http-nio-8080-exec-1] INFO  c.t.b.s.controller.SessionController - GET sessions by patientId=13
2026-05-26 02:58:35 [http-nio-8080-exec-1] WARN  com.zaxxer.hikari.pool.PoolBase - HikariPool-9 - Failed to validate connection com.mysql.cj.jdbc.ConnectionImpl@35ebd8db (No operations allowed after connection closed.). Possibly consider using a shorter maxLifetime value.
2026-05-26 02:58:35 [http-nio-8080-exec-1] WARN  com.zaxxer.hikari.pool.PoolBase - HikariPool-9 - Failed to validate connection com.mysql.cj.jdbc.ConnectionImpl@8801c35 (No operations allowed after connection closed.). Possibly consider using a shorter maxLifetime value.
2026-05-26 02:58:35 [http-nio-8080-exec-1] WARN  com.zaxxer.hikari.pool.PoolBase - HikariPool-9 - Failed to validate connection com.mysql.cj.jdbc.ConnectionImpl@4ec1e745 (No operations allowed after connection closed.). Possibly consider using a shorter maxLifetime value.
2026-05-26 02:58:35 [http-nio-8080-exec-1] WARN  com.zaxxer.hikari.pool.PoolBase - HikariPool-9 - Failed to validate connection com.mysql.cj.jdbc.ConnectionImpl@5e3eb9c5 (No operations allowed after connection closed.). Possibly consider using a shorter maxLifetime value.
2026-05-26 02:58:35 [http-nio-8080-exec-1] WARN  com.zaxxer.hikari.pool.PoolBase - HikariPool-9 - Failed to validate connection com.mysql.cj.jdbc.ConnectionImpl@35f88fd9 (No operations allowed after connection closed.). Possibly consider using a shorter maxLifetime value.
2026-05-26 02:58:35 [http-nio-8080-exec-1] WARN  com.zaxxer.hikari.pool.PoolBase - HikariPool-9 - Failed to validate connection com.mysql.cj.jdbc.ConnectionImpl@57f0010e (No operations allowed after connection closed.). Possibly consider using a shorter maxLifetime value.
2026-05-26 02:58:35 [http-nio-8080-exec-1] WARN  com.zaxxer.hikari.pool.PoolBase - HikariPool-9 - Failed to validate connection com.mysql.cj.jdbc.ConnectionImpl@2687ca6e (No operations allowed after connection closed.). Possibly consider using a shorter maxLifetime value.
2026-05-26 02:59:51 [HikariPool-9:connection-adder] WARN  com.zaxxer.hikari.pool.PoolBase - HikariPool-9 - Pool is empty, failed to create/setup connection (9b21f09b-a286-4cd3-b94f-1461f254cc12)
com.mysql.cj.jdbc.exceptions.CommunicationsException: Communications link failure

The last packet sent successfully to the server was 0 milliseconds ago. The driver has not received any packets from the server.
	at com.mysql.cj.jdbc.exceptions.SQLError.createCommunicationsException(SQLError.java:165)
	at com.mysql.cj.jdbc.exceptions.SQLExceptionsMapping.translateException(SQLExceptionsMapping.java:55)
	at com.mysql.cj.jdbc.ConnectionImpl.createNewIO(ConnectionImpl.java:840)
	at com.mysql.cj.jdbc.ConnectionImpl.<init>(ConnectionImpl.java:416)
	at com.mysql.cj.jdbc.ConnectionImpl.getInstance(ConnectionImpl.java:237)
	at com.mysql.cj.jdbc.NonRegisteringDriver.connect(NonRegisteringDriver.java:180)
	at com.zaxxer.hikari.util.DriverDataSource.getConnection(DriverDataSource.java:144)
	at com.zaxxer.hikari.pool.PoolBase.newConnection(PoolBase.java:370)
	at com.zaxxer.hikari.pool.PoolBase.newPoolEntry(PoolBase.java:207)
	at com.zaxxer.hikari.pool.HikariPool.createPoolEntry(HikariPool.java:488)
	at com.zaxxer.hikari.pool.HikariPool$PoolEntryCreator.call(HikariPool.java:752)
	at com.zaxxer.hikari.pool.HikariPool$PoolEntryCreator.call(HikariPool.java:731)
	at java.base/java.util.concurrent.FutureTask.run(FutureTask.java:264)
	at java.base/java.util.concurrent.ThreadPoolExecutor.runWorker(ThreadPoolExecutor.java:1136)
	at java.base/java.util.concurrent.ThreadPoolExecutor$Worker.run(ThreadPoolExecutor.java:635)
	at java.base/java.lang.Thread.run(Thread.java:840)
Caused by: com.mysql.cj.exceptions.CJCommunicationsException: Communications link failure

The last packet sent successfully to the server was 0 milliseconds ago. The driver has not received any packets from the server.
	at jdk.internal.reflect.GeneratedConstructorAccessor166.newInstance(Unknown Source)
	at java.base/jdk.internal.reflect.DelegatingConstructorAccessorImpl.newInstance(DelegatingConstructorAccessorImpl.java:45)
	at java.base/java.lang.reflect.Constructor.newInstanceWithCaller(Constructor.java:500)
	at java.base/java.lang.reflect.Constructor.newInstance(Constructor.java:481)
	at com.mysql.cj.exceptions.ExceptionFactory.createException(ExceptionFactory.java:52)
	at com.mysql.cj.exceptions.ExceptionFactory.createException(ExceptionFactory.java:95)
	at com.mysql.cj.exceptions.ExceptionFactory.createException(ExceptionFactory.java:140)
	at com.mysql.cj.exceptions.ExceptionFactory.createCommunicationsException(ExceptionFactory.java:156)
	at com.mysql.cj.protocol.a.NativeSocketConnection.connect(NativeSocketConnection.java:79)
	at com.mysql.cj.NativeSession.connect(NativeSession.java:142)
	at com.mysql.cj.jdbc.ConnectionImpl.connectOneTryOnly(ConnectionImpl.java:964)
	at com.mysql.cj.jdbc.ConnectionImpl.createNewIO(ConnectionImpl.java:828)
	... 13 common frames omitted
Caused by: java.net.UnknownHostException: No such host is known (takecarebd-takecarebd.g.aivencloud.com)
	at java.base/java.net.Inet6AddressImpl.lookupAllHostAddr(Native Method)
	at java.base/java.net.InetAddress$PlatformNameService.lookupAllHostAddr(InetAddress.java:934)
	at java.base/java.net.InetAddress.getAddressesFromNameService(InetAddress.java:1543)
	at java.base/java.net.InetAddress$NameServiceAddresses.get(InetAddress.java:852)
	at java.base/java.net.InetAddress.getAllByName0(InetAddress.java:1533)
	at java.base/java.net.InetAddress.getAllByName(InetAddress.java:1385)
	at java.base/java.net.InetAddress.getAllByName(InetAddress.java:1306)
	at com.mysql.cj.protocol.StandardSocketFactory.connect(StandardSocketFactory.java:121)
	at com.mysql.cj.protocol.a.NativeSocketConnection.connect(NativeSocketConnection.java:53)
	... 16 common frames omitted
2026-05-26 02:59:53 [HikariPool-9:housekeeper] WARN  com.zaxxer.hikari.pool.HikariPool - HikariPool-9 - Thread starvation or clock leap detected (housekeeper delta=1m19s246ms197µs800ns).
2026-05-26 03:00:11 [http-nio-8080-exec-1] DEBUG o.s.w.s.m.m.a.HttpEntityMethodProcessor - Using 'application/json', given [application/json, text/plain, */*] and supported [application/json, application/*+json, application/yaml]
2026-05-26 03:00:11 [http-nio-8080-exec-1] DEBUG o.s.w.s.m.m.a.HttpEntityMethodProcessor - Writing [[com.takecare.backend.session.dto.SessionResponseDTO@52992ec, com.takecare.backend.session.dto.Sessi (truncated)...]
2026-05-26 03:00:11 [http-nio-8080-exec-1] DEBUG o.s.web.servlet.DispatcherServlet - Completed 200 OK
2026-05-26 03:12:35 [http-nio-8080-exec-2] DEBUG o.s.web.servlet.DispatcherServlet - GET "/api/v1/sessions/patient/13", parameters={}
2026-05-26 03:12:35 [http-nio-8080-exec-2] DEBUG o.s.w.s.m.m.a.RequestMappingHandlerMapping - Mapped to com.takecare.backend.session.controller.SessionController#listByPatient(Integer)
2026-05-26 03:12:35 [http-nio-8080-exec-2] INFO  c.t.b.s.controller.SessionController - GET sessions by patientId=13
2026-05-26 03:12:39 [http-nio-8080-exec-2] DEBUG o.s.w.s.m.m.a.HttpEntityMethodProcessor - Using 'application/json', given [application/json, text/plain, */*] and supported [application/json, application/*+json, application/yaml]
2026-05-26 03:12:39 [http-nio-8080-exec-2] DEBUG o.s.w.s.m.m.a.HttpEntityMethodProcessor - Writing [[com.takecare.backend.session.dto.SessionResponseDTO@5da722e2, com.takecare.backend.session.dto.Sess (truncated)...]
2026-05-26 03:12:39 [http-nio-8080-exec-2] DEBUG o.s.web.servlet.DispatcherServlet - Completed 200 OK
2026-05-26 03:12:41 [http-nio-8080-exec-3] DEBUG o.s.web.servlet.DispatcherServlet - GET "/api/v1/sessions/patient/13", parameters={}
2026-05-26 03:12:41 [http-nio-8080-exec-3] DEBUG o.s.w.s.m.m.a.RequestMappingHandlerMapping - Mapped to com.takecare.backend.session.controller.SessionController#listByPatient(Integer)
2026-05-26 03:12:41 [http-nio-8080-exec-3] INFO  c.t.b.s.controller.SessionController - GET sessions by patientId=13
2026-05-26 03:12:45 [http-nio-8080-exec-3] DEBUG o.s.w.s.m.m.a.HttpEntityMethodProcessor - Using 'application/json', given [application/json, text/plain, */*] and supported [application/json, application/*+json, application/yaml]
2026-05-26 03:12:45 [http-nio-8080-exec-3] DEBUG o.s.w.s.m.m.a.HttpEntityMethodProcessor - Writing [[com.takecare.backend.session.dto.SessionResponseDTO@2ac79cad, com.takecare.backend.session.dto.Sess (truncated)...]
2026-05-26 03:12:45 [http-nio-8080-exec-3] DEBUG o.s.web.servlet.DispatcherServlet - Completed 200 OK
2026-05-26 03:13:20 [http-nio-8080-exec-5] DEBUG o.s.web.servlet.DispatcherServlet - POST "/api/v1/auth/login", parameters={}
2026-05-26 03:13:20 [http-nio-8080-exec-5] DEBUG o.s.w.s.m.m.a.RequestMappingHandlerMapping - Mapped to com.takecare.backend.auth.controller.AuthController#login(LoginRequestDTO)
2026-05-26 03:13:20 [http-nio-8080-exec-5] DEBUG o.s.w.s.m.m.a.RequestResponseBodyMethodProcessor - Read "application/json;charset=UTF-8" to [com.takecare.backend.auth.DTO.LoginRequestDTO@755603d8]
2026-05-26 03:13:21 [http-nio-8080-exec-5] DEBUG o.s.w.s.m.m.a.HttpEntityMethodProcessor - Using 'application/json', given [application/json, text/plain, */*] and supported [application/json, application/*+json, application/yaml]
2026-05-26 03:13:21 [http-nio-8080-exec-5] DEBUG o.s.w.s.m.m.a.HttpEntityMethodProcessor - Writing [com.takecare.backend.auth.DTO.ApiResponseDTO@4fa2756]
2026-05-26 03:13:21 [http-nio-8080-exec-5] DEBUG o.s.web.servlet.DispatcherServlet - Completed 200 OK
2026-05-26 03:13:22 [http-nio-8080-exec-6] DEBUG o.s.web.servlet.DispatcherServlet - GET "/api/v1/notifications/specialist/17/unread-count", parameters={}
2026-05-26 03:13:22 [http-nio-8080-exec-6] DEBUG o.s.w.s.m.m.a.RequestMappingHandlerMapping - Mapped to com.takecare.backend.notification.controller.NotificationController#unreadCount(Integer)
2026-05-26 03:13:22 [http-nio-8080-exec-6] INFO  c.t.b.n.c.NotificationController - GET /api/v1/notifications/specialist/17/unread-count
2026-05-26 03:13:24 [http-nio-8080-exec-7] DEBUG o.s.web.servlet.DispatcherServlet - GET "/api/v1/schedules/specialist/17/range?startDate=2026-05-26&endDate=2026-06-01", parameters={masked}
2026-05-26 03:13:24 [http-nio-8080-exec-7] DEBUG o.s.w.s.m.m.a.RequestMappingHandlerMapping - Mapped to com.takecare.backend.specialistschedule.controller.SpecialistScheduleController#getSchedulesByDateRange(Integer, LocalDate, LocalDate)
2026-05-26 03:13:25 [http-nio-8080-exec-6] DEBUG o.s.w.s.m.m.a.HttpEntityMethodProcessor - Using 'application/json', given [application/json, text/plain, */*] and supported [application/json, application/*+json, application/yaml]
2026-05-26 03:13:25 [http-nio-8080-exec-6] DEBUG o.s.w.s.m.m.a.HttpEntityMethodProcessor - Writing [com.takecare.backend.notification.dto.UnreadNotificationCountDto@269b0fc2]
2026-05-26 03:13:25 [http-nio-8080-exec-6] DEBUG o.s.web.servlet.DispatcherServlet - Completed 200 OK
2026-05-26 03:13:25 [http-nio-8080-exec-8] DEBUG o.s.web.servlet.DispatcherServlet - GET "/api/v1/notifications/specialist/17/unread-count", parameters={}
2026-05-26 03:13:25 [http-nio-8080-exec-8] DEBUG o.s.w.s.m.m.a.RequestMappingHandlerMapping - Mapped to com.takecare.backend.notification.controller.NotificationController#unreadCount(Integer)
2026-05-26 03:13:25 [http-nio-8080-exec-8] INFO  c.t.b.n.c.NotificationController - GET /api/v1/notifications/specialist/17/unread-count
2026-05-26 03:13:25 [http-nio-8080-exec-7] DEBUG o.s.w.s.m.m.a.HttpEntityMethodProcessor - Using 'application/json', given [application/json, text/plain, */*] and supported [application/json, application/*+json, application/yaml]
2026-05-26 03:13:25 [http-nio-8080-exec-7] DEBUG o.s.w.s.m.m.a.HttpEntityMethodProcessor - Writing [[com.takecare.backend.specialistschedule.dto.SpecialistScheduleResponseDTO@790ef110, com.takecare.ba (truncated)...]
2026-05-26 03:13:25 [http-nio-8080-exec-7] DEBUG o.s.web.servlet.DispatcherServlet - Completed 200 OK
2026-05-26 03:13:27 [http-nio-8080-exec-8] DEBUG o.s.w.s.m.m.a.HttpEntityMethodProcessor - Using 'application/json', given [application/json, text/plain, */*] and supported [application/json, application/*+json, application/yaml]
2026-05-26 03:13:27 [http-nio-8080-exec-8] DEBUG o.s.w.s.m.m.a.HttpEntityMethodProcessor - Writing [com.takecare.backend.notification.dto.UnreadNotificationCountDto@34c5628c]
2026-05-26 03:13:27 [http-nio-8080-exec-8] DEBUG o.s.web.servlet.DispatcherServlet - Completed 200 OK
2026-05-26 03:13:41 [http-nio-8080-exec-10] DEBUG o.s.web.servlet.DispatcherServlet - POST "/api/v1/schedules/specialist/17/create", parameters={}
2026-05-26 03:13:41 [http-nio-8080-exec-10] DEBUG o.s.w.s.m.m.a.RequestMappingHandlerMapping - Mapped to com.takecare.backend.specialistschedule.controller.SpecialistScheduleController#createSchedule(Integer, SpecialistScheduleDTO)
2026-05-26 03:13:41 [http-nio-8080-exec-10] DEBUG o.s.w.s.m.m.a.RequestResponseBodyMethodProcessor - Read "application/json;charset=UTF-8" to [com.takecare.backend.specialistschedule.dto.SpecialistScheduleDTO@415f82d1]
2026-05-26 03:13:44 [http-nio-8080-exec-10] DEBUG o.s.w.s.m.m.a.HttpEntityMethodProcessor - Using 'application/json', given [application/json, text/plain, */*] and supported [application/json, application/*+json, application/yaml]
2026-05-26 03:13:44 [http-nio-8080-exec-10] DEBUG o.s.w.s.m.m.a.HttpEntityMethodProcessor - Writing [com.takecare.backend.specialistschedule.dto.SpecialistScheduleResponseDTO@1bc1d232]
2026-05-26 03:13:44 [http-nio-8080-exec-10] DEBUG o.s.web.servlet.DispatcherServlet - Completed 200 OK
2026-05-26 03:13:44 [http-nio-8080-exec-1] DEBUG o.s.web.servlet.DispatcherServlet - GET "/api/v1/schedules/specialist/17/range?startDate=2026-05-26&endDate=2026-06-01", parameters={masked}
2026-05-26 03:13:44 [http-nio-8080-exec-1] DEBUG o.s.w.s.m.m.a.RequestMappingHandlerMapping - Mapped to com.takecare.backend.specialistschedule.controller.SpecialistScheduleController#getSchedulesByDateRange(Integer, LocalDate, LocalDate)
2026-05-26 03:13:44 [http-nio-8080-exec-1] DEBUG o.s.w.s.m.m.a.HttpEntityMethodProcessor - Using 'application/json', given [application/json, text/plain, */*] and supported [application/json, application/*+json, application/yaml]
2026-05-26 03:13:44 [http-nio-8080-exec-1] DEBUG o.s.w.s.m.m.a.HttpEntityMethodProcessor - Writing [[com.takecare.backend.specialistschedule.dto.SpecialistScheduleResponseDTO@3a201891, com.takecare.ba (truncated)...]
2026-05-26 03:13:44 [http-nio-8080-exec-1] DEBUG o.s.web.servlet.DispatcherServlet - Completed 200 OK
2026-05-26 03:13:47 [http-nio-8080-exec-2] DEBUG o.s.web.servlet.DispatcherServlet - GET "/api/v1/notifications/specialist/17", parameters={}
2026-05-26 03:13:47 [http-nio-8080-exec-2] DEBUG o.s.w.s.m.m.a.RequestMappingHandlerMapping - Mapped to com.takecare.backend.notification.controller.NotificationController#listBySpecialist(Integer)
2026-05-26 03:13:47 [http-nio-8080-exec-3] DEBUG o.s.web.servlet.DispatcherServlet - GET "/api/v1/notifications/specialist/17/unread-count", parameters={}
2026-05-26 03:13:47 [http-nio-8080-exec-2] INFO  c.t.b.n.c.NotificationController - GET /api/v1/notifications/specialist/17 - listing notifications
2026-05-26 03:13:47 [http-nio-8080-exec-3] DEBUG o.s.w.s.m.m.a.RequestMappingHandlerMapping - Mapped to com.takecare.backend.notification.controller.NotificationController#unreadCount(Integer)
2026-05-26 03:13:47 [http-nio-8080-exec-3] INFO  c.t.b.n.c.NotificationController - GET /api/v1/notifications/specialist/17/unread-count
2026-05-26 03:13:48 [http-nio-8080-exec-2] INFO  c.t.b.n.service.NotificationService - Listing notifications for specialist id: 17
2026-05-26 03:13:50 [http-nio-8080-exec-3] DEBUG o.s.w.s.m.m.a.HttpEntityMethodProcessor - Using 'application/json', given [application/json, text/plain, */*] and supported [application/json, application/*+json, application/yaml]
2026-05-26 03:13:50 [http-nio-8080-exec-3] DEBUG o.s.w.s.m.m.a.HttpEntityMethodProcessor - Writing [com.takecare.backend.notification.dto.UnreadNotificationCountDto@7e5f2d20]
2026-05-26 03:13:50 [http-nio-8080-exec-3] DEBUG o.s.web.servlet.DispatcherServlet - Completed 200 OK
2026-05-26 03:13:50 [http-nio-8080-exec-4] DEBUG o.s.web.servlet.DispatcherServlet - GET "/api/v1/notifications/specialist/17/unread-count", parameters={}
2026-05-26 03:13:50 [http-nio-8080-exec-4] DEBUG o.s.w.s.m.m.a.RequestMappingHandlerMapping - Mapped to com.takecare.backend.notification.controller.NotificationController#unreadCount(Integer)
2026-05-26 03:13:50 [http-nio-8080-exec-4] INFO  c.t.b.n.c.NotificationController - GET /api/v1/notifications/specialist/17/unread-count
2026-05-26 03:13:50 [http-nio-8080-exec-2] DEBUG o.s.w.s.m.m.a.HttpEntityMethodProcessor - Using 'application/json', given [application/json, text/plain, */*] and supported [application/json, application/*+json, application/yaml]
2026-05-26 03:13:50 [http-nio-8080-exec-2] DEBUG o.s.w.s.m.m.a.HttpEntityMethodProcessor - Writing [[com.takecare.backend.notification.dto.NotificationResponseDto@73048a92, com.takecare.backend.notifi (truncated)...]
2026-05-26 03:13:50 [http-nio-8080-exec-2] DEBUG o.s.web.servlet.DispatcherServlet - Completed 200 OK
2026-05-26 03:13:50 [http-nio-8080-exec-5] DEBUG o.s.web.servlet.DispatcherServlet - GET "/api/v1/notifications/specialist/17", parameters={}
2026-05-26 03:13:50 [http-nio-8080-exec-5] DEBUG o.s.w.s.m.m.a.RequestMappingHandlerMapping - Mapped to com.takecare.backend.notification.controller.NotificationController#listBySpecialist(Integer)
2026-05-26 03:13:50 [http-nio-8080-exec-5] INFO  c.t.b.n.c.NotificationController - GET /api/v1/notifications/specialist/17 - listing notifications
2026-05-26 03:13:51 [http-nio-8080-exec-5] INFO  c.t.b.n.service.NotificationService - Listing notifications for specialist id: 17
2026-05-26 03:13:52 [http-nio-8080-exec-4] DEBUG o.s.w.s.m.m.a.HttpEntityMethodProcessor - Using 'application/json', given [application/json, text/plain, */*] and supported [application/json, application/*+json, application/yaml]
2026-05-26 03:13:52 [http-nio-8080-exec-4] DEBUG o.s.w.s.m.m.a.HttpEntityMethodProcessor - Writing [com.takecare.backend.notification.dto.UnreadNotificationCountDto@6f0b00d6]
2026-05-26 03:13:52 [http-nio-8080-exec-4] DEBUG o.s.web.servlet.DispatcherServlet - Completed 200 OK
2026-05-26 03:13:53 [http-nio-8080-exec-7] DEBUG o.s.web.servlet.DispatcherServlet - PUT "/api/v1/notifications/35/read-status", parameters={}
2026-05-26 03:13:53 [http-nio-8080-exec-7] DEBUG o.s.w.s.m.m.a.RequestMappingHandlerMapping - Mapped to com.takecare.backend.notification.controller.NotificationController#updateReadStatus(Integer, UpdateNotificationStatusRequestDto)
2026-05-26 03:13:53 [http-nio-8080-exec-7] DEBUG o.s.w.s.m.m.a.RequestResponseBodyMethodProcessor - Read "application/json;charset=UTF-8" to [com.takecare.backend.notification.dto.UpdateNotificationStatusRequestDto@24982549]
2026-05-26 03:13:53 [http-nio-8080-exec-7] INFO  c.t.b.n.c.NotificationController - PUT /api/v1/notifications/35/read-status
2026-05-26 03:13:53 [http-nio-8080-exec-5] DEBUG o.s.w.s.m.m.a.HttpEntityMethodProcessor - Using 'application/json', given [application/json, text/plain, */*] and supported [application/json, application/*+json, application/yaml]
2026-05-26 03:13:53 [http-nio-8080-exec-5] DEBUG o.s.w.s.m.m.a.HttpEntityMethodProcessor - Writing [[com.takecare.backend.notification.dto.NotificationResponseDto@2616ccae, com.takecare.backend.notifi (truncated)...]
2026-05-26 03:13:53 [http-nio-8080-exec-5] DEBUG o.s.web.servlet.DispatcherServlet - Completed 200 OK
2026-05-26 03:13:54 [http-nio-8080-exec-7] INFO  c.t.b.n.service.NotificationService - Notification id: 35 updated to status: 1
2026-05-26 03:13:55 [http-nio-8080-exec-9] DEBUG o.s.web.servlet.DispatcherServlet - PUT "/api/v1/notifications/34/read-status", parameters={}
2026-05-26 03:13:55 [http-nio-8080-exec-9] DEBUG o.s.w.s.m.m.a.RequestMappingHandlerMapping - Mapped to com.takecare.backend.notification.controller.NotificationController#updateReadStatus(Integer, UpdateNotificationStatusRequestDto)
2026-05-26 03:13:55 [http-nio-8080-exec-9] DEBUG o.s.w.s.m.m.a.RequestResponseBodyMethodProcessor - Read "application/json;charset=UTF-8" to [com.takecare.backend.notification.dto.UpdateNotificationStatusRequestDto@5c425787]
2026-05-26 03:13:55 [http-nio-8080-exec-9] INFO  c.t.b.n.c.NotificationController - PUT /api/v1/notifications/34/read-status
2026-05-26 03:13:55 [http-nio-8080-exec-7] DEBUG org.springframework.web.SimpLogging - Processing MESSAGE destination=/topic/notifications/specialist/17 session=null payload={"eventType":"NOTIFICATION_STATUS_UPDATED","unreadCount":1,"notification":{"id":...(truncated)
2026-05-26 03:13:55 [http-nio-8080-exec-7] INFO  c.t.b.n.service.NotificationService - Notification event NOTIFICATION_STATUS_UPDATED sent to topic /topic/notifications/specialist/17
2026-05-26 03:13:56 [http-nio-8080-exec-7] DEBUG o.s.w.s.m.m.a.HttpEntityMethodProcessor - Using 'application/json', given [application/json, text/plain, */*] and supported [application/json, application/*+json, application/yaml]
2026-05-26 03:13:56 [http-nio-8080-exec-7] DEBUG o.s.w.s.m.m.a.HttpEntityMethodProcessor - Writing [com.takecare.backend.notification.dto.NotificationResponseDto@3c1be96c]
2026-05-26 03:13:56 [http-nio-8080-exec-7] DEBUG o.s.web.servlet.DispatcherServlet - Completed 200 OK
2026-05-26 03:13:56 [http-nio-8080-exec-9] INFO  c.t.b.n.service.NotificationService - Notification id: 34 updated to status: 1
2026-05-26 03:13:57 [http-nio-8080-exec-9] DEBUG org.springframework.web.SimpLogging - Processing MESSAGE destination=/topic/notifications/specialist/17 session=null payload={"eventType":"NOTIFICATION_STATUS_UPDATED","unreadCount":0,"notification":{"id":...(truncated)
2026-05-26 03:13:57 [http-nio-8080-exec-9] INFO  c.t.b.n.service.NotificationService - Notification event NOTIFICATION_STATUS_UPDATED sent to topic /topic/notifications/specialist/17
2026-05-26 03:13:58 [http-nio-8080-exec-9] DEBUG o.s.w.s.m.m.a.HttpEntityMethodProcessor - Using 'application/json', given [application/json, text/plain, */*] and supported [application/json, application/*+json, application/yaml]
2026-05-26 03:13:58 [http-nio-8080-exec-9] DEBUG o.s.w.s.m.m.a.HttpEntityMethodProcessor - Writing [com.takecare.backend.notification.dto.NotificationResponseDto@237afe6b]
2026-05-26 03:13:58 [http-nio-8080-exec-9] DEBUG o.s.web.servlet.DispatcherServlet - Completed 200 OK
2026-05-26 03:14:10 [http-nio-8080-exec-1] DEBUG o.s.web.servlet.DispatcherServlet - POST "/api/v1/auth/login", parameters={}
2026-05-26 03:14:10 [http-nio-8080-exec-1] DEBUG o.s.w.s.m.m.a.RequestMappingHandlerMapping - Mapped to com.takecare.backend.auth.controller.AuthController#login(LoginRequestDTO)
2026-05-26 03:14:10 [http-nio-8080-exec-1] DEBUG o.s.w.s.m.m.a.RequestResponseBodyMethodProcessor - Read "application/json;charset=UTF-8" to [com.takecare.backend.auth.DTO.LoginRequestDTO@2828f616]
2026-05-26 03:14:11 [http-nio-8080-exec-1] DEBUG o.s.w.s.m.m.a.HttpEntityMethodProcessor - Using 'application/json', given [application/json, text/plain, */*] and supported [application/json, application/*+json, application/yaml]
2026-05-26 03:14:11 [http-nio-8080-exec-1] DEBUG o.s.w.s.m.m.a.HttpEntityMethodProcessor - Writing [com.takecare.backend.auth.DTO.ApiResponseDTO@6ae250b7]
2026-05-26 03:14:11 [http-nio-8080-exec-1] DEBUG o.s.web.servlet.DispatcherServlet - Completed 200 OK
2026-05-26 03:14:14 [http-nio-8080-exec-3] DEBUG o.s.web.servlet.DispatcherServlet - GET "/api/v1/specialists/search", parameters={}
2026-05-26 03:14:14 [http-nio-8080-exec-3] DEBUG o.s.w.s.m.m.a.RequestMappingHandlerMapping - Mapped to com.takecare.backend.user.controller.SpecialistController#searchSpecialists(String, String, String, String, String)
2026-05-26 03:14:14 [http-nio-8080-exec-3] INFO  c.t.b.u.c.SpecialistController - GET /api/v1/specialists/search | search=null | name=null | category=null | city=null | availability=null
2026-05-26 03:14:14 [http-nio-8080-exec-3] INFO  c.t.b.s.s.SpecialistSearchService - Buscando especialistas | search=null | name=null | category=null | city=null | availability=null
2026-05-26 03:14:15 [http-nio-8080-exec-3] INFO  c.t.b.s.s.SpecialistSearchService - Filtro aplicado | resultados=9
2026-05-26 03:14:22 [http-nio-8080-exec-3] INFO  c.t.b.u.c.SpecialistController - GET /api/v1/specialists/search | total=9
2026-05-26 03:14:22 [http-nio-8080-exec-3] DEBUG o.s.w.s.m.m.a.HttpEntityMethodProcessor - Using 'application/json', given [application/json, text/plain, */*] and supported [application/json, application/*+json, application/yaml]
2026-05-26 03:14:22 [http-nio-8080-exec-3] DEBUG o.s.w.s.m.m.a.HttpEntityMethodProcessor - Writing [[com.takecare.backend.specialities.dto.SpecialistFilterResponseDTO@5955aa1a, com.takecare.backend.sp (truncated)...]
2026-05-26 03:14:22 [http-nio-8080-exec-3] DEBUG o.s.web.servlet.DispatcherServlet - Completed 200 OK
2026-05-26 03:14:27 [http-nio-8080-exec-6] DEBUG o.s.web.servlet.DispatcherServlet - GET "/api/v1/schedules/specialist/17/grouped", parameters={}
2026-05-26 03:14:27 [http-nio-8080-exec-6] DEBUG o.s.w.s.m.m.a.RequestMappingHandlerMapping - Mapped to com.takecare.backend.specialistschedule.controller.SpecialistScheduleController#getSchedulesGroupedByDay(Integer)
2026-05-26 03:14:28 [http-nio-8080-exec-6] DEBUG o.s.w.s.m.m.a.HttpEntityMethodProcessor - Using 'application/json', given [application/json, text/plain, */*] and supported [application/json, application/*+json, application/yaml]
2026-05-26 03:14:28 [http-nio-8080-exec-6] DEBUG o.s.w.s.m.m.a.HttpEntityMethodProcessor - Writing [[com.takecare.backend.specialistschedule.dto.SpecialistScheduleGroupDTO@1ed34328, com.takecare.backe (truncated)...]
2026-05-26 03:14:28 [http-nio-8080-exec-6] DEBUG o.s.web.servlet.DispatcherServlet - Completed 200 OK
2026-05-26 03:14:37 [http-nio-8080-exec-8] DEBUG o.s.web.servlet.DispatcherServlet - POST "/api/v1/sessions", parameters={}
2026-05-26 03:14:37 [http-nio-8080-exec-8] DEBUG o.s.w.s.m.m.a.RequestMappingHandlerMapping - Mapped to com.takecare.backend.session.controller.SessionController#createSession(CreateSessionRequestDTO)
2026-05-26 03:14:37 [http-nio-8080-exec-8] DEBUG o.s.w.s.m.m.a.RequestResponseBodyMethodProcessor - Read "application/json;charset=UTF-8" to [com.takecare.backend.session.dto.CreateSessionRequestDTO@5bbf42c]
2026-05-26 03:14:37 [http-nio-8080-exec-8] INFO  c.t.b.s.controller.SessionController - POST session - patientId=13 scheduleId=31 typeOfSession=1
2026-05-26 03:14:39 [http-nio-8080-exec-8] INFO  c.t.b.n.service.NotificationService - Notification created successfully with id: 36 for specialist id: 17
2026-05-26 03:14:40 [http-nio-8080-exec-8] DEBUG org.springframework.web.SimpLogging - Processing MESSAGE destination=/topic/notifications/specialist/17 session=null payload={"eventType":"NOTIFICATION_CREATED","unreadCount":1,"notification":{"id":36,"ses...(truncated)
2026-05-26 03:14:40 [http-nio-8080-exec-8] INFO  c.t.b.n.service.NotificationService - Notification event NOTIFICATION_CREATED sent to topic /topic/notifications/specialist/17
2026-05-26 03:14:40 [http-nio-8080-exec-8] INFO  c.t.b.session.service.SessionService - Appointment created successfully. sessionId=17, patientId=13, scheduleId=31
2026-05-26 03:14:41 [http-nio-8080-exec-8] DEBUG o.s.w.s.m.m.a.HttpEntityMethodProcessor - Using 'application/json', given [application/json, text/plain, */*] and supported [application/json, application/*+json, application/yaml]
2026-05-26 03:14:41 [http-nio-8080-exec-8] DEBUG o.s.w.s.m.m.a.HttpEntityMethodProcessor - Writing [com.takecare.backend.session.dto.SessionResponseDTO@7c6e9fd6]
2026-05-26 03:14:41 [http-nio-8080-exec-8] DEBUG o.s.web.servlet.DispatcherServlet - Completed 200 OK
2026-05-26 03:14:41 [http-nio-8080-exec-7] DEBUG o.s.web.servlet.DispatcherServlet - GET "/api/v1/schedules/specialist/17/grouped", parameters={}
2026-05-26 03:14:41 [http-nio-8080-exec-7] DEBUG o.s.w.s.m.m.a.RequestMappingHandlerMapping - Mapped to com.takecare.backend.specialistschedule.controller.SpecialistScheduleController#getSchedulesGroupedByDay(Integer)
2026-05-26 03:14:42 [http-nio-8080-exec-7] DEBUG o.s.w.s.m.m.a.HttpEntityMethodProcessor - Using 'application/json', given [application/json, text/plain, */*] and supported [application/json, application/*+json, application/yaml]
2026-05-26 03:14:42 [http-nio-8080-exec-7] DEBUG o.s.w.s.m.m.a.HttpEntityMethodProcessor - Writing [[com.takecare.backend.specialistschedule.dto.SpecialistScheduleGroupDTO@79e86056, com.takecare.backe (truncated)...]
2026-05-26 03:14:42 [http-nio-8080-exec-7] DEBUG o.s.web.servlet.DispatcherServlet - Completed 200 OK
2026-05-26 03:15:00 [http-nio-8080-exec-10] DEBUG o.s.web.servlet.DispatcherServlet - POST "/api/v1/auth/login", parameters={}
2026-05-26 03:15:00 [http-nio-8080-exec-10] DEBUG o.s.w.s.m.m.a.RequestMappingHandlerMapping - Mapped to com.takecare.backend.auth.controller.AuthController#login(LoginRequestDTO)
2026-05-26 03:15:00 [http-nio-8080-exec-10] DEBUG o.s.w.s.m.m.a.RequestResponseBodyMethodProcessor - Read "application/json;charset=UTF-8" to [com.takecare.backend.auth.DTO.LoginRequestDTO@25bcd0f7]
2026-05-26 03:15:01 [http-nio-8080-exec-10] DEBUG o.s.w.s.m.m.a.HttpEntityMethodProcessor - Using 'application/json', given [application/json, text/plain, */*] and supported [application/json, application/*+json, application/yaml]
2026-05-26 03:15:01 [http-nio-8080-exec-10] DEBUG o.s.w.s.m.m.a.HttpEntityMethodProcessor - Writing [com.takecare.backend.auth.DTO.ApiResponseDTO@7098eb9]
2026-05-26 03:15:01 [http-nio-8080-exec-10] DEBUG o.s.web.servlet.DispatcherServlet - Completed 200 OK
2026-05-26 03:15:01 [http-nio-8080-exec-1] DEBUG o.s.web.servlet.DispatcherServlet - GET "/api/v1/notifications/specialist/17/unread-count", parameters={}
2026-05-26 03:15:01 [http-nio-8080-exec-1] DEBUG o.s.w.s.m.m.a.RequestMappingHandlerMapping - Mapped to com.takecare.backend.notification.controller.NotificationController#unreadCount(Integer)
2026-05-26 03:15:01 [http-nio-8080-exec-1] INFO  c.t.b.n.c.NotificationController - GET /api/v1/notifications/specialist/17/unread-count
2026-05-26 03:15:04 [http-nio-8080-exec-1] DEBUG o.s.w.s.m.m.a.HttpEntityMethodProcessor - Using 'application/json', given [application/json, text/plain, */*] and supported [application/json, application/*+json, application/yaml]
2026-05-26 03:15:04 [http-nio-8080-exec-1] DEBUG o.s.w.s.m.m.a.HttpEntityMethodProcessor - Writing [com.takecare.backend.notification.dto.UnreadNotificationCountDto@2ce2ddfc]
2026-05-26 03:15:04 [http-nio-8080-exec-1] DEBUG o.s.web.servlet.DispatcherServlet - Completed 200 OK
2026-05-26 03:15:06 [http-nio-8080-exec-2] DEBUG o.s.web.servlet.DispatcherServlet - GET "/api/v1/notifications/specialist/17", parameters={}
2026-05-26 03:15:06 [http-nio-8080-exec-2] DEBUG o.s.w.s.m.m.a.RequestMappingHandlerMapping - Mapped to com.takecare.backend.notification.controller.NotificationController#listBySpecialist(Integer)
2026-05-26 03:15:06 [http-nio-8080-exec-2] INFO  c.t.b.n.c.NotificationController - GET /api/v1/notifications/specialist/17 - listing notifications
2026-05-26 03:15:07 [http-nio-8080-exec-4] DEBUG o.s.web.servlet.DispatcherServlet - GET "/api/v1/notifications/specialist/17/unread-count", parameters={}
2026-05-26 03:15:07 [http-nio-8080-exec-4] DEBUG o.s.w.s.m.m.a.RequestMappingHandlerMapping - Mapped to com.takecare.backend.notification.controller.NotificationController#unreadCount(Integer)
2026-05-26 03:15:07 [http-nio-8080-exec-4] INFO  c.t.b.n.c.NotificationController - GET /api/v1/notifications/specialist/17/unread-count
2026-05-26 03:15:08 [http-nio-8080-exec-2] INFO  c.t.b.n.service.NotificationService - Listing notifications for specialist id: 17
2026-05-26 03:15:09 [http-nio-8080-exec-4] DEBUG o.s.w.s.m.m.a.HttpEntityMethodProcessor - Using 'application/json', given [application/json, text/plain, */*] and supported [application/json, application/*+json, application/yaml]
2026-05-26 03:15:09 [http-nio-8080-exec-4] DEBUG o.s.w.s.m.m.a.HttpEntityMethodProcessor - Writing [com.takecare.backend.notification.dto.UnreadNotificationCountDto@f24ff99]
2026-05-26 03:15:09 [http-nio-8080-exec-4] DEBUG o.s.web.servlet.DispatcherServlet - Completed 200 OK
2026-05-26 03:15:09 [http-nio-8080-exec-3] DEBUG o.s.web.servlet.DispatcherServlet - GET "/api/v1/notifications/specialist/17/unread-count", parameters={}
2026-05-26 03:15:09 [http-nio-8080-exec-3] DEBUG o.s.w.s.m.m.a.RequestMappingHandlerMapping - Mapped to com.takecare.backend.notification.controller.NotificationController#unreadCount(Integer)
2026-05-26 03:15:09 [http-nio-8080-exec-3] INFO  c.t.b.n.c.NotificationController - GET /api/v1/notifications/specialist/17/unread-count
2026-05-26 03:15:10 [http-nio-8080-exec-2] DEBUG o.s.w.s.m.m.a.HttpEntityMethodProcessor - Using 'application/json', given [application/json, text/plain, */*] and supported [application/json, application/*+json, application/yaml]
2026-05-26 03:15:10 [http-nio-8080-exec-2] DEBUG o.s.w.s.m.m.a.HttpEntityMethodProcessor - Writing [[com.takecare.backend.notification.dto.NotificationResponseDto@17a3e66c, com.takecare.backend.notifi (truncated)...]
2026-05-26 03:15:10 [http-nio-8080-exec-2] DEBUG o.s.web.servlet.DispatcherServlet - Completed 200 OK
2026-05-26 03:15:10 [http-nio-8080-exec-6] DEBUG o.s.web.servlet.DispatcherServlet - GET "/api/v1/notifications/specialist/17", parameters={}
2026-05-26 03:15:10 [http-nio-8080-exec-6] DEBUG o.s.w.s.m.m.a.RequestMappingHandlerMapping - Mapped to com.takecare.backend.notification.controller.NotificationController#listBySpecialist(Integer)
2026-05-26 03:15:10 [http-nio-8080-exec-6] INFO  c.t.b.n.c.NotificationController - GET /api/v1/notifications/specialist/17 - listing notifications
2026-05-26 03:15:11 [http-nio-8080-exec-6] INFO  c.t.b.n.service.NotificationService - Listing notifications for specialist id: 17
2026-05-26 03:15:12 [http-nio-8080-exec-3] DEBUG o.s.w.s.m.m.a.HttpEntityMethodProcessor - Using 'application/json', given [application/json, text/plain, */*] and supported [application/json, application/*+json, application/yaml]
2026-05-26 03:15:12 [http-nio-8080-exec-3] DEBUG o.s.w.s.m.m.a.HttpEntityMethodProcessor - Writing [com.takecare.backend.notification.dto.UnreadNotificationCountDto@25886abc]
2026-05-26 03:15:12 [http-nio-8080-exec-3] DEBUG o.s.web.servlet.DispatcherServlet - Completed 200 OK
2026-05-26 03:15:13 [http-nio-8080-exec-6] DEBUG o.s.w.s.m.m.a.HttpEntityMethodProcessor - Using 'application/json', given [application/json, text/plain, */*] and supported [application/json, application/*+json, application/yaml]
2026-05-26 03:15:13 [http-nio-8080-exec-6] DEBUG o.s.w.s.m.m.a.HttpEntityMethodProcessor - Writing [[com.takecare.backend.notification.dto.NotificationResponseDto@2497d321, com.takecare.backend.notifi (truncated)...]
2026-05-26 03:15:13 [http-nio-8080-exec-6] DEBUG o.s.web.servlet.DispatcherServlet - Completed 200 OK
2026-05-26 03:15:19 [http-nio-8080-exec-5] DEBUG o.s.web.servlet.DispatcherServlet - GET "/api/v1/notifications/specialist/17/unread-count", parameters={}
2026-05-26 03:15:19 [http-nio-8080-exec-5] DEBUG o.s.w.s.m.m.a.RequestMappingHandlerMapping - Mapped to com.takecare.backend.notification.controller.NotificationController#unreadCount(Integer)
2026-05-26 03:15:19 [http-nio-8080-exec-5] INFO  c.t.b.n.c.NotificationController - GET /api/v1/notifications/specialist/17/unread-count
2026-05-26 03:15:19 [http-nio-8080-exec-8] DEBUG o.s.web.servlet.DispatcherServlet - GET "/api/v1/schedules/specialist/17/range?startDate=2026-05-26&endDate=2026-06-01", parameters={masked}
2026-05-26 03:15:19 [http-nio-8080-exec-8] DEBUG o.s.w.s.m.m.a.RequestMappingHandlerMapping - Mapped to com.takecare.backend.specialistschedule.controller.SpecialistScheduleController#getSchedulesByDateRange(Integer, LocalDate, LocalDate)
2026-05-26 03:15:20 [http-nio-8080-exec-8] DEBUG o.s.w.s.m.m.a.HttpEntityMethodProcessor - Using 'application/json', given [application/json, text/plain, */*] and supported [application/json, application/*+json, application/yaml]
2026-05-26 03:15:20 [http-nio-8080-exec-8] DEBUG o.s.w.s.m.m.a.HttpEntityMethodProcessor - Writing [[com.takecare.backend.specialistschedule.dto.SpecialistScheduleResponseDTO@46d12fbc, com.takecare.ba (truncated)...]
2026-05-26 03:15:20 [http-nio-8080-exec-8] DEBUG o.s.web.servlet.DispatcherServlet - Completed 200 OK
2026-05-26 03:15:22 [http-nio-8080-exec-5] DEBUG o.s.w.s.m.m.a.HttpEntityMethodProcessor - Using 'application/json', given [application/json, text/plain, */*] and supported [application/json, application/*+json, application/yaml]
2026-05-26 03:15:22 [http-nio-8080-exec-5] DEBUG o.s.w.s.m.m.a.HttpEntityMethodProcessor - Writing [com.takecare.backend.notification.dto.UnreadNotificationCountDto@7e59b54a]
2026-05-26 03:15:22 [http-nio-8080-exec-5] DEBUG o.s.web.servlet.DispatcherServlet - Completed 200 OK
2026-05-26 03:15:22 [http-nio-8080-exec-7] DEBUG o.s.web.servlet.DispatcherServlet - GET "/api/v1/notifications/specialist/17/unread-count", parameters={}
2026-05-26 03:15:22 [http-nio-8080-exec-7] DEBUG o.s.w.s.m.m.a.RequestMappingHandlerMapping - Mapped to com.takecare.backend.notification.controller.NotificationController#unreadCount(Integer)
2026-05-26 03:15:22 [http-nio-8080-exec-7] INFO  c.t.b.n.c.NotificationController - GET /api/v1/notifications/specialist/17/unread-count
2026-05-26 03:15:22 [http-nio-8080-exec-9] DEBUG o.s.web.servlet.DispatcherServlet - GET "/api/v1/sessions/specialist/17", parameters={}
2026-05-26 03:15:22 [http-nio-8080-exec-9] DEBUG o.s.w.s.m.m.a.RequestMappingHandlerMapping - Mapped to com.takecare.backend.session.controller.SessionController#listBySpecialist(Integer)
2026-05-26 03:15:22 [http-nio-8080-exec-9] INFO  c.t.b.s.controller.SessionController - GET sessions by specialistId=17
2026-05-26 03:15:25 [http-nio-8080-exec-9] DEBUG o.s.w.s.m.m.a.HttpEntityMethodProcessor - Using 'application/json', given [application/json, text/plain, */*] and supported [application/json, application/*+json, application/yaml]
2026-05-26 03:15:25 [http-nio-8080-exec-9] DEBUG o.s.w.s.m.m.a.HttpEntityMethodProcessor - Writing [[com.takecare.backend.session.dto.SessionResponseDTO@43f1c3be, com.takecare.backend.session.dto.Sess (truncated)...]
2026-05-26 03:15:25 [http-nio-8080-exec-9] DEBUG o.s.web.servlet.DispatcherServlet - Completed 200 OK
2026-05-26 03:15:25 [http-nio-8080-exec-10] DEBUG o.s.web.servlet.DispatcherServlet - GET "/api/v1/sessions/16/patient-ratings", parameters={}
2026-05-26 03:15:25 [http-nio-8080-exec-4] DEBUG o.s.web.servlet.DispatcherServlet - GET "/api/v1/reports/session/16/specialist/17", parameters={}
2026-05-26 03:15:25 [http-nio-8080-exec-4] DEBUG o.s.w.s.m.m.a.RequestMappingHandlerMapping - Mapped to com.takecare.backend.report.controller.ReportController#getReportBySession(Integer, Integer)
2026-05-26 03:15:25 [http-nio-8080-exec-10] DEBUG o.s.w.s.m.m.a.RequestMappingHandlerMapping - Mapped to com.takecare.backend.calification.controller.CalificationController#getPatientRating(Integer)
2026-05-26 03:15:25 [http-nio-8080-exec-1] DEBUG o.s.web.servlet.DispatcherServlet - GET "/api/v1/reports/session/17/specialist/17", parameters={}
2026-05-26 03:15:25 [http-nio-8080-exec-1] DEBUG o.s.w.s.m.m.a.RequestMappingHandlerMapping - Mapped to com.takecare.backend.report.controller.ReportController#getReportBySession(Integer, Integer)
2026-05-26 03:15:25 [http-nio-8080-exec-10] INFO  c.t.b.c.c.CalificationController - GET /api/v1/sessions/16/patient-ratings
2026-05-26 03:15:25 [http-nio-8080-exec-1] INFO  c.t.b.r.controller.ReportController - GET /reports/session/17/specialist/17
2026-05-26 03:15:25 [http-nio-8080-exec-4] INFO  c.t.b.r.controller.ReportController - GET /reports/session/16/specialist/17
2026-05-26 03:15:25 [http-nio-8080-exec-2] DEBUG o.s.web.servlet.DispatcherServlet - GET "/api/v1/reports/session/15/specialist/17", parameters={}
2026-05-26 03:15:25 [http-nio-8080-exec-2] DEBUG o.s.w.s.m.m.a.RequestMappingHandlerMapping - Mapped to com.takecare.backend.report.controller.ReportController#getReportBySession(Integer, Integer)
2026-05-26 03:15:25 [http-nio-8080-exec-2] INFO  c.t.b.r.controller.ReportController - GET /reports/session/15/specialist/17
2026-05-26 03:15:25 [http-nio-8080-exec-7] DEBUG o.s.w.s.m.m.a.HttpEntityMethodProcessor - Using 'application/json', given [application/json, text/plain, */*] and supported [application/json, application/*+json, application/yaml]
2026-05-26 03:15:25 [http-nio-8080-exec-7] DEBUG o.s.w.s.m.m.a.HttpEntityMethodProcessor - Writing [com.takecare.backend.notification.dto.UnreadNotificationCountDto@7e9d5359]
2026-05-26 03:15:25 [http-nio-8080-exec-7] DEBUG o.s.web.servlet.DispatcherServlet - Completed 200 OK
2026-05-26 03:15:26 [http-nio-8080-exec-10] INFO  c.t.b.c.service.CalificationService - Get specialist rating. sessionId=16, specialistId=17, patientId=13
2026-05-26 03:15:26 [http-nio-8080-exec-1] ERROR c.t.b.report.service.ReportService - Error fetching report for sessionId=17 specialistId=17
java.util.NoSuchElementException: Reporte no encontrado
	at com.takecare.backend.report.service.ReportService.lambda$4(ReportService.java:240)
	at java.base/java.util.Optional.orElseThrow(Optional.java:403)
	at com.takecare.backend.report.service.ReportService.getReportBySession(ReportService.java:240)
	at java.base/jdk.internal.reflect.NativeMethodAccessorImpl.invoke0(Native Method)
	at java.base/jdk.internal.reflect.NativeMethodAccessorImpl.invoke(NativeMethodAccessorImpl.java:77)
	at java.base/jdk.internal.reflect.DelegatingMethodAccessorImpl.invoke(DelegatingMethodAccessorImpl.java:43)
	at java.base/java.lang.reflect.Method.invoke(Method.java:569)
	at org.springframework.aop.support.AopUtils.invokeJoinpointUsingReflection(AopUtils.java:360)
	at org.springframework.aop.framework.ReflectiveMethodInvocation.invokeJoinpoint(ReflectiveMethodInvocation.java:196)
	at org.springframework.aop.framework.ReflectiveMethodInvocation.proceed(ReflectiveMethodInvocation.java:163)
	at org.springframework.transaction.interceptor.TransactionAspectSupport.invokeWithinTransaction(TransactionAspectSupport.java:380)
	at org.springframework.transaction.interceptor.TransactionInterceptor.invoke(TransactionInterceptor.java:119)
	at org.springframework.aop.framework.ReflectiveMethodInvocation.proceed(ReflectiveMethodInvocation.java:184)
	at org.springframework.aop.framework.CglibAopProxy$DynamicAdvisedInterceptor.intercept(CglibAopProxy.java:728)
	at com.takecare.backend.report.service.ReportService$$SpringCGLIB$$0.getReportBySession(<generated>)
	at com.takecare.backend.report.controller.ReportController.getReportBySession(ReportController.java:131)
	at java.base/jdk.internal.reflect.NativeMethodAccessorImpl.invoke0(Native Method)
	at java.base/jdk.internal.reflect.NativeMethodAccessorImpl.invoke(NativeMethodAccessorImpl.java:77)
	at java.base/jdk.internal.reflect.DelegatingMethodAccessorImpl.invoke(DelegatingMethodAccessorImpl.java:43)
	at java.base/java.lang.reflect.Method.invoke(Method.java:569)
	at org.springframework.web.method.support.InvocableHandlerMethod.doInvoke(InvocableHandlerMethod.java:258)
	at org.springframework.web.method.support.InvocableHandlerMethod.invokeForRequest(InvocableHandlerMethod.java:191)
	at org.springframework.web.servlet.mvc.method.annotation.ServletInvocableHandlerMethod.invokeAndHandle(ServletInvocableHandlerMethod.java:118)
	at org.springframework.web.servlet.mvc.method.annotation.RequestMappingHandlerAdapter.invokeHandlerMethod(RequestMappingHandlerAdapter.java:991)
	at org.springframework.web.servlet.mvc.method.annotation.RequestMappingHandlerAdapter.handleInternal(RequestMappingHandlerAdapter.java:896)
	at org.springframework.web.servlet.mvc.method.AbstractHandlerMethodAdapter.handle(AbstractHandlerMethodAdapter.java:87)
	at org.springframework.web.servlet.DispatcherServlet.doDispatch(DispatcherServlet.java:1089)
	at org.springframework.web.servlet.DispatcherServlet.doService(DispatcherServlet.java:979)
	at org.springframework.web.servlet.FrameworkServlet.processRequest(FrameworkServlet.java:1014)
	at org.springframework.web.servlet.FrameworkServlet.doGet(FrameworkServlet.java:903)
	at jakarta.servlet.http.HttpServlet.service(HttpServlet.java:564)
	at org.springframework.web.servlet.FrameworkServlet.service(FrameworkServlet.java:885)
	at jakarta.servlet.http.HttpServlet.service(HttpServlet.java:658)
	at org.apache.catalina.core.ApplicationFilterChain.internalDoFilter(ApplicationFilterChain.java:193)
	at org.apache.catalina.core.ApplicationFilterChain.doFilter(ApplicationFilterChain.java:138)
	at org.apache.tomcat.websocket.server.WsFilter.doFilter(WsFilter.java:51)
	at org.apache.catalina.core.ApplicationFilterChain.internalDoFilter(ApplicationFilterChain.java:162)
	at org.apache.catalina.core.ApplicationFilterChain.doFilter(ApplicationFilterChain.java:138)
	at org.springframework.web.filter.CompositeFilter$VirtualFilterChain.doFilter(CompositeFilter.java:108)
	at org.springframework.web.filter.CompositeFilter$VirtualFilterChain.doFilter(CompositeFilter.java:108)
	at org.springframework.security.web.FilterChainProxy.lambda$doFilterInternal$3(FilterChainProxy.java:231)
	at org.springframework.security.web.FilterChainProxy$VirtualFilterChain.doFilter(FilterChainProxy.java:365)
	at org.springframework.security.web.access.intercept.AuthorizationFilter.doFilter(AuthorizationFilter.java:101)
	at org.springframework.security.web.FilterChainProxy$VirtualFilterChain.doFilter(FilterChainProxy.java:374)
	at org.springframework.security.web.access.ExceptionTranslationFilter.doFilter(ExceptionTranslationFilter.java:125)
	at org.springframework.security.web.access.ExceptionTranslationFilter.doFilter(ExceptionTranslationFilter.java:119)
	at org.springframework.security.web.FilterChainProxy$VirtualFilterChain.doFilter(FilterChainProxy.java:374)
	at org.springframework.security.web.authentication.AnonymousAuthenticationFilter.doFilter(AnonymousAuthenticationFilter.java:100)
	at org.springframework.security.web.FilterChainProxy$VirtualFilterChain.doFilter(FilterChainProxy.java:374)
	at org.springframework.security.web.servletapi.SecurityContextHolderAwareRequestFilter.doFilter(SecurityContextHolderAwareRequestFilter.java:179)
	at org.springframework.security.web.FilterChainProxy$VirtualFilterChain.doFilter(FilterChainProxy.java:374)
	at org.springframework.security.web.savedrequest.RequestCacheAwareFilter.doFilter(RequestCacheAwareFilter.java:63)
	at org.springframework.security.web.FilterChainProxy$VirtualFilterChain.doFilter(FilterChainProxy.java:374)
	at org.springframework.security.web.authentication.logout.LogoutFilter.doFilter(LogoutFilter.java:107)
	at org.springframework.security.web.authentication.logout.LogoutFilter.doFilter(LogoutFilter.java:93)
	at org.springframework.security.web.FilterChainProxy$VirtualFilterChain.doFilter(FilterChainProxy.java:374)
	at org.springframework.web.filter.CorsFilter.doFilterInternal(CorsFilter.java:91)
	at org.springframework.web.filter.OncePerRequestFilter.doFilter(OncePerRequestFilter.java:116)
	at org.springframework.security.web.FilterChainProxy$VirtualFilterChain.doFilter(FilterChainProxy.java:374)
	at org.springframework.security.web.header.HeaderWriterFilter.doHeadersAfter(HeaderWriterFilter.java:90)
	at org.springframework.security.web.header.HeaderWriterFilter.doFilterInternal(HeaderWriterFilter.java:75)
	at org.springframework.web.filter.OncePerRequestFilter.doFilter(OncePerRequestFilter.java:116)
	at org.springframework.security.web.FilterChainProxy$VirtualFilterChain.doFilter(FilterChainProxy.java:374)
	at org.springframework.security.web.context.SecurityContextHolderFilter.doFilter(SecurityContextHolderFilter.java:82)
	at org.springframework.security.web.context.SecurityContextHolderFilter.doFilter(SecurityContextHolderFilter.java:69)
	at org.springframework.security.web.FilterChainProxy$VirtualFilterChain.doFilter(FilterChainProxy.java:374)
	at org.springframework.security.web.context.request.async.WebAsyncManagerIntegrationFilter.doFilterInternal(WebAsyncManagerIntegrationFilter.java:62)
	at org.springframework.web.filter.OncePerRequestFilter.doFilter(OncePerRequestFilter.java:116)
	at org.springframework.security.web.FilterChainProxy$VirtualFilterChain.doFilter(FilterChainProxy.java:374)
	at org.springframework.security.web.session.DisableEncodeUrlFilter.doFilterInternal(DisableEncodeUrlFilter.java:42)
	at org.springframework.web.filter.OncePerRequestFilter.doFilter(OncePerRequestFilter.java:116)
	at org.springframework.security.web.FilterChainProxy$VirtualFilterChain.doFilter(FilterChainProxy.java:374)
	at org.springframework.security.web.FilterChainProxy.doFilterInternal(FilterChainProxy.java:233)
	at org.springframework.security.web.FilterChainProxy.doFilter(FilterChainProxy.java:191)
	at org.springframework.web.filter.CompositeFilter$VirtualFilterChain.doFilter(CompositeFilter.java:113)
	at org.springframework.web.filter.ServletRequestPathFilter.doFilter(ServletRequestPathFilter.java:52)
	at org.springframework.web.filter.CompositeFilter$VirtualFilterChain.doFilter(CompositeFilter.java:113)
	at org.springframework.web.filter.CompositeFilter.doFilter(CompositeFilter.java:74)
	at org.springframework.security.config.annotation.web.configuration.WebSecurityConfiguration$CompositeFilterChainProxy.doFilter(WebSecurityConfiguration.java:319)
	at org.springframework.web.filter.CompositeFilter$VirtualFilterChain.doFilter(CompositeFilter.java:113)
	at org.springframework.web.servlet.handler.HandlerMappingIntrospector.lambda$createCacheFilter$4(HandlerMappingIntrospector.java:267)
	at org.springframework.web.filter.CompositeFilter$VirtualFilterChain.doFilter(CompositeFilter.java:113)
	at org.springframework.web.filter.CompositeFilter.doFilter(CompositeFilter.java:74)
	at org.springframework.security.config.annotation.web.configuration.WebMvcSecurityConfiguration$CompositeFilterChainProxy.doFilter(WebMvcSecurityConfiguration.java:240)
	at org.springframework.web.filter.DelegatingFilterProxy.invokeDelegate(DelegatingFilterProxy.java:362)
	at org.springframework.web.filter.DelegatingFilterProxy.doFilter(DelegatingFilterProxy.java:278)
	at org.apache.catalina.core.ApplicationFilterChain.internalDoFilter(ApplicationFilterChain.java:162)
	at org.apache.catalina.core.ApplicationFilterChain.doFilter(ApplicationFilterChain.java:138)
	at org.springframework.web.filter.RequestContextFilter.doFilterInternal(RequestContextFilter.java:100)
	at org.springframework.web.filter.OncePerRequestFilter.doFilter(OncePerRequestFilter.java:116)
	at org.apache.catalina.core.ApplicationFilterChain.internalDoFilter(ApplicationFilterChain.java:162)
	at org.apache.catalina.core.ApplicationFilterChain.doFilter(ApplicationFilterChain.java:138)
	at org.springframework.web.filter.FormContentFilter.doFilterInternal(FormContentFilter.java:93)
	at org.springframework.web.filter.OncePerRequestFilter.doFilter(OncePerRequestFilter.java:116)
	at org.apache.catalina.core.ApplicationFilterChain.internalDoFilter(ApplicationFilterChain.java:162)
	at org.apache.catalina.core.ApplicationFilterChain.doFilter(ApplicationFilterChain.java:138)
	at org.springframework.web.filter.CharacterEncodingFilter.doFilterInternal(CharacterEncodingFilter.java:201)
	at org.springframework.web.filter.OncePerRequestFilter.doFilter(OncePerRequestFilter.java:116)
	at org.apache.catalina.core.ApplicationFilterChain.internalDoFilter(ApplicationFilterChain.java:162)
	at org.apache.catalina.core.ApplicationFilterChain.doFilter(ApplicationFilterChain.java:138)
	at org.apache.catalina.core.StandardWrapperValve.invoke(StandardWrapperValve.java:165)
	at org.apache.catalina.core.StandardContextValve.invoke(StandardContextValve.java:88)
	at org.apache.catalina.authenticator.AuthenticatorBase.invoke(AuthenticatorBase.java:492)
	at org.apache.catalina.core.StandardHostValve.invoke(StandardHostValve.java:113)
	at org.apache.catalina.valves.ErrorReportValve.invoke(ErrorReportValve.java:83)
	at org.apache.catalina.core.StandardEngineValve.invoke(StandardEngineValve.java:72)
	at org.apache.catalina.connector.CoyoteAdapter.service(CoyoteAdapter.java:342)
	at org.apache.coyote.http11.Http11Processor.service(Http11Processor.java:399)
	at org.apache.coyote.AbstractProcessorLight.process(AbstractProcessorLight.java:63)
	at org.apache.coyote.AbstractProtocol$ConnectionHandler.process(AbstractProtocol.java:903)
	at org.apache.tomcat.util.net.NioEndpoint$SocketProcessor.doRun(NioEndpoint.java:1775)
	at org.apache.tomcat.util.net.SocketProcessorBase.run(SocketProcessorBase.java:52)
	at org.apache.tomcat.util.threads.ThreadPoolExecutor.runWorker(ThreadPoolExecutor.java:973)
	at org.apache.tomcat.util.threads.ThreadPoolExecutor$Worker.run(ThreadPoolExecutor.java:491)
	at org.apache.tomcat.util.threads.TaskThread$WrappingRunnable.run(TaskThread.java:63)
	at java.base/java.lang.Thread.run(Thread.java:840)
2026-05-26 03:15:27 [http-nio-8080-exec-2] ERROR c.t.b.report.service.ReportService - Error fetching report for sessionId=15 specialistId=17
java.util.NoSuchElementException: Reporte no encontrado
	at com.takecare.backend.report.service.ReportService.lambda$4(ReportService.java:240)
	at java.base/java.util.Optional.orElseThrow(Optional.java:403)
	at com.takecare.backend.report.service.ReportService.getReportBySession(ReportService.java:240)
	at java.base/jdk.internal.reflect.NativeMethodAccessorImpl.invoke0(Native Method)
	at java.base/jdk.internal.reflect.NativeMethodAccessorImpl.invoke(NativeMethodAccessorImpl.java:77)
	at java.base/jdk.internal.reflect.DelegatingMethodAccessorImpl.invoke(DelegatingMethodAccessorImpl.java:43)
	at java.base/java.lang.reflect.Method.invoke(Method.java:569)
	at org.springframework.aop.support.AopUtils.invokeJoinpointUsingReflection(AopUtils.java:360)
	at org.springframework.aop.framework.ReflectiveMethodInvocation.invokeJoinpoint(ReflectiveMethodInvocation.java:196)
	at org.springframework.aop.framework.ReflectiveMethodInvocation.proceed(ReflectiveMethodInvocation.java:163)
	at org.springframework.transaction.interceptor.TransactionAspectSupport.invokeWithinTransaction(TransactionAspectSupport.java:380)
	at org.springframework.transaction.interceptor.TransactionInterceptor.invoke(TransactionInterceptor.java:119)
	at org.springframework.aop.framework.ReflectiveMethodInvocation.proceed(ReflectiveMethodInvocation.java:184)
	at org.springframework.aop.framework.CglibAopProxy$DynamicAdvisedInterceptor.intercept(CglibAopProxy.java:728)
	at com.takecare.backend.report.service.ReportService$$SpringCGLIB$$0.getReportBySession(<generated>)
	at com.takecare.backend.report.controller.ReportController.getReportBySession(ReportController.java:131)
	at java.base/jdk.internal.reflect.NativeMethodAccessorImpl.invoke0(Native Method)
	at java.base/jdk.internal.reflect.NativeMethodAccessorImpl.invoke(NativeMethodAccessorImpl.java:77)
	at java.base/jdk.internal.reflect.DelegatingMethodAccessorImpl.invoke(DelegatingMethodAccessorImpl.java:43)
	at java.base/java.lang.reflect.Method.invoke(Method.java:569)
	at org.springframework.web.method.support.InvocableHandlerMethod.doInvoke(InvocableHandlerMethod.java:258)
	at org.springframework.web.method.support.InvocableHandlerMethod.invokeForRequest(InvocableHandlerMethod.java:191)
	at org.springframework.web.servlet.mvc.method.annotation.ServletInvocableHandlerMethod.invokeAndHandle(ServletInvocableHandlerMethod.java:118)
	at org.springframework.web.servlet.mvc.method.annotation.RequestMappingHandlerAdapter.invokeHandlerMethod(RequestMappingHandlerAdapter.java:991)
	at org.springframework.web.servlet.mvc.method.annotation.RequestMappingHandlerAdapter.handleInternal(RequestMappingHandlerAdapter.java:896)
	at org.springframework.web.servlet.mvc.method.AbstractHandlerMethodAdapter.handle(AbstractHandlerMethodAdapter.java:87)
	at org.springframework.web.servlet.DispatcherServlet.doDispatch(DispatcherServlet.java:1089)
	at org.springframework.web.servlet.DispatcherServlet.doService(DispatcherServlet.java:979)
	at org.springframework.web.servlet.FrameworkServlet.processRequest(FrameworkServlet.java:1014)
	at org.springframework.web.servlet.FrameworkServlet.doGet(FrameworkServlet.java:903)
	at jakarta.servlet.http.HttpServlet.service(HttpServlet.java:564)
	at org.springframework.web.servlet.FrameworkServlet.service(FrameworkServlet.java:885)
	at jakarta.servlet.http.HttpServlet.service(HttpServlet.java:658)
	at org.apache.catalina.core.ApplicationFilterChain.internalDoFilter(ApplicationFilterChain.java:193)
	at org.apache.catalina.core.ApplicationFilterChain.doFilter(ApplicationFilterChain.java:138)
	at org.apache.tomcat.websocket.server.WsFilter.doFilter(WsFilter.java:51)
	at org.apache.catalina.core.ApplicationFilterChain.internalDoFilter(ApplicationFilterChain.java:162)
	at org.apache.catalina.core.ApplicationFilterChain.doFilter(ApplicationFilterChain.java:138)
	at org.springframework.web.filter.CompositeFilter$VirtualFilterChain.doFilter(CompositeFilter.java:108)
	at org.springframework.web.filter.CompositeFilter$VirtualFilterChain.doFilter(CompositeFilter.java:108)
	at org.springframework.security.web.FilterChainProxy.lambda$doFilterInternal$3(FilterChainProxy.java:231)
	at org.springframework.security.web.FilterChainProxy$VirtualFilterChain.doFilter(FilterChainProxy.java:365)
	at org.springframework.security.web.access.intercept.AuthorizationFilter.doFilter(AuthorizationFilter.java:101)
	at org.springframework.security.web.FilterChainProxy$VirtualFilterChain.doFilter(FilterChainProxy.java:374)
	at org.springframework.security.web.access.ExceptionTranslationFilter.doFilter(ExceptionTranslationFilter.java:125)
	at org.springframework.security.web.access.ExceptionTranslationFilter.doFilter(ExceptionTranslationFilter.java:119)
	at org.springframework.security.web.FilterChainProxy$VirtualFilterChain.doFilter(FilterChainProxy.java:374)
	at org.springframework.security.web.authentication.AnonymousAuthenticationFilter.doFilter(AnonymousAuthenticationFilter.java:100)
	at org.springframework.security.web.FilterChainProxy$VirtualFilterChain.doFilter(FilterChainProxy.java:374)
	at org.springframework.security.web.servletapi.SecurityContextHolderAwareRequestFilter.doFilter(SecurityContextHolderAwareRequestFilter.java:179)
	at org.springframework.security.web.FilterChainProxy$VirtualFilterChain.doFilter(FilterChainProxy.java:374)
	at org.springframework.security.web.savedrequest.RequestCacheAwareFilter.doFilter(RequestCacheAwareFilter.java:63)
	at org.springframework.security.web.FilterChainProxy$VirtualFilterChain.doFilter(FilterChainProxy.java:374)
	at org.springframework.security.web.authentication.logout.LogoutFilter.doFilter(LogoutFilter.java:107)
	at org.springframework.security.web.authentication.logout.LogoutFilter.doFilter(LogoutFilter.java:93)
	at org.springframework.security.web.FilterChainProxy$VirtualFilterChain.doFilter(FilterChainProxy.java:374)
	at org.springframework.web.filter.CorsFilter.doFilterInternal(CorsFilter.java:91)
	at org.springframework.web.filter.OncePerRequestFilter.doFilter(OncePerRequestFilter.java:116)
	at org.springframework.security.web.FilterChainProxy$VirtualFilterChain.doFilter(FilterChainProxy.java:374)
	at org.springframework.security.web.header.HeaderWriterFilter.doHeadersAfter(HeaderWriterFilter.java:90)
	at org.springframework.security.web.header.HeaderWriterFilter.doFilterInternal(HeaderWriterFilter.java:75)
	at org.springframework.web.filter.OncePerRequestFilter.doFilter(OncePerRequestFilter.java:116)
	at org.springframework.security.web.FilterChainProxy$VirtualFilterChain.doFilter(FilterChainProxy.java:374)
	at org.springframework.security.web.context.SecurityContextHolderFilter.doFilter(SecurityContextHolderFilter.java:82)
	at org.springframework.security.web.context.SecurityContextHolderFilter.doFilter(SecurityContextHolderFilter.java:69)
	at org.springframework.security.web.FilterChainProxy$VirtualFilterChain.doFilter(FilterChainProxy.java:374)
	at org.springframework.security.web.context.request.async.WebAsyncManagerIntegrationFilter.doFilterInternal(WebAsyncManagerIntegrationFilter.java:62)
	at org.springframework.web.filter.OncePerRequestFilter.doFilter(OncePerRequestFilter.java:116)
	at org.springframework.security.web.FilterChainProxy$VirtualFilterChain.doFilter(FilterChainProxy.java:374)
	at org.springframework.security.web.session.DisableEncodeUrlFilter.doFilterInternal(DisableEncodeUrlFilter.java:42)
	at org.springframework.web.filter.OncePerRequestFilter.doFilter(OncePerRequestFilter.java:116)
	at org.springframework.security.web.FilterChainProxy$VirtualFilterChain.doFilter(FilterChainProxy.java:374)
	at org.springframework.security.web.FilterChainProxy.doFilterInternal(FilterChainProxy.java:233)
	at org.springframework.security.web.FilterChainProxy.doFilter(FilterChainProxy.java:191)
	at org.springframework.web.filter.CompositeFilter$VirtualFilterChain.doFilter(CompositeFilter.java:113)
	at org.springframework.web.filter.ServletRequestPathFilter.doFilter(ServletRequestPathFilter.java:52)
	at org.springframework.web.filter.CompositeFilter$VirtualFilterChain.doFilter(CompositeFilter.java:113)
	at org.springframework.web.filter.CompositeFilter.doFilter(CompositeFilter.java:74)
	at org.springframework.security.config.annotation.web.configuration.WebSecurityConfiguration$CompositeFilterChainProxy.doFilter(WebSecurityConfiguration.java:319)
	at org.springframework.web.filter.CompositeFilter$VirtualFilterChain.doFilter(CompositeFilter.java:113)
	at org.springframework.web.servlet.handler.HandlerMappingIntrospector.lambda$createCacheFilter$4(HandlerMappingIntrospector.java:267)
	at org.springframework.web.filter.CompositeFilter$VirtualFilterChain.doFilter(CompositeFilter.java:113)
	at org.springframework.web.filter.CompositeFilter.doFilter(CompositeFilter.java:74)
	at org.springframework.security.config.annotation.web.configuration.WebMvcSecurityConfiguration$CompositeFilterChainProxy.doFilter(WebMvcSecurityConfiguration.java:240)
	at org.springframework.web.filter.DelegatingFilterProxy.invokeDelegate(DelegatingFilterProxy.java:362)
	at org.springframework.web.filter.DelegatingFilterProxy.doFilter(DelegatingFilterProxy.java:278)
	at org.apache.catalina.core.ApplicationFilterChain.internalDoFilter(ApplicationFilterChain.java:162)
	at org.apache.catalina.core.ApplicationFilterChain.doFilter(ApplicationFilterChain.java:138)
	at org.springframework.web.filter.RequestContextFilter.doFilterInternal(RequestContextFilter.java:100)
	at org.springframework.web.filter.OncePerRequestFilter.doFilter(OncePerRequestFilter.java:116)
	at org.apache.catalina.core.ApplicationFilterChain.internalDoFilter(ApplicationFilterChain.java:162)
	at org.apache.catalina.core.ApplicationFilterChain.doFilter(ApplicationFilterChain.java:138)
	at org.springframework.web.filter.FormContentFilter.doFilterInternal(FormContentFilter.java:93)
	at org.springframework.web.filter.OncePerRequestFilter.doFilter(OncePerRequestFilter.java:116)
	at org.apache.catalina.core.ApplicationFilterChain.internalDoFilter(ApplicationFilterChain.java:162)
	at org.apache.catalina.core.ApplicationFilterChain.doFilter(ApplicationFilterChain.java:138)
	at org.springframework.web.filter.CharacterEncodingFilter.doFilterInternal(CharacterEncodingFilter.java:201)
	at org.springframework.web.filter.OncePerRequestFilter.doFilter(OncePerRequestFilter.java:116)
	at org.apache.catalina.core.ApplicationFilterChain.internalDoFilter(ApplicationFilterChain.java:162)
	at org.apache.catalina.core.ApplicationFilterChain.doFilter(ApplicationFilterChain.java:138)
	at org.apache.catalina.core.StandardWrapperValve.invoke(StandardWrapperValve.java:165)
	at org.apache.catalina.core.StandardContextValve.invoke(StandardContextValve.java:88)
	at org.apache.catalina.authenticator.AuthenticatorBase.invoke(AuthenticatorBase.java:492)
	at org.apache.catalina.core.StandardHostValve.invoke(StandardHostValve.java:113)
	at org.apache.catalina.valves.ErrorReportValve.invoke(ErrorReportValve.java:83)
	at org.apache.catalina.core.StandardEngineValve.invoke(StandardEngineValve.java:72)
	at org.apache.catalina.connector.CoyoteAdapter.service(CoyoteAdapter.java:342)
	at org.apache.coyote.http11.Http11Processor.service(Http11Processor.java:399)
	at org.apache.coyote.AbstractProcessorLight.process(AbstractProcessorLight.java:63)
	at org.apache.coyote.AbstractProtocol$ConnectionHandler.process(AbstractProtocol.java:903)
	at org.apache.tomcat.util.net.NioEndpoint$SocketProcessor.doRun(NioEndpoint.java:1775)
	at org.apache.tomcat.util.net.SocketProcessorBase.run(SocketProcessorBase.java:52)
	at org.apache.tomcat.util.threads.ThreadPoolExecutor.runWorker(ThreadPoolExecutor.java:973)
	at org.apache.tomcat.util.threads.ThreadPoolExecutor$Worker.run(ThreadPoolExecutor.java:491)
	at org.apache.tomcat.util.threads.TaskThread$WrappingRunnable.run(TaskThread.java:63)
	at java.base/java.lang.Thread.run(Thread.java:840)
2026-05-26 03:15:27 [http-nio-8080-exec-10] WARN  c.t.b.c.service.CalificationService - Get specialist rating failed. sessionId=16, error=Calificación no encontrada
2026-05-26 03:15:27 [http-nio-8080-exec-4] ERROR c.t.b.report.service.ReportService - Error fetching report for sessionId=16 specialistId=17
java.util.NoSuchElementException: Reporte no encontrado
	at com.takecare.backend.report.service.ReportService.lambda$4(ReportService.java:240)
	at java.base/java.util.Optional.orElseThrow(Optional.java:403)
	at com.takecare.backend.report.service.ReportService.getReportBySession(ReportService.java:240)
	at java.base/jdk.internal.reflect.NativeMethodAccessorImpl.invoke0(Native Method)
	at java.base/jdk.internal.reflect.NativeMethodAccessorImpl.invoke(NativeMethodAccessorImpl.java:77)
	at java.base/jdk.internal.reflect.DelegatingMethodAccessorImpl.invoke(DelegatingMethodAccessorImpl.java:43)
	at java.base/java.lang.reflect.Method.invoke(Method.java:569)
	at org.springframework.aop.support.AopUtils.invokeJoinpointUsingReflection(AopUtils.java:360)
	at org.springframework.aop.framework.ReflectiveMethodInvocation.invokeJoinpoint(ReflectiveMethodInvocation.java:196)
	at org.springframework.aop.framework.ReflectiveMethodInvocation.proceed(ReflectiveMethodInvocation.java:163)
	at org.springframework.transaction.interceptor.TransactionAspectSupport.invokeWithinTransaction(TransactionAspectSupport.java:380)
	at org.springframework.transaction.interceptor.TransactionInterceptor.invoke(TransactionInterceptor.java:119)
	at org.springframework.aop.framework.ReflectiveMethodInvocation.proceed(ReflectiveMethodInvocation.java:184)
	at org.springframework.aop.framework.CglibAopProxy$DynamicAdvisedInterceptor.intercept(CglibAopProxy.java:728)
	at com.takecare.backend.report.service.ReportService$$SpringCGLIB$$0.getReportBySession(<generated>)
	at com.takecare.backend.report.controller.ReportController.getReportBySession(ReportController.java:131)
	at java.base/jdk.internal.reflect.NativeMethodAccessorImpl.invoke0(Native Method)
	at java.base/jdk.internal.reflect.NativeMethodAccessorImpl.invoke(NativeMethodAccessorImpl.java:77)
	at java.base/jdk.internal.reflect.DelegatingMethodAccessorImpl.invoke(DelegatingMethodAccessorImpl.java:43)
	at java.base/java.lang.reflect.Method.invoke(Method.java:569)
	at org.springframework.web.method.support.InvocableHandlerMethod.doInvoke(InvocableHandlerMethod.java:258)
	at org.springframework.web.method.support.InvocableHandlerMethod.invokeForRequest(InvocableHandlerMethod.java:191)
	at org.springframework.web.servlet.mvc.method.annotation.ServletInvocableHandlerMethod.invokeAndHandle(ServletInvocableHandlerMethod.java:118)
	at org.springframework.web.servlet.mvc.method.annotation.RequestMappingHandlerAdapter.invokeHandlerMethod(RequestMappingHandlerAdapter.java:991)
	at org.springframework.web.servlet.mvc.method.annotation.RequestMappingHandlerAdapter.handleInternal(RequestMappingHandlerAdapter.java:896)
	at org.springframework.web.servlet.mvc.method.AbstractHandlerMethodAdapter.handle(AbstractHandlerMethodAdapter.java:87)
	at org.springframework.web.servlet.DispatcherServlet.doDispatch(DispatcherServlet.java:1089)
	at org.springframework.web.servlet.DispatcherServlet.doService(DispatcherServlet.java:979)
	at org.springframework.web.servlet.FrameworkServlet.processRequest(FrameworkServlet.java:1014)
	at org.springframework.web.servlet.FrameworkServlet.doGet(FrameworkServlet.java:903)
	at jakarta.servlet.http.HttpServlet.service(HttpServlet.java:564)
	at org.springframework.web.servlet.FrameworkServlet.service(FrameworkServlet.java:885)
	at jakarta.servlet.http.HttpServlet.service(HttpServlet.java:658)
	at org.apache.catalina.core.ApplicationFilterChain.internalDoFilter(ApplicationFilterChain.java:193)
	at org.apache.catalina.core.ApplicationFilterChain.doFilter(ApplicationFilterChain.java:138)
	at org.apache.tomcat.websocket.server.WsFilter.doFilter(WsFilter.java:51)
	at org.apache.catalina.core.ApplicationFilterChain.internalDoFilter(ApplicationFilterChain.java:162)
	at org.apache.catalina.core.ApplicationFilterChain.doFilter(ApplicationFilterChain.java:138)
	at org.springframework.web.filter.CompositeFilter$VirtualFilterChain.doFilter(CompositeFilter.java:108)
	at org.springframework.web.filter.CompositeFilter$VirtualFilterChain.doFilter(CompositeFilter.java:108)
	at org.springframework.security.web.FilterChainProxy.lambda$doFilterInternal$3(FilterChainProxy.java:231)
	at org.springframework.security.web.FilterChainProxy$VirtualFilterChain.doFilter(FilterChainProxy.java:365)
	at org.springframework.security.web.access.intercept.AuthorizationFilter.doFilter(AuthorizationFilter.java:101)
	at org.springframework.security.web.FilterChainProxy$VirtualFilterChain.doFilter(FilterChainProxy.java:374)
	at org.springframework.security.web.access.ExceptionTranslationFilter.doFilter(ExceptionTranslationFilter.java:125)
	at org.springframework.security.web.access.ExceptionTranslationFilter.doFilter(ExceptionTranslationFilter.java:119)
	at org.springframework.security.web.FilterChainProxy$VirtualFilterChain.doFilter(FilterChainProxy.java:374)
	at org.springframework.security.web.authentication.AnonymousAuthenticationFilter.doFilter(AnonymousAuthenticationFilter.java:100)
	at org.springframework.security.web.FilterChainProxy$VirtualFilterChain.doFilter(FilterChainProxy.java:374)
	at org.springframework.security.web.servletapi.SecurityContextHolderAwareRequestFilter.doFilter(SecurityContextHolderAwareRequestFilter.java:179)
	at org.springframework.security.web.FilterChainProxy$VirtualFilterChain.doFilter(FilterChainProxy.java:374)
	at org.springframework.security.web.savedrequest.RequestCacheAwareFilter.doFilter(RequestCacheAwareFilter.java:63)
	at org.springframework.security.web.FilterChainProxy$VirtualFilterChain.doFilter(FilterChainProxy.java:374)
	at org.springframework.security.web.authentication.logout.LogoutFilter.doFilter(LogoutFilter.java:107)
	at org.springframework.security.web.authentication.logout.LogoutFilter.doFilter(LogoutFilter.java:93)
	at org.springframework.security.web.FilterChainProxy$VirtualFilterChain.doFilter(FilterChainProxy.java:374)
	at org.springframework.web.filter.CorsFilter.doFilterInternal(CorsFilter.java:91)
	at org.springframework.web.filter.OncePerRequestFilter.doFilter(OncePerRequestFilter.java:116)
	at org.springframework.security.web.FilterChainProxy$VirtualFilterChain.doFilter(FilterChainProxy.java:374)
	at org.springframework.security.web.header.HeaderWriterFilter.doHeadersAfter(HeaderWriterFilter.java:90)
	at org.springframework.security.web.header.HeaderWriterFilter.doFilterInternal(HeaderWriterFilter.java:75)
	at org.springframework.web.filter.OncePerRequestFilter.doFilter(OncePerRequestFilter.java:116)
	at org.springframework.security.web.FilterChainProxy$VirtualFilterChain.doFilter(FilterChainProxy.java:374)
	at org.springframework.security.web.context.SecurityContextHolderFilter.doFilter(SecurityContextHolderFilter.java:82)
	at org.springframework.security.web.context.SecurityContextHolderFilter.doFilter(SecurityContextHolderFilter.java:69)
	at org.springframework.security.web.FilterChainProxy$VirtualFilterChain.doFilter(FilterChainProxy.java:374)
	at org.springframework.security.web.context.request.async.WebAsyncManagerIntegrationFilter.doFilterInternal(WebAsyncManagerIntegrationFilter.java:62)
	at org.springframework.web.filter.OncePerRequestFilter.doFilter(OncePerRequestFilter.java:116)
	at org.springframework.security.web.FilterChainProxy$VirtualFilterChain.doFilter(FilterChainProxy.java:374)
	at org.springframework.security.web.session.DisableEncodeUrlFilter.doFilterInternal(DisableEncodeUrlFilter.java:42)
	at org.springframework.web.filter.OncePerRequestFilter.doFilter(OncePerRequestFilter.java:116)
	at org.springframework.security.web.FilterChainProxy$VirtualFilterChain.doFilter(FilterChainProxy.java:374)
	at org.springframework.security.web.FilterChainProxy.doFilterInternal(FilterChainProxy.java:233)
	at org.springframework.security.web.FilterChainProxy.doFilter(FilterChainProxy.java:191)
	at org.springframework.web.filter.CompositeFilter$VirtualFilterChain.doFilter(CompositeFilter.java:113)
	at org.springframework.web.filter.ServletRequestPathFilter.doFilter(ServletRequestPathFilter.java:52)
	at org.springframework.web.filter.CompositeFilter$VirtualFilterChain.doFilter(CompositeFilter.java:113)
	at org.springframework.web.filter.CompositeFilter.doFilter(CompositeFilter.java:74)
	at org.springframework.security.config.annotation.web.configuration.WebSecurityConfiguration$CompositeFilterChainProxy.doFilter(WebSecurityConfiguration.java:319)
	at org.springframework.web.filter.CompositeFilter$VirtualFilterChain.doFilter(CompositeFilter.java:113)
	at org.springframework.web.servlet.handler.HandlerMappingIntrospector.lambda$createCacheFilter$4(HandlerMappingIntrospector.java:267)
	at org.springframework.web.filter.CompositeFilter$VirtualFilterChain.doFilter(CompositeFilter.java:113)
	at org.springframework.web.filter.CompositeFilter.doFilter(CompositeFilter.java:74)
	at org.springframework.security.config.annotation.web.configuration.WebMvcSecurityConfiguration$CompositeFilterChainProxy.doFilter(WebMvcSecurityConfiguration.java:240)
	at org.springframework.web.filter.DelegatingFilterProxy.invokeDelegate(DelegatingFilterProxy.java:362)
	at org.springframework.web.filter.DelegatingFilterProxy.doFilter(DelegatingFilterProxy.java:278)
	at org.apache.catalina.core.ApplicationFilterChain.internalDoFilter(ApplicationFilterChain.java:162)
	at org.apache.catalina.core.ApplicationFilterChain.doFilter(ApplicationFilterChain.java:138)
	at org.springframework.web.filter.RequestContextFilter.doFilterInternal(RequestContextFilter.java:100)
	at org.springframework.web.filter.OncePerRequestFilter.doFilter(OncePerRequestFilter.java:116)
	at org.apache.catalina.core.ApplicationFilterChain.internalDoFilter(ApplicationFilterChain.java:162)
	at org.apache.catalina.core.ApplicationFilterChain.doFilter(ApplicationFilterChain.java:138)
	at org.springframework.web.filter.FormContentFilter.doFilterInternal(FormContentFilter.java:93)
	at org.springframework.web.filter.OncePerRequestFilter.doFilter(OncePerRequestFilter.java:116)
	at org.apache.catalina.core.ApplicationFilterChain.internalDoFilter(ApplicationFilterChain.java:162)
	at org.apache.catalina.core.ApplicationFilterChain.doFilter(ApplicationFilterChain.java:138)
	at org.springframework.web.filter.CharacterEncodingFilter.doFilterInternal(CharacterEncodingFilter.java:201)
	at org.springframework.web.filter.OncePerRequestFilter.doFilter(OncePerRequestFilter.java:116)
	at org.apache.catalina.core.ApplicationFilterChain.internalDoFilter(ApplicationFilterChain.java:162)
	at org.apache.catalina.core.ApplicationFilterChain.doFilter(ApplicationFilterChain.java:138)
	at org.apache.catalina.core.StandardWrapperValve.invoke(StandardWrapperValve.java:165)
	at org.apache.catalina.core.StandardContextValve.invoke(StandardContextValve.java:88)
	at org.apache.catalina.authenticator.AuthenticatorBase.invoke(AuthenticatorBase.java:492)
	at org.apache.catalina.core.StandardHostValve.invoke(StandardHostValve.java:113)
	at org.apache.catalina.valves.ErrorReportValve.invoke(ErrorReportValve.java:83)
	at org.apache.catalina.core.StandardEngineValve.invoke(StandardEngineValve.java:72)
	at org.apache.catalina.connector.CoyoteAdapter.service(CoyoteAdapter.java:342)
	at org.apache.coyote.http11.Http11Processor.service(Http11Processor.java:399)
	at org.apache.coyote.AbstractProcessorLight.process(AbstractProcessorLight.java:63)
	at org.apache.coyote.AbstractProtocol$ConnectionHandler.process(AbstractProtocol.java:903)
	at org.apache.tomcat.util.net.NioEndpoint$SocketProcessor.doRun(NioEndpoint.java:1775)
	at org.apache.tomcat.util.net.SocketProcessorBase.run(SocketProcessorBase.java:52)
	at org.apache.tomcat.util.threads.ThreadPoolExecutor.runWorker(ThreadPoolExecutor.java:973)
	at org.apache.tomcat.util.threads.ThreadPoolExecutor$Worker.run(ThreadPoolExecutor.java:491)
	at org.apache.tomcat.util.threads.TaskThread$WrappingRunnable.run(TaskThread.java:63)
	at java.base/java.lang.Thread.run(Thread.java:840)
2026-05-26 03:15:27 [http-nio-8080-exec-1] WARN  c.t.b.r.controller.ReportController - GET /reports/session/specialist - not found: Reporte no encontrado
2026-05-26 03:15:28 [http-nio-8080-exec-1] DEBUG o.s.w.s.m.m.a.HttpEntityMethodProcessor - Using 'application/json', given [application/json, text/plain, */*] and supported [application/json, application/*+json, application/yaml]
2026-05-26 03:15:28 [http-nio-8080-exec-1] DEBUG o.s.w.s.m.m.a.HttpEntityMethodProcessor - Writing [{message=Reporte no encontrado}]
2026-05-26 03:15:28 [http-nio-8080-exec-1] DEBUG o.s.web.servlet.DispatcherServlet - Completed 404 NOT_FOUND
2026-05-26 03:15:28 [http-nio-8080-exec-2] WARN  c.t.b.r.controller.ReportController - GET /reports/session/specialist - not found: Reporte no encontrado
2026-05-26 03:15:28 [http-nio-8080-exec-4] WARN  c.t.b.r.controller.ReportController - GET /reports/session/specialist - not found: Reporte no encontrado
2026-05-26 03:15:28 [http-nio-8080-exec-10] WARN  c.t.b.c.c.CalificationController - GET patient rating - not found: Calificación no encontrada
2026-05-26 03:15:28 [http-nio-8080-exec-2] DEBUG o.s.w.s.m.m.a.HttpEntityMethodProcessor - Using 'application/json', given [application/json, text/plain, */*] and supported [application/json, application/*+json, application/yaml]
2026-05-26 03:15:28 [http-nio-8080-exec-4] DEBUG o.s.w.s.m.m.a.HttpEntityMethodProcessor - Using 'application/json', given [application/json, text/plain, */*] and supported [application/json, application/*+json, application/yaml]
2026-05-26 03:15:28 [http-nio-8080-exec-2] DEBUG o.s.w.s.m.m.a.HttpEntityMethodProcessor - Writing [{message=Reporte no encontrado}]
2026-05-26 03:15:28 [http-nio-8080-exec-10] DEBUG o.s.w.s.m.m.a.HttpEntityMethodProcessor - Using 'application/json', given [application/json, text/plain, */*] and supported [application/json, application/*+json, application/yaml]
2026-05-26 03:15:28 [http-nio-8080-exec-4] DEBUG o.s.w.s.m.m.a.HttpEntityMethodProcessor - Writing [{message=Reporte no encontrado}]
2026-05-26 03:15:28 [http-nio-8080-exec-10] DEBUG o.s.w.s.m.m.a.HttpEntityMethodProcessor - Writing [{message=Calificación no encontrada}]
2026-05-26 03:15:28 [http-nio-8080-exec-2] DEBUG o.s.web.servlet.DispatcherServlet - Completed 404 NOT_FOUND
2026-05-26 03:15:28 [http-nio-8080-exec-10] DEBUG o.s.web.servlet.DispatcherServlet - Completed 404 NOT_FOUND
2026-05-26 03:15:28 [http-nio-8080-exec-4] DEBUG o.s.web.servlet.DispatcherServlet - Completed 404 NOT_FOUND
2026-05-26 03:15:56 [http-nio-8080-exec-6] DEBUG o.s.web.servlet.DispatcherServlet - PATCH "/api/v1/sessions/17/status", parameters={}
2026-05-26 03:15:56 [http-nio-8080-exec-6] DEBUG o.s.w.s.m.m.a.RequestMappingHandlerMapping - Mapped to com.takecare.backend.session.controller.SessionController#updateSessionStatus(Integer, UpdateSessionStatusRequestDTO)
2026-05-26 03:15:56 [http-nio-8080-exec-6] DEBUG o.s.w.s.m.m.a.RequestResponseBodyMethodProcessor - Read "application/json;charset=UTF-8" to [com.takecare.backend.session.dto.UpdateSessionStatusRequestDTO@276b06ea]
2026-05-26 03:15:56 [http-nio-8080-exec-6] INFO  c.t.b.s.controller.SessionController - PATCH session status - id=17 specialistId=17 action=accept
2026-05-26 03:15:57 [http-nio-8080-exec-6] INFO  c.t.b.session.service.SessionService - PATCH session status. sessionId=17, specialistId=17, action=accept
2026-05-26 03:15:58 [http-nio-8080-exec-6] INFO  c.t.b.n.service.NotificationService - Notification created successfully with id: 37 for specialist id: 17
2026-05-26 03:15:58 [http-nio-8080-exec-6] DEBUG org.springframework.web.SimpLogging - Processing MESSAGE destination=/topic/notifications/specialist/17 session=null payload={"eventType":"NOTIFICATION_CREATED","unreadCount":2,"notification":{"id":37,"ses...(truncated)
2026-05-26 03:15:58 [http-nio-8080-exec-6] INFO  c.t.b.n.service.NotificationService - Notification event NOTIFICATION_CREATED sent to topic /topic/notifications/specialist/17
2026-05-26 03:15:58 [http-nio-8080-exec-6] INFO  c.t.b.session.service.SessionService - Session status updated. sessionId=17, newStatus=2, scheduleStatus=1
2026-05-26 03:15:59 [http-nio-8080-exec-6] INFO  c.t.b.s.controller.SessionController - PATCH session status completed - id=17 status=2
2026-05-26 03:15:59 [http-nio-8080-exec-6] DEBUG o.s.w.s.m.m.a.HttpEntityMethodProcessor - Using 'application/json', given [application/json, text/plain, */*] and supported [application/json, application/*+json, application/yaml]
2026-05-26 03:15:59 [http-nio-8080-exec-6] DEBUG o.s.w.s.m.m.a.HttpEntityMethodProcessor - Writing [com.takecare.backend.session.dto.SessionStatusResponseDTO@789ade78]
2026-05-26 03:15:59 [http-nio-8080-exec-6] DEBUG o.s.web.servlet.DispatcherServlet - Completed 200 OK
2026-05-26 03:21:34 [MessageBroker-4] INFO  o.s.w.s.c.WebSocketMessageBrokerStats - WebSocketSession[0 current WS(0)-HttpStream(0)-HttpPoll(0), 0 total, 0 closed abnormally (0 connect failure, 0 send limit, 0 transport error)], stompSubProtocol[processed CONNECT(0)-CONNECTED(0)-DISCONNECT(0)], stompBrokerRelay[null], inboundChannel[pool size = 0, active threads = 0, queued tasks = 0, completed tasks = 0], outboundChannel[pool size = 0, active threads = 0, queued tasks = 0, completed tasks = 0], sockJsScheduler[pool size = 9, active threads = 1, queued tasks = 1, completed tasks = 7]
2026-05-26 03:33:25 [http-nio-8080-exec-10] DEBUG o.s.web.servlet.DispatcherServlet - POST "/api/v1/auth/login", parameters={}
2026-05-26 03:33:25 [http-nio-8080-exec-10] DEBUG o.s.w.s.m.m.a.RequestMappingHandlerMapping - Mapped to com.takecare.backend.auth.controller.AuthController#login(LoginRequestDTO)
2026-05-26 03:33:25 [http-nio-8080-exec-10] DEBUG o.s.w.s.m.m.a.RequestResponseBodyMethodProcessor - Read "application/json;charset=UTF-8" to [com.takecare.backend.auth.DTO.LoginRequestDTO@3a9de9]
2026-05-26 03:33:26 [http-nio-8080-exec-10] DEBUG o.s.w.s.m.m.a.HttpEntityMethodProcessor - Using 'application/json', given [application/json, text/plain, */*] and supported [application/json, application/*+json, application/yaml]
2026-05-26 03:33:26 [http-nio-8080-exec-10] DEBUG o.s.w.s.m.m.a.HttpEntityMethodProcessor - Writing [com.takecare.backend.auth.DTO.ApiResponseDTO@2ed2d78e]
2026-05-26 03:33:26 [http-nio-8080-exec-10] DEBUG o.s.web.servlet.DispatcherServlet - Completed 200 OK
2026-05-26 03:33:28 [http-nio-8080-exec-4] DEBUG o.s.web.servlet.DispatcherServlet - GET "/api/v1/sessions/patient/13", parameters={}
2026-05-26 03:33:28 [http-nio-8080-exec-4] DEBUG o.s.w.s.m.m.a.RequestMappingHandlerMapping - Mapped to com.takecare.backend.session.controller.SessionController#listByPatient(Integer)
2026-05-26 03:33:28 [http-nio-8080-exec-4] INFO  c.t.b.s.controller.SessionController - GET sessions by patientId=13
2026-05-26 03:33:33 [http-nio-8080-exec-4] DEBUG o.s.w.s.m.m.a.HttpEntityMethodProcessor - Using 'application/json', given [application/json, text/plain, */*] and supported [application/json, application/*+json, application/yaml]
2026-05-26 03:33:33 [http-nio-8080-exec-4] DEBUG o.s.w.s.m.m.a.HttpEntityMethodProcessor - Writing [[com.takecare.backend.session.dto.SessionResponseDTO@726d1d96, com.takecare.backend.session.dto.Sess (truncated)...]
2026-05-26 03:33:33 [http-nio-8080-exec-4] DEBUG o.s.web.servlet.DispatcherServlet - Completed 200 OK
2026-05-26 03:37:28 [http-nio-8080-exec-6] DEBUG o.s.web.servlet.DispatcherServlet - GET "/api/v1/sessions/patient/13", parameters={}
2026-05-26 03:37:28 [http-nio-8080-exec-6] DEBUG o.s.w.s.m.m.a.RequestMappingHandlerMapping - Mapped to com.takecare.backend.session.controller.SessionController#listByPatient(Integer)
2026-05-26 03:37:28 [http-nio-8080-exec-6] INFO  c.t.b.s.controller.SessionController - GET sessions by patientId=13
2026-05-26 03:37:32 [http-nio-8080-exec-6] DEBUG o.s.w.s.m.m.a.HttpEntityMethodProcessor - Using 'application/json', given [application/json, text/plain, */*] and supported [application/json, application/*+json, application/yaml]
2026-05-26 03:37:32 [http-nio-8080-exec-6] DEBUG o.s.w.s.m.m.a.HttpEntityMethodProcessor - Writing [[com.takecare.backend.session.dto.SessionResponseDTO@6bcbf39c, com.takecare.backend.session.dto.Sess (truncated)...]
2026-05-26 03:37:32 [http-nio-8080-exec-6] DEBUG o.s.web.servlet.DispatcherServlet - Completed 200 OK
2026-05-26 03:38:23 [http-nio-8080-exec-8] DEBUG o.s.web.servlet.DispatcherServlet - GET "/api/v1/sessions/patient/13", parameters={}
2026-05-26 03:38:23 [http-nio-8080-exec-8] DEBUG o.s.w.s.m.m.a.RequestMappingHandlerMapping - Mapped to com.takecare.backend.session.controller.SessionController#listByPatient(Integer)
2026-05-26 03:38:23 [http-nio-8080-exec-8] INFO  c.t.b.s.controller.SessionController - GET sessions by patientId=13
2026-05-26 03:38:28 [http-nio-8080-exec-8] DEBUG o.s.w.s.m.m.a.HttpEntityMethodProcessor - Using 'application/json', given [application/json, text/plain, */*] and supported [application/json, application/*+json, application/yaml]
2026-05-26 03:38:28 [http-nio-8080-exec-8] DEBUG o.s.w.s.m.m.a.HttpEntityMethodProcessor - Writing [[com.takecare.backend.session.dto.SessionResponseDTO@4cdfc683, com.takecare.backend.session.dto.Sess (truncated)...]
2026-05-26 03:38:28 [http-nio-8080-exec-8] DEBUG o.s.web.servlet.DispatcherServlet - Completed 200 OK
2026-05-26 03:39:21 [http-nio-8080-exec-5] DEBUG o.s.web.servlet.DispatcherServlet - POST "/api/v1/auth/login", parameters={}
2026-05-26 03:39:21 [http-nio-8080-exec-5] DEBUG o.s.w.s.m.m.a.RequestMappingHandlerMapping - Mapped to com.takecare.backend.auth.controller.AuthController#login(LoginRequestDTO)
2026-05-26 03:39:21 [http-nio-8080-exec-5] DEBUG o.s.w.s.m.m.a.RequestResponseBodyMethodProcessor - Read "application/json;charset=UTF-8" to [com.takecare.backend.auth.DTO.LoginRequestDTO@1e6ae792]
2026-05-26 03:39:22 [http-nio-8080-exec-5] DEBUG o.s.w.s.m.m.a.HttpEntityMethodProcessor - Using 'application/json', given [application/json, text/plain, */*] and supported [application/json, application/*+json, application/yaml]
2026-05-26 03:39:22 [http-nio-8080-exec-5] DEBUG o.s.w.s.m.m.a.HttpEntityMethodProcessor - Writing [com.takecare.backend.auth.DTO.ApiResponseDTO@315a5698]
2026-05-26 03:39:22 [http-nio-8080-exec-5] DEBUG o.s.web.servlet.DispatcherServlet - Completed 200 OK
2026-05-26 03:41:06 [http-nio-8080-exec-1] DEBUG o.s.web.servlet.DispatcherServlet - GET "/api/v1/specialists/search", parameters={}
2026-05-26 03:41:06 [http-nio-8080-exec-1] DEBUG o.s.w.s.m.m.a.RequestMappingHandlerMapping - Mapped to com.takecare.backend.user.controller.SpecialistController#searchSpecialists(String, String, String, String, String)
2026-05-26 03:41:06 [http-nio-8080-exec-1] INFO  c.t.b.u.c.SpecialistController - GET /api/v1/specialists/search | search=null | name=null | category=null | city=null | availability=null
2026-05-26 03:41:06 [http-nio-8080-exec-1] INFO  c.t.b.s.s.SpecialistSearchService - Buscando especialistas | search=null | name=null | category=null | city=null | availability=null
2026-05-26 03:41:07 [http-nio-8080-exec-1] INFO  c.t.b.s.s.SpecialistSearchService - Filtro aplicado | resultados=9
2026-05-26 03:41:14 [http-nio-8080-exec-1] INFO  c.t.b.u.c.SpecialistController - GET /api/v1/specialists/search | total=9
2026-05-26 03:41:14 [http-nio-8080-exec-1] DEBUG o.s.w.s.m.m.a.HttpEntityMethodProcessor - Using 'application/json', given [application/json, text/plain, */*] and supported [application/json, application/*+json, application/yaml]
2026-05-26 03:41:14 [http-nio-8080-exec-1] DEBUG o.s.w.s.m.m.a.HttpEntityMethodProcessor - Writing [[com.takecare.backend.specialities.dto.SpecialistFilterResponseDTO@6f4be8cc, com.takecare.backend.sp (truncated)...]
2026-05-26 03:41:14 [http-nio-8080-exec-1] DEBUG o.s.web.servlet.DispatcherServlet - Completed 200 OK
2026-05-26 03:41:21 [http-nio-8080-exec-2] DEBUG o.s.web.servlet.DispatcherServlet - GET "/api/v1/schedules/specialist/17/grouped", parameters={}
2026-05-26 03:41:21 [http-nio-8080-exec-2] DEBUG o.s.w.s.m.m.a.RequestMappingHandlerMapping - Mapped to com.takecare.backend.specialistschedule.controller.SpecialistScheduleController#getSchedulesGroupedByDay(Integer)
2026-05-26 03:41:22 [http-nio-8080-exec-2] DEBUG o.s.w.s.m.m.a.HttpEntityMethodProcessor - Using 'application/json', given [application/json, text/plain, */*] and supported [application/json, application/*+json, application/yaml]
2026-05-26 03:41:22 [http-nio-8080-exec-2] DEBUG o.s.w.s.m.m.a.HttpEntityMethodProcessor - Writing [[com.takecare.backend.specialistschedule.dto.SpecialistScheduleGroupDTO@c5ae9cf, com.takecare.backen (truncated)...]
2026-05-26 03:41:22 [http-nio-8080-exec-2] DEBUG o.s.web.servlet.DispatcherServlet - Completed 200 OK
2026-05-26 03:41:29 [http-nio-8080-exec-4] DEBUG o.s.web.servlet.DispatcherServlet - POST "/api/v1/sessions", parameters={}
2026-05-26 03:41:29 [http-nio-8080-exec-4] DEBUG o.s.w.s.m.m.a.RequestMappingHandlerMapping - Mapped to com.takecare.backend.session.controller.SessionController#createSession(CreateSessionRequestDTO)
2026-05-26 03:41:29 [http-nio-8080-exec-4] DEBUG o.s.w.s.m.m.a.RequestResponseBodyMethodProcessor - Read "application/json;charset=UTF-8" to [com.takecare.backend.session.dto.CreateSessionRequestDTO@fb5d2c6]
2026-05-26 03:41:29 [http-nio-8080-exec-4] INFO  c.t.b.s.controller.SessionController - POST session - patientId=13 scheduleId=29 typeOfSession=1
2026-05-26 03:41:32 [http-nio-8080-exec-4] WARN  c.t.b.s.controller.SessionController - POST session - error: Este horario ya tiene una cita registrada
2026-05-26 03:41:32 [http-nio-8080-exec-4] DEBUG o.s.w.s.m.m.a.HttpEntityMethodProcessor - Using 'application/json', given [application/json, text/plain, */*] and supported [application/json, application/*+json, application/yaml]
2026-05-26 03:41:32 [http-nio-8080-exec-4] DEBUG o.s.w.s.m.m.a.HttpEntityMethodProcessor - Writing [{message=Este horario ya tiene una cita registrada}]
2026-05-26 03:41:32 [http-nio-8080-exec-4] DEBUG o.s.web.servlet.DispatcherServlet - Completed 400 BAD_REQUEST
2026-05-26 03:41:52 [http-nio-8080-exec-6] DEBUG o.s.web.servlet.DispatcherServlet - POST "/api/v1/auth/login", parameters={}
2026-05-26 03:41:52 [http-nio-8080-exec-6] DEBUG o.s.w.s.m.m.a.RequestMappingHandlerMapping - Mapped to com.takecare.backend.auth.controller.AuthController#login(LoginRequestDTO)
2026-05-26 03:41:52 [http-nio-8080-exec-6] DEBUG o.s.w.s.m.m.a.RequestResponseBodyMethodProcessor - Read "application/json;charset=UTF-8" to [com.takecare.backend.auth.DTO.LoginRequestDTO@7e9c8be8]
2026-05-26 03:41:53 [http-nio-8080-exec-6] DEBUG o.s.w.s.m.m.a.HttpEntityMethodProcessor - Using 'application/json', given [application/json, text/plain, */*] and supported [application/json, application/*+json, application/yaml]
2026-05-26 03:41:53 [http-nio-8080-exec-6] DEBUG o.s.w.s.m.m.a.HttpEntityMethodProcessor - Writing [com.takecare.backend.auth.DTO.ApiResponseDTO@2e6eb2c2]
2026-05-26 03:41:53 [http-nio-8080-exec-6] DEBUG o.s.web.servlet.DispatcherServlet - Completed 200 OK
2026-05-26 03:41:54 [http-nio-8080-exec-8] DEBUG o.s.web.servlet.DispatcherServlet - GET "/api/v1/notifications/specialist/17/unread-count", parameters={}
2026-05-26 03:41:54 [http-nio-8080-exec-8] DEBUG o.s.w.s.m.m.a.RequestMappingHandlerMapping - Mapped to com.takecare.backend.notification.controller.NotificationController#unreadCount(Integer)
2026-05-26 03:41:54 [http-nio-8080-exec-8] INFO  c.t.b.n.c.NotificationController - GET /api/v1/notifications/specialist/17/unread-count
2026-05-26 03:41:56 [http-nio-8080-exec-9] DEBUG o.s.web.servlet.DispatcherServlet - GET "/api/v1/schedules/specialist/17/range?startDate=2026-05-26&endDate=2026-06-01", parameters={masked}
2026-05-26 03:41:56 [http-nio-8080-exec-9] DEBUG o.s.w.s.m.m.a.RequestMappingHandlerMapping - Mapped to com.takecare.backend.specialistschedule.controller.SpecialistScheduleController#getSchedulesByDateRange(Integer, LocalDate, LocalDate)
2026-05-26 03:41:57 [http-nio-8080-exec-8] DEBUG o.s.w.s.m.m.a.HttpEntityMethodProcessor - Using 'application/json', given [application/json, text/plain, */*] and supported [application/json, application/*+json, application/yaml]
2026-05-26 03:41:57 [http-nio-8080-exec-8] DEBUG o.s.w.s.m.m.a.HttpEntityMethodProcessor - Writing [com.takecare.backend.notification.dto.UnreadNotificationCountDto@250d1f6f]
2026-05-26 03:41:57 [http-nio-8080-exec-8] DEBUG o.s.web.servlet.DispatcherServlet - Completed 200 OK
2026-05-26 03:41:57 [http-nio-8080-exec-5] DEBUG o.s.web.servlet.DispatcherServlet - GET "/api/v1/notifications/specialist/17/unread-count", parameters={}
2026-05-26 03:41:57 [http-nio-8080-exec-5] DEBUG o.s.w.s.m.m.a.RequestMappingHandlerMapping - Mapped to com.takecare.backend.notification.controller.NotificationController#unreadCount(Integer)
2026-05-26 03:41:57 [http-nio-8080-exec-5] INFO  c.t.b.n.c.NotificationController - GET /api/v1/notifications/specialist/17/unread-count
2026-05-26 03:41:57 [http-nio-8080-exec-9] DEBUG o.s.w.s.m.m.a.HttpEntityMethodProcessor - Using 'application/json', given [application/json, text/plain, */*] and supported [application/json, application/*+json, application/yaml]
2026-05-26 03:41:57 [http-nio-8080-exec-9] DEBUG o.s.w.s.m.m.a.HttpEntityMethodProcessor - Writing [[com.takecare.backend.specialistschedule.dto.SpecialistScheduleResponseDTO@1c7bd8f5, com.takecare.ba (truncated)...]
2026-05-26 03:41:57 [http-nio-8080-exec-9] DEBUG o.s.web.servlet.DispatcherServlet - Completed 200 OK
2026-05-26 03:41:59 [http-nio-8080-exec-5] DEBUG o.s.w.s.m.m.a.HttpEntityMethodProcessor - Using 'application/json', given [application/json, text/plain, */*] and supported [application/json, application/*+json, application/yaml]
2026-05-26 03:41:59 [http-nio-8080-exec-5] DEBUG o.s.w.s.m.m.a.HttpEntityMethodProcessor - Writing [com.takecare.backend.notification.dto.UnreadNotificationCountDto@6d7f6c5]
2026-05-26 03:41:59 [http-nio-8080-exec-5] DEBUG o.s.web.servlet.DispatcherServlet - Completed 200 OK
2026-05-26 03:42:18 [http-nio-8080-exec-1] DEBUG o.s.web.servlet.DispatcherServlet - DELETE "/api/v1/schedules/29", parameters={}
2026-05-26 03:42:18 [http-nio-8080-exec-1] DEBUG o.s.w.s.m.m.a.RequestMappingHandlerMapping - Mapped to com.takecare.backend.specialistschedule.controller.SpecialistScheduleController#deleteSchedule(Integer)
2026-05-26 03:42:20 [http-nio-8080-exec-1] WARN  o.h.e.jdbc.spi.SqlExceptionHelper - SQL Error: 1451, SQLState: 23000
2026-05-26 03:42:20 [http-nio-8080-exec-1] ERROR o.h.e.jdbc.spi.SqlExceptionHelper - Cannot delete or update a parent row: a foreign key constraint fails ("defaultdb"."sessions", CONSTRAINT "fk_sessions_specialist_schedule" FOREIGN KEY ("schedule_id") REFERENCES "specialist_schedule" ("id"))
2026-05-26 03:42:21 [http-nio-8080-exec-1] DEBUG o.s.web.servlet.DispatcherServlet - Failed to complete request: org.springframework.dao.DataIntegrityViolationException: could not execute statement [Cannot delete or update a parent row: a foreign key constraint fails ("defaultdb"."sessions", CONSTRAINT "fk_sessions_specialist_schedule" FOREIGN KEY ("schedule_id") REFERENCES "specialist_schedule" ("id"))] [delete from specialist_schedule where id=?]; SQL [delete from specialist_schedule where id=?]; constraint [null]
2026-05-26 03:42:21 [http-nio-8080-exec-1] ERROR o.a.c.c.C.[.[.[.[dispatcherServlet] - Servlet.service() for servlet [dispatcherServlet] in context with path [] threw exception [Request processing failed: org.springframework.dao.DataIntegrityViolationException: could not execute statement [Cannot delete or update a parent row: a foreign key constraint fails ("defaultdb"."sessions", CONSTRAINT "fk_sessions_specialist_schedule" FOREIGN KEY ("schedule_id") REFERENCES "specialist_schedule" ("id"))] [delete from specialist_schedule where id=?]; SQL [delete from specialist_schedule where id=?]; constraint [null]] with root cause
java.sql.SQLIntegrityConstraintViolationException: Cannot delete or update a parent row: a foreign key constraint fails ("defaultdb"."sessions", CONSTRAINT "fk_sessions_specialist_schedule" FOREIGN KEY ("schedule_id") REFERENCES "specialist_schedule" ("id"))
	at com.mysql.cj.jdbc.exceptions.SQLError.createSQLException(SQLError.java:109)
	at com.mysql.cj.jdbc.exceptions.SQLExceptionsMapping.translateException(SQLExceptionsMapping.java:114)
	at com.mysql.cj.jdbc.ClientPreparedStatement.executeInternal(ClientPreparedStatement.java:988)
	at com.mysql.cj.jdbc.ClientPreparedStatement.executeUpdateInternal(ClientPreparedStatement.java:1166)
	at com.mysql.cj.jdbc.ClientPreparedStatement.executeUpdateInternal(ClientPreparedStatement.java:1101)
	at com.mysql.cj.jdbc.ClientPreparedStatement.executeLargeUpdate(ClientPreparedStatement.java:1448)
	at com.mysql.cj.jdbc.ClientPreparedStatement.executeUpdate(ClientPreparedStatement.java:1084)
	at com.zaxxer.hikari.pool.ProxyPreparedStatement.executeUpdate(ProxyPreparedStatement.java:61)
	at com.zaxxer.hikari.pool.HikariProxyPreparedStatement.executeUpdate(HikariProxyPreparedStatement.java)
	at org.hibernate.engine.jdbc.internal.ResultSetReturnImpl.executeUpdate(ResultSetReturnImpl.java:194)
	at org.hibernate.engine.jdbc.mutation.internal.AbstractMutationExecutor.performNonBatchedMutation(AbstractMutationExecutor.java:134)
	at org.hibernate.engine.jdbc.mutation.internal.MutationExecutorSingleNonBatched.performNonBatchedOperations(MutationExecutorSingleNonBatched.java:55)
	at org.hibernate.engine.jdbc.mutation.internal.AbstractMutationExecutor.execute(AbstractMutationExecutor.java:55)
	at org.hibernate.persister.entity.mutation.AbstractDeleteCoordinator.doStaticDelete(AbstractDeleteCoordinator.java:280)
	at org.hibernate.persister.entity.mutation.AbstractDeleteCoordinator.delete(AbstractDeleteCoordinator.java:87)
	at org.hibernate.action.internal.EntityDeleteAction.execute(EntityDeleteAction.java:131)
	at org.hibernate.engine.spi.ActionQueue.executeActions(ActionQueue.java:644)
	at org.hibernate.engine.spi.ActionQueue.executeActions(ActionQueue.java:511)
	at org.hibernate.event.internal.AbstractFlushingEventListener.performExecutions(AbstractFlushingEventListener.java:414)
	at org.hibernate.event.internal.DefaultFlushEventListener.onFlush(DefaultFlushEventListener.java:41)
	at org.hibernate.event.service.internal.EventListenerGroupImpl.fireEventOnEachListener(EventListenerGroupImpl.java:127)
	at org.hibernate.internal.SessionImpl.doFlush(SessionImpl.java:1429)
	at org.hibernate.internal.SessionImpl.managedFlush(SessionImpl.java:491)
	at org.hibernate.internal.SessionImpl.flushBeforeTransactionCompletion(SessionImpl.java:2354)
	at org.hibernate.internal.SessionImpl.beforeTransactionCompletion(SessionImpl.java:1978)
	at org.hibernate.engine.jdbc.internal.JdbcCoordinatorImpl.beforeTransactionCompletion(JdbcCoordinatorImpl.java:439)
	at org.hibernate.resource.transaction.backend.jdbc.internal.JdbcResourceLocalTransactionCoordinatorImpl.beforeCompletionCallback(JdbcResourceLocalTransactionCoordinatorImpl.java:169)
	at org.hibernate.resource.transaction.backend.jdbc.internal.JdbcResourceLocalTransactionCoordinatorImpl$TransactionDriverControlImpl.commit(JdbcResourceLocalTransactionCoordinatorImpl.java:267)
	at org.hibernate.engine.transaction.internal.TransactionImpl.commit(TransactionImpl.java:101)
	at org.springframework.orm.jpa.JpaTransactionManager.doCommit(JpaTransactionManager.java:563)
	at org.springframework.transaction.support.AbstractPlatformTransactionManager.processCommit(AbstractPlatformTransactionManager.java:795)
	at org.springframework.transaction.support.AbstractPlatformTransactionManager.commit(AbstractPlatformTransactionManager.java:758)
	at org.springframework.transaction.interceptor.TransactionAspectSupport.commitTransactionAfterReturning(TransactionAspectSupport.java:698)
	at org.springframework.transaction.interceptor.TransactionAspectSupport.invokeWithinTransaction(TransactionAspectSupport.java:416)
	at org.springframework.transaction.interceptor.TransactionInterceptor.invoke(TransactionInterceptor.java:119)
	at org.springframework.aop.framework.ReflectiveMethodInvocation.proceed(ReflectiveMethodInvocation.java:184)
	at org.springframework.aop.framework.CglibAopProxy$DynamicAdvisedInterceptor.intercept(CglibAopProxy.java:728)
	at com.takecare.backend.specialistschedule.service.SpecialistScheduleService$$SpringCGLIB$$0.deleteSchedule(<generated>)
	at com.takecare.backend.specialistschedule.controller.SpecialistScheduleController.deleteSchedule(SpecialistScheduleController.java:69)
	at java.base/jdk.internal.reflect.NativeMethodAccessorImpl.invoke0(Native Method)
	at java.base/jdk.internal.reflect.NativeMethodAccessorImpl.invoke(NativeMethodAccessorImpl.java:77)
	at java.base/jdk.internal.reflect.DelegatingMethodAccessorImpl.invoke(DelegatingMethodAccessorImpl.java:43)
	at java.base/java.lang.reflect.Method.invoke(Method.java:569)
	at org.springframework.web.method.support.InvocableHandlerMethod.doInvoke(InvocableHandlerMethod.java:258)
	at org.springframework.web.method.support.InvocableHandlerMethod.invokeForRequest(InvocableHandlerMethod.java:191)
	at org.springframework.web.servlet.mvc.method.annotation.ServletInvocableHandlerMethod.invokeAndHandle(ServletInvocableHandlerMethod.java:118)
	at org.springframework.web.servlet.mvc.method.annotation.RequestMappingHandlerAdapter.invokeHandlerMethod(RequestMappingHandlerAdapter.java:991)
	at org.springframework.web.servlet.mvc.method.annotation.RequestMappingHandlerAdapter.handleInternal(RequestMappingHandlerAdapter.java:896)
	at org.springframework.web.servlet.mvc.method.AbstractHandlerMethodAdapter.handle(AbstractHandlerMethodAdapter.java:87)
	at org.springframework.web.servlet.DispatcherServlet.doDispatch(DispatcherServlet.java:1089)
	at org.springframework.web.servlet.DispatcherServlet.doService(DispatcherServlet.java:979)
	at org.springframework.web.servlet.FrameworkServlet.processRequest(FrameworkServlet.java:1014)
	at org.springframework.web.servlet.FrameworkServlet.doDelete(FrameworkServlet.java:936)
	at jakarta.servlet.http.HttpServlet.service(HttpServlet.java:596)
	at org.springframework.web.servlet.FrameworkServlet.service(FrameworkServlet.java:885)
	at jakarta.servlet.http.HttpServlet.service(HttpServlet.java:658)
	at org.apache.catalina.core.ApplicationFilterChain.internalDoFilter(ApplicationFilterChain.java:193)
	at org.apache.catalina.core.ApplicationFilterChain.doFilter(ApplicationFilterChain.java:138)
	at org.apache.tomcat.websocket.server.WsFilter.doFilter(WsFilter.java:51)
	at org.apache.catalina.core.ApplicationFilterChain.internalDoFilter(ApplicationFilterChain.java:162)
	at org.apache.catalina.core.ApplicationFilterChain.doFilter(ApplicationFilterChain.java:138)
	at org.springframework.web.filter.CompositeFilter$VirtualFilterChain.doFilter(CompositeFilter.java:108)
	at org.springframework.web.filter.CompositeFilter$VirtualFilterChain.doFilter(CompositeFilter.java:108)
	at org.springframework.security.web.FilterChainProxy.lambda$doFilterInternal$3(FilterChainProxy.java:231)
	at org.springframework.security.web.FilterChainProxy$VirtualFilterChain.doFilter(FilterChainProxy.java:365)
	at org.springframework.security.web.access.intercept.AuthorizationFilter.doFilter(AuthorizationFilter.java:101)
	at org.springframework.security.web.FilterChainProxy$VirtualFilterChain.doFilter(FilterChainProxy.java:374)
	at org.springframework.security.web.access.ExceptionTranslationFilter.doFilter(ExceptionTranslationFilter.java:125)
	at org.springframework.security.web.access.ExceptionTranslationFilter.doFilter(ExceptionTranslationFilter.java:119)
	at org.springframework.security.web.FilterChainProxy$VirtualFilterChain.doFilter(FilterChainProxy.java:374)
	at org.springframework.security.web.authentication.AnonymousAuthenticationFilter.doFilter(AnonymousAuthenticationFilter.java:100)
	at org.springframework.security.web.FilterChainProxy$VirtualFilterChain.doFilter(FilterChainProxy.java:374)
	at org.springframework.security.web.servletapi.SecurityContextHolderAwareRequestFilter.doFilter(SecurityContextHolderAwareRequestFilter.java:179)
	at org.springframework.security.web.FilterChainProxy$VirtualFilterChain.doFilter(FilterChainProxy.java:374)
	at org.springframework.security.web.savedrequest.RequestCacheAwareFilter.doFilter(RequestCacheAwareFilter.java:63)
	at org.springframework.security.web.FilterChainProxy$VirtualFilterChain.doFilter(FilterChainProxy.java:374)
	at org.springframework.security.web.authentication.logout.LogoutFilter.doFilter(LogoutFilter.java:107)
	at org.springframework.security.web.authentication.logout.LogoutFilter.doFilter(LogoutFilter.java:93)
	at org.springframework.security.web.FilterChainProxy$VirtualFilterChain.doFilter(FilterChainProxy.java:374)
	at org.springframework.web.filter.CorsFilter.doFilterInternal(CorsFilter.java:91)
	at org.springframework.web.filter.OncePerRequestFilter.doFilter(OncePerRequestFilter.java:116)
	at org.springframework.security.web.FilterChainProxy$VirtualFilterChain.doFilter(FilterChainProxy.java:374)
	at org.springframework.security.web.header.HeaderWriterFilter.doHeadersAfter(HeaderWriterFilter.java:90)
	at org.springframework.security.web.header.HeaderWriterFilter.doFilterInternal(HeaderWriterFilter.java:75)
	at org.springframework.web.filter.OncePerRequestFilter.doFilter(OncePerRequestFilter.java:116)
	at org.springframework.security.web.FilterChainProxy$VirtualFilterChain.doFilter(FilterChainProxy.java:374)
	at org.springframework.security.web.context.SecurityContextHolderFilter.doFilter(SecurityContextHolderFilter.java:82)
	at org.springframework.security.web.context.SecurityContextHolderFilter.doFilter(SecurityContextHolderFilter.java:69)
	at org.springframework.security.web.FilterChainProxy$VirtualFilterChain.doFilter(FilterChainProxy.java:374)
	at org.springframework.security.web.context.request.async.WebAsyncManagerIntegrationFilter.doFilterInternal(WebAsyncManagerIntegrationFilter.java:62)
	at org.springframework.web.filter.OncePerRequestFilter.doFilter(OncePerRequestFilter.java:116)
	at org.springframework.security.web.FilterChainProxy$VirtualFilterChain.doFilter(FilterChainProxy.java:374)
	at org.springframework.security.web.session.DisableEncodeUrlFilter.doFilterInternal(DisableEncodeUrlFilter.java:42)
	at org.springframework.web.filter.OncePerRequestFilter.doFilter(OncePerRequestFilter.java:116)
	at org.springframework.security.web.FilterChainProxy$VirtualFilterChain.doFilter(FilterChainProxy.java:374)
	at org.springframework.security.web.FilterChainProxy.doFilterInternal(FilterChainProxy.java:233)
	at org.springframework.security.web.FilterChainProxy.doFilter(FilterChainProxy.java:191)
	at org.springframework.web.filter.CompositeFilter$VirtualFilterChain.doFilter(CompositeFilter.java:113)
	at org.springframework.web.filter.ServletRequestPathFilter.doFilter(ServletRequestPathFilter.java:52)
	at org.springframework.web.filter.CompositeFilter$VirtualFilterChain.doFilter(CompositeFilter.java:113)
	at org.springframework.web.filter.CompositeFilter.doFilter(CompositeFilter.java:74)
	at org.springframework.security.config.annotation.web.configuration.WebSecurityConfiguration$CompositeFilterChainProxy.doFilter(WebSecurityConfiguration.java:319)
	at org.springframework.web.filter.CompositeFilter$VirtualFilterChain.doFilter(CompositeFilter.java:113)
	at org.springframework.web.servlet.handler.HandlerMappingIntrospector.lambda$createCacheFilter$4(HandlerMappingIntrospector.java:267)
	at org.springframework.web.filter.CompositeFilter$VirtualFilterChain.doFilter(CompositeFilter.java:113)
	at org.springframework.web.filter.CompositeFilter.doFilter(CompositeFilter.java:74)
	at org.springframework.security.config.annotation.web.configuration.WebMvcSecurityConfiguration$CompositeFilterChainProxy.doFilter(WebMvcSecurityConfiguration.java:240)
	at org.springframework.web.filter.DelegatingFilterProxy.invokeDelegate(DelegatingFilterProxy.java:362)
	at org.springframework.web.filter.DelegatingFilterProxy.doFilter(DelegatingFilterProxy.java:278)
	at org.apache.catalina.core.ApplicationFilterChain.internalDoFilter(ApplicationFilterChain.java:162)
	at org.apache.catalina.core.ApplicationFilterChain.doFilter(ApplicationFilterChain.java:138)
	at org.springframework.web.filter.RequestContextFilter.doFilterInternal(RequestContextFilter.java:100)
	at org.springframework.web.filter.OncePerRequestFilter.doFilter(OncePerRequestFilter.java:116)
	at org.apache.catalina.core.ApplicationFilterChain.internalDoFilter(ApplicationFilterChain.java:162)
	at org.apache.catalina.core.ApplicationFilterChain.doFilter(ApplicationFilterChain.java:138)
	at org.springframework.web.filter.FormContentFilter.doFilterInternal(FormContentFilter.java:93)
	at org.springframework.web.filter.OncePerRequestFilter.doFilter(OncePerRequestFilter.java:116)
	at org.apache.catalina.core.ApplicationFilterChain.internalDoFilter(ApplicationFilterChain.java:162)
	at org.apache.catalina.core.ApplicationFilterChain.doFilter(ApplicationFilterChain.java:138)
	at org.springframework.web.filter.CharacterEncodingFilter.doFilterInternal(CharacterEncodingFilter.java:201)
	at org.springframework.web.filter.OncePerRequestFilter.doFilter(OncePerRequestFilter.java:116)
	at org.apache.catalina.core.ApplicationFilterChain.internalDoFilter(ApplicationFilterChain.java:162)
	at org.apache.catalina.core.ApplicationFilterChain.doFilter(ApplicationFilterChain.java:138)
	at org.apache.catalina.core.StandardWrapperValve.invoke(StandardWrapperValve.java:165)
	at org.apache.catalina.core.StandardContextValve.invoke(StandardContextValve.java:88)
	at org.apache.catalina.authenticator.AuthenticatorBase.invoke(AuthenticatorBase.java:492)
	at org.apache.catalina.core.StandardHostValve.invoke(StandardHostValve.java:113)
	at org.apache.catalina.valves.ErrorReportValve.invoke(ErrorReportValve.java:83)
	at org.apache.catalina.core.StandardEngineValve.invoke(StandardEngineValve.java:72)
	at org.apache.catalina.connector.CoyoteAdapter.service(CoyoteAdapter.java:342)
	at org.apache.coyote.http11.Http11Processor.service(Http11Processor.java:399)
	at org.apache.coyote.AbstractProcessorLight.process(AbstractProcessorLight.java:63)
	at org.apache.coyote.AbstractProtocol$ConnectionHandler.process(AbstractProtocol.java:903)
	at org.apache.tomcat.util.net.NioEndpoint$SocketProcessor.doRun(NioEndpoint.java:1775)
	at org.apache.tomcat.util.net.SocketProcessorBase.run(SocketProcessorBase.java:52)
	at org.apache.tomcat.util.threads.ThreadPoolExecutor.runWorker(ThreadPoolExecutor.java:973)
	at org.apache.tomcat.util.threads.ThreadPoolExecutor$Worker.run(ThreadPoolExecutor.java:491)
	at org.apache.tomcat.util.threads.TaskThread$WrappingRunnable.run(TaskThread.java:63)
	at java.base/java.lang.Thread.run(Thread.java:840)
2026-05-26 03:42:21 [http-nio-8080-exec-1] DEBUG o.s.web.servlet.DispatcherServlet - "ERROR" dispatch for DELETE "/error", parameters={}
2026-05-26 03:42:21 [http-nio-8080-exec-1] DEBUG o.s.w.s.m.m.a.RequestMappingHandlerMapping - Mapped to org.springframework.boot.autoconfigure.web.servlet.error.BasicErrorController#error(HttpServletRequest)
2026-05-26 03:42:21 [http-nio-8080-exec-1] DEBUG o.s.w.s.m.m.a.HttpEntityMethodProcessor - Using 'application/json', given [application/json, text/plain, */*] and supported [application/json, application/*+json, application/yaml]
2026-05-26 03:42:21 [http-nio-8080-exec-1] DEBUG o.s.w.s.m.m.a.HttpEntityMethodProcessor - Writing [{timestamp=Tue May 26 03:42:21 BOT 2026, status=500, error=Internal Server Error, trace=org.springfr (truncated)...]
2026-05-26 03:42:21 [http-nio-8080-exec-1] DEBUG o.s.web.servlet.DispatcherServlet - Exiting from "ERROR" dispatch, status 500
2026-05-26 03:42:47 [http-nio-8080-exec-10] DEBUG o.s.web.servlet.DispatcherServlet - PUT "/api/v1/schedules/29", parameters={}
2026-05-26 03:42:47 [http-nio-8080-exec-10] DEBUG o.s.w.s.m.m.a.RequestMappingHandlerMapping - Mapped to com.takecare.backend.specialistschedule.controller.SpecialistScheduleController#updateSchedule(Integer, SpecialistScheduleDTO)
2026-05-26 03:42:47 [http-nio-8080-exec-10] DEBUG o.s.w.s.m.m.a.RequestResponseBodyMethodProcessor - Read "application/json;charset=UTF-8" to [com.takecare.backend.specialistschedule.dto.SpecialistScheduleDTO@7ff77430]
2026-05-26 03:42:50 [http-nio-8080-exec-10] DEBUG o.s.w.s.m.m.a.HttpEntityMethodProcessor - Using 'application/json', given [application/json, text/plain, */*] and supported [application/json, application/*+json, application/yaml]
2026-05-26 03:42:50 [http-nio-8080-exec-10] DEBUG o.s.w.s.m.m.a.HttpEntityMethodProcessor - Writing [com.takecare.backend.specialistschedule.dto.SpecialistScheduleResponseDTO@5d37f6c1]
2026-05-26 03:42:50 [http-nio-8080-exec-10] DEBUG o.s.web.servlet.DispatcherServlet - Completed 200 OK
2026-05-26 03:42:50 [http-nio-8080-exec-4] DEBUG o.s.web.servlet.DispatcherServlet - GET "/api/v1/schedules/specialist/17/range?startDate=2026-05-26&endDate=2026-06-01", parameters={masked}
2026-05-26 03:42:50 [http-nio-8080-exec-4] DEBUG o.s.w.s.m.m.a.RequestMappingHandlerMapping - Mapped to com.takecare.backend.specialistschedule.controller.SpecialistScheduleController#getSchedulesByDateRange(Integer, LocalDate, LocalDate)
2026-05-26 03:42:51 [http-nio-8080-exec-4] DEBUG o.s.w.s.m.m.a.HttpEntityMethodProcessor - Using 'application/json', given [application/json, text/plain, */*] and supported [application/json, application/*+json, application/yaml]
2026-05-26 03:42:51 [http-nio-8080-exec-4] DEBUG o.s.w.s.m.m.a.HttpEntityMethodProcessor - Writing [[com.takecare.backend.specialistschedule.dto.SpecialistScheduleResponseDTO@7284b55f, com.takecare.ba (truncated)...]
2026-05-26 03:42:51 [http-nio-8080-exec-4] DEBUG o.s.web.servlet.DispatcherServlet - Completed 200 OK
2026-05-26 03:43:07 [http-nio-8080-exec-8] DEBUG o.s.web.servlet.DispatcherServlet - POST "/api/v1/schedules/specialist/17/create", parameters={}
2026-05-26 03:43:07 [http-nio-8080-exec-8] DEBUG o.s.w.s.m.m.a.RequestMappingHandlerMapping - Mapped to com.takecare.backend.specialistschedule.controller.SpecialistScheduleController#createSchedule(Integer, SpecialistScheduleDTO)
2026-05-26 03:43:07 [http-nio-8080-exec-8] DEBUG o.s.w.s.m.m.a.RequestResponseBodyMethodProcessor - Read "application/json;charset=UTF-8" to [com.takecare.backend.specialistschedule.dto.SpecialistScheduleDTO@39954f57]
2026-05-26 03:43:10 [http-nio-8080-exec-8] DEBUG o.s.w.s.m.m.a.HttpEntityMethodProcessor - Using 'application/json', given [application/json, text/plain, */*] and supported [application/json, application/*+json, application/yaml]
2026-05-26 03:43:10 [http-nio-8080-exec-8] DEBUG o.s.w.s.m.m.a.HttpEntityMethodProcessor - Writing [com.takecare.backend.specialistschedule.dto.SpecialistScheduleResponseDTO@166817b]
2026-05-26 03:43:10 [http-nio-8080-exec-8] DEBUG o.s.web.servlet.DispatcherServlet - Completed 200 OK
2026-05-26 03:43:10 [http-nio-8080-exec-9] DEBUG o.s.web.servlet.DispatcherServlet - GET "/api/v1/schedules/specialist/17/range?startDate=2026-05-26&endDate=2026-06-01", parameters={masked}
2026-05-26 03:43:10 [http-nio-8080-exec-9] DEBUG o.s.w.s.m.m.a.RequestMappingHandlerMapping - Mapped to com.takecare.backend.specialistschedule.controller.SpecialistScheduleController#getSchedulesByDateRange(Integer, LocalDate, LocalDate)
2026-05-26 03:43:10 [http-nio-8080-exec-9] DEBUG o.s.w.s.m.m.a.HttpEntityMethodProcessor - Using 'application/json', given [application/json, text/plain, */*] and supported [application/json, application/*+json, application/yaml]
2026-05-26 03:43:10 [http-nio-8080-exec-9] DEBUG o.s.w.s.m.m.a.HttpEntityMethodProcessor - Writing [[com.takecare.backend.specialistschedule.dto.SpecialistScheduleResponseDTO@6294857f, com.takecare.ba (truncated)...]
2026-05-26 03:43:10 [http-nio-8080-exec-9] DEBUG o.s.web.servlet.DispatcherServlet - Completed 200 OK
2026-05-26 03:43:14 [http-nio-8080-exec-5] DEBUG o.s.web.servlet.DispatcherServlet - GET "/api/v1/notifications/specialist/17", parameters={}
2026-05-26 03:43:14 [http-nio-8080-exec-5] DEBUG o.s.w.s.m.m.a.RequestMappingHandlerMapping - Mapped to com.takecare.backend.notification.controller.NotificationController#listBySpecialist(Integer)
2026-05-26 03:43:14 [http-nio-8080-exec-7] DEBUG o.s.web.servlet.DispatcherServlet - GET "/api/v1/notifications/specialist/17/unread-count", parameters={}
2026-05-26 03:43:14 [http-nio-8080-exec-7] DEBUG o.s.w.s.m.m.a.RequestMappingHandlerMapping - Mapped to com.takecare.backend.notification.controller.NotificationController#unreadCount(Integer)
2026-05-26 03:43:14 [http-nio-8080-exec-5] INFO  c.t.b.n.c.NotificationController - GET /api/v1/notifications/specialist/17 - listing notifications
2026-05-26 03:43:14 [http-nio-8080-exec-7] INFO  c.t.b.n.c.NotificationController - GET /api/v1/notifications/specialist/17/unread-count
2026-05-26 03:43:15 [http-nio-8080-exec-5] INFO  c.t.b.n.service.NotificationService - Listing notifications for specialist id: 17
2026-05-26 03:43:16 [http-nio-8080-exec-7] DEBUG o.s.w.s.m.m.a.HttpEntityMethodProcessor - Using 'application/json', given [application/json, text/plain, */*] and supported [application/json, application/*+json, application/yaml]
2026-05-26 03:43:16 [http-nio-8080-exec-7] DEBUG o.s.w.s.m.m.a.HttpEntityMethodProcessor - Writing [com.takecare.backend.notification.dto.UnreadNotificationCountDto@745b1e92]
2026-05-26 03:43:16 [http-nio-8080-exec-7] DEBUG o.s.web.servlet.DispatcherServlet - Completed 200 OK
2026-05-26 03:43:16 [http-nio-8080-exec-1] DEBUG o.s.web.servlet.DispatcherServlet - GET "/api/v1/notifications/specialist/17/unread-count", parameters={}
2026-05-26 03:43:16 [http-nio-8080-exec-1] DEBUG o.s.w.s.m.m.a.RequestMappingHandlerMapping - Mapped to com.takecare.backend.notification.controller.NotificationController#unreadCount(Integer)
2026-05-26 03:43:16 [http-nio-8080-exec-1] INFO  c.t.b.n.c.NotificationController - GET /api/v1/notifications/specialist/17/unread-count
2026-05-26 03:43:17 [http-nio-8080-exec-5] DEBUG o.s.w.s.m.m.a.HttpEntityMethodProcessor - Using 'application/json', given [application/json, text/plain, */*] and supported [application/json, application/*+json, application/yaml]
2026-05-26 03:43:17 [http-nio-8080-exec-5] DEBUG o.s.w.s.m.m.a.HttpEntityMethodProcessor - Writing [[com.takecare.backend.notification.dto.NotificationResponseDto@7e887dad, com.takecare.backend.notifi (truncated)...]
2026-05-26 03:43:17 [http-nio-8080-exec-5] DEBUG o.s.web.servlet.DispatcherServlet - Completed 200 OK
2026-05-26 03:43:17 [http-nio-8080-exec-2] DEBUG o.s.web.servlet.DispatcherServlet - GET "/api/v1/notifications/specialist/17", parameters={}
2026-05-26 03:43:17 [http-nio-8080-exec-2] DEBUG o.s.w.s.m.m.a.RequestMappingHandlerMapping - Mapped to com.takecare.backend.notification.controller.NotificationController#listBySpecialist(Integer)
2026-05-26 03:43:17 [http-nio-8080-exec-2] INFO  c.t.b.n.c.NotificationController - GET /api/v1/notifications/specialist/17 - listing notifications
2026-05-26 03:43:17 [http-nio-8080-exec-2] INFO  c.t.b.n.service.NotificationService - Listing notifications for specialist id: 17
2026-05-26 03:43:19 [http-nio-8080-exec-1] DEBUG o.s.w.s.m.m.a.HttpEntityMethodProcessor - Using 'application/json', given [application/json, text/plain, */*] and supported [application/json, application/*+json, application/yaml]
2026-05-26 03:43:19 [http-nio-8080-exec-1] DEBUG o.s.w.s.m.m.a.HttpEntityMethodProcessor - Writing [com.takecare.backend.notification.dto.UnreadNotificationCountDto@4510d8b6]
2026-05-26 03:43:19 [http-nio-8080-exec-1] DEBUG o.s.web.servlet.DispatcherServlet - Completed 200 OK
2026-05-26 03:43:19 [http-nio-8080-exec-2] DEBUG o.s.w.s.m.m.a.HttpEntityMethodProcessor - Using 'application/json', given [application/json, text/plain, */*] and supported [application/json, application/*+json, application/yaml]
2026-05-26 03:43:19 [http-nio-8080-exec-2] DEBUG o.s.w.s.m.m.a.HttpEntityMethodProcessor - Writing [[com.takecare.backend.notification.dto.NotificationResponseDto@6ffd2ff, com.takecare.backend.notific (truncated)...]
2026-05-26 03:43:19 [http-nio-8080-exec-2] DEBUG o.s.web.servlet.DispatcherServlet - Completed 200 OK
2026-05-26 03:43:20 [http-nio-8080-exec-4] DEBUG o.s.web.servlet.DispatcherServlet - PUT "/api/v1/notifications/37/read-status", parameters={}
2026-05-26 03:43:20 [http-nio-8080-exec-4] DEBUG o.s.w.s.m.m.a.RequestMappingHandlerMapping - Mapped to com.takecare.backend.notification.controller.NotificationController#updateReadStatus(Integer, UpdateNotificationStatusRequestDto)
2026-05-26 03:43:20 [http-nio-8080-exec-4] DEBUG o.s.w.s.m.m.a.RequestResponseBodyMethodProcessor - Read "application/json;charset=UTF-8" to [com.takecare.backend.notification.dto.UpdateNotificationStatusRequestDto@d98da3]
2026-05-26 03:43:20 [http-nio-8080-exec-4] INFO  c.t.b.n.c.NotificationController - PUT /api/v1/notifications/37/read-status
2026-05-26 03:43:21 [http-nio-8080-exec-4] INFO  c.t.b.n.service.NotificationService - Notification id: 37 updated to status: 1
2026-05-26 03:43:21 [http-nio-8080-exec-6] DEBUG o.s.web.servlet.DispatcherServlet - PUT "/api/v1/notifications/36/read-status", parameters={}
2026-05-26 03:43:21 [http-nio-8080-exec-6] DEBUG o.s.w.s.m.m.a.RequestMappingHandlerMapping - Mapped to com.takecare.backend.notification.controller.NotificationController#updateReadStatus(Integer, UpdateNotificationStatusRequestDto)
2026-05-26 03:43:21 [http-nio-8080-exec-6] DEBUG o.s.w.s.m.m.a.RequestResponseBodyMethodProcessor - Read "application/json;charset=UTF-8" to [com.takecare.backend.notification.dto.UpdateNotificationStatusRequestDto@4083b4bd]
2026-05-26 03:43:21 [http-nio-8080-exec-6] INFO  c.t.b.n.c.NotificationController - PUT /api/v1/notifications/36/read-status
2026-05-26 03:43:22 [http-nio-8080-exec-4] DEBUG org.springframework.web.SimpLogging - Processing MESSAGE destination=/topic/notifications/specialist/17 session=null payload={"eventType":"NOTIFICATION_STATUS_UPDATED","unreadCount":1,"notification":{"id":...(truncated)
2026-05-26 03:43:22 [http-nio-8080-exec-4] INFO  c.t.b.n.service.NotificationService - Notification event NOTIFICATION_STATUS_UPDATED sent to topic /topic/notifications/specialist/17
2026-05-26 03:43:22 [http-nio-8080-exec-4] DEBUG o.s.w.s.m.m.a.HttpEntityMethodProcessor - Using 'application/json', given [application/json, text/plain, */*] and supported [application/json, application/*+json, application/yaml]
2026-05-26 03:43:22 [http-nio-8080-exec-4] DEBUG o.s.w.s.m.m.a.HttpEntityMethodProcessor - Writing [com.takecare.backend.notification.dto.NotificationResponseDto@3e417814]
2026-05-26 03:43:22 [http-nio-8080-exec-4] DEBUG o.s.web.servlet.DispatcherServlet - Completed 200 OK
2026-05-26 03:43:23 [http-nio-8080-exec-6] INFO  c.t.b.n.service.NotificationService - Notification id: 36 updated to status: 1
2026-05-26 03:43:24 [http-nio-8080-exec-6] DEBUG org.springframework.web.SimpLogging - Processing MESSAGE destination=/topic/notifications/specialist/17 session=null payload={"eventType":"NOTIFICATION_STATUS_UPDATED","unreadCount":0,"notification":{"id":...(truncated)
2026-05-26 03:43:24 [http-nio-8080-exec-6] INFO  c.t.b.n.service.NotificationService - Notification event NOTIFICATION_STATUS_UPDATED sent to topic /topic/notifications/specialist/17
2026-05-26 03:43:24 [http-nio-8080-exec-6] DEBUG o.s.w.s.m.m.a.HttpEntityMethodProcessor - Using 'application/json', given [application/json, text/plain, */*] and supported [application/json, application/*+json, application/yaml]
2026-05-26 03:43:24 [http-nio-8080-exec-6] DEBUG o.s.w.s.m.m.a.HttpEntityMethodProcessor - Writing [com.takecare.backend.notification.dto.NotificationResponseDto@46f1de7e]
2026-05-26 03:43:24 [http-nio-8080-exec-6] DEBUG o.s.web.servlet.DispatcherServlet - Completed 200 OK
2026-05-26 03:43:50 [http-nio-8080-exec-9] DEBUG o.s.web.servlet.DispatcherServlet - POST "/api/v1/auth/login", parameters={}
2026-05-26 03:43:50 [http-nio-8080-exec-9] DEBUG o.s.w.s.m.m.a.RequestMappingHandlerMapping - Mapped to com.takecare.backend.auth.controller.AuthController#login(LoginRequestDTO)
2026-05-26 03:43:50 [http-nio-8080-exec-9] DEBUG o.s.w.s.m.m.a.RequestResponseBodyMethodProcessor - Read "application/json;charset=UTF-8" to [com.takecare.backend.auth.DTO.LoginRequestDTO@3853b214]
2026-05-26 03:43:51 [http-nio-8080-exec-9] DEBUG o.s.w.s.m.m.a.HttpEntityMethodProcessor - Using 'application/json', given [application/json, text/plain, */*] and supported [application/json, application/*+json, application/yaml]
2026-05-26 03:43:51 [http-nio-8080-exec-9] DEBUG o.s.w.s.m.m.a.HttpEntityMethodProcessor - Writing [com.takecare.backend.auth.DTO.ApiResponseDTO@f97e760]
2026-05-26 03:43:51 [http-nio-8080-exec-9] DEBUG o.s.web.servlet.DispatcherServlet - Completed 200 OK
2026-05-26 03:43:55 [http-nio-8080-exec-7] DEBUG o.s.web.servlet.DispatcherServlet - GET "/api/v1/specialists/search", parameters={}
2026-05-26 03:43:55 [http-nio-8080-exec-7] DEBUG o.s.w.s.m.m.a.RequestMappingHandlerMapping - Mapped to com.takecare.backend.user.controller.SpecialistController#searchSpecialists(String, String, String, String, String)
2026-05-26 03:43:55 [http-nio-8080-exec-7] INFO  c.t.b.u.c.SpecialistController - GET /api/v1/specialists/search | search=null | name=null | category=null | city=null | availability=null
2026-05-26 03:43:55 [http-nio-8080-exec-7] INFO  c.t.b.s.s.SpecialistSearchService - Buscando especialistas | search=null | name=null | category=null | city=null | availability=null
2026-05-26 03:43:55 [http-nio-8080-exec-7] INFO  c.t.b.s.s.SpecialistSearchService - Filtro aplicado | resultados=9
2026-05-26 03:44:03 [http-nio-8080-exec-7] INFO  c.t.b.u.c.SpecialistController - GET /api/v1/specialists/search | total=9
2026-05-26 03:44:03 [http-nio-8080-exec-7] DEBUG o.s.w.s.m.m.a.HttpEntityMethodProcessor - Using 'application/json', given [application/json, text/plain, */*] and supported [application/json, application/*+json, application/yaml]
2026-05-26 03:44:03 [http-nio-8080-exec-7] DEBUG o.s.w.s.m.m.a.HttpEntityMethodProcessor - Writing [[com.takecare.backend.specialities.dto.SpecialistFilterResponseDTO@3fd7d8db, com.takecare.backend.sp (truncated)...]
2026-05-26 03:44:03 [http-nio-8080-exec-7] DEBUG o.s.web.servlet.DispatcherServlet - Completed 200 OK
2026-05-26 03:44:07 [http-nio-8080-exec-5] DEBUG o.s.web.servlet.DispatcherServlet - GET "/api/v1/schedules/specialist/17/grouped", parameters={}
2026-05-26 03:44:07 [http-nio-8080-exec-5] DEBUG o.s.w.s.m.m.a.RequestMappingHandlerMapping - Mapped to com.takecare.backend.specialistschedule.controller.SpecialistScheduleController#getSchedulesGroupedByDay(Integer)
2026-05-26 03:44:07 [http-nio-8080-exec-5] DEBUG o.s.w.s.m.m.a.HttpEntityMethodProcessor - Using 'application/json', given [application/json, text/plain, */*] and supported [application/json, application/*+json, application/yaml]
2026-05-26 03:44:07 [http-nio-8080-exec-5] DEBUG o.s.w.s.m.m.a.HttpEntityMethodProcessor - Writing [[com.takecare.backend.specialistschedule.dto.SpecialistScheduleGroupDTO@35d3dc0, com.takecare.backen (truncated)...]
2026-05-26 03:44:07 [http-nio-8080-exec-5] DEBUG o.s.web.servlet.DispatcherServlet - Completed 200 OK
2026-05-26 03:44:12 [http-nio-8080-exec-2] DEBUG o.s.web.servlet.DispatcherServlet - POST "/api/v1/sessions", parameters={}
2026-05-26 03:44:12 [http-nio-8080-exec-2] DEBUG o.s.w.s.m.m.a.RequestMappingHandlerMapping - Mapped to com.takecare.backend.session.controller.SessionController#createSession(CreateSessionRequestDTO)
2026-05-26 03:44:12 [http-nio-8080-exec-2] DEBUG o.s.w.s.m.m.a.RequestResponseBodyMethodProcessor - Read "application/json;charset=UTF-8" to [com.takecare.backend.session.dto.CreateSessionRequestDTO@17c304cb]
2026-05-26 03:44:12 [http-nio-8080-exec-2] INFO  c.t.b.s.controller.SessionController - POST session - patientId=13 scheduleId=29 typeOfSession=1
2026-05-26 03:44:14 [http-nio-8080-exec-2] WARN  c.t.b.s.controller.SessionController - POST session - error: Este horario ya tiene una cita registrada
2026-05-26 03:44:14 [http-nio-8080-exec-2] DEBUG o.s.w.s.m.m.a.HttpEntityMethodProcessor - Using 'application/json', given [application/json, text/plain, */*] and supported [application/json, application/*+json, application/yaml]
2026-05-26 03:44:14 [http-nio-8080-exec-2] DEBUG o.s.w.s.m.m.a.HttpEntityMethodProcessor - Writing [{message=Este horario ya tiene una cita registrada}]
2026-05-26 03:44:14 [http-nio-8080-exec-2] DEBUG o.s.web.servlet.DispatcherServlet - Completed 400 BAD_REQUEST
2026-05-26 03:44:17 [http-nio-8080-exec-3] DEBUG o.s.web.servlet.DispatcherServlet - POST "/api/v1/sessions", parameters={}
2026-05-26 03:44:17 [http-nio-8080-exec-3] DEBUG o.s.w.s.m.m.a.RequestMappingHandlerMapping - Mapped to com.takecare.backend.session.controller.SessionController#createSession(CreateSessionRequestDTO)
2026-05-26 03:44:17 [http-nio-8080-exec-3] DEBUG o.s.w.s.m.m.a.RequestResponseBodyMethodProcessor - Read "application/json;charset=UTF-8" to [com.takecare.backend.session.dto.CreateSessionRequestDTO@608c5f93]
2026-05-26 03:44:17 [http-nio-8080-exec-3] INFO  c.t.b.s.controller.SessionController - POST session - patientId=13 scheduleId=32 typeOfSession=1
2026-05-26 03:44:20 [http-nio-8080-exec-3] INFO  c.t.b.n.service.NotificationService - Notification created successfully with id: 38 for specialist id: 17
2026-05-26 03:44:21 [http-nio-8080-exec-3] DEBUG org.springframework.web.SimpLogging - Processing MESSAGE destination=/topic/notifications/specialist/17 session=null payload={"eventType":"NOTIFICATION_CREATED","unreadCount":1,"notification":{"id":38,"ses...(truncated)
2026-05-26 03:44:21 [http-nio-8080-exec-3] INFO  c.t.b.n.service.NotificationService - Notification event NOTIFICATION_CREATED sent to topic /topic/notifications/specialist/17
2026-05-26 03:44:21 [http-nio-8080-exec-3] INFO  c.t.b.session.service.SessionService - Appointment created successfully. sessionId=18, patientId=13, scheduleId=32
2026-05-26 03:44:22 [http-nio-8080-exec-3] DEBUG o.s.w.s.m.m.a.HttpEntityMethodProcessor - Using 'application/json', given [application/json, text/plain, */*] and supported [application/json, application/*+json, application/yaml]
2026-05-26 03:44:22 [http-nio-8080-exec-3] DEBUG o.s.w.s.m.m.a.HttpEntityMethodProcessor - Writing [com.takecare.backend.session.dto.SessionResponseDTO@508486ae]
2026-05-26 03:44:22 [http-nio-8080-exec-3] DEBUG o.s.web.servlet.DispatcherServlet - Completed 200 OK
2026-05-26 03:44:22 [http-nio-8080-exec-6] DEBUG o.s.web.servlet.DispatcherServlet - GET "/api/v1/schedules/specialist/17/grouped", parameters={}
2026-05-26 03:44:22 [http-nio-8080-exec-6] DEBUG o.s.w.s.m.m.a.RequestMappingHandlerMapping - Mapped to com.takecare.backend.specialistschedule.controller.SpecialistScheduleController#getSchedulesGroupedByDay(Integer)
2026-05-26 03:44:23 [http-nio-8080-exec-6] DEBUG o.s.w.s.m.m.a.HttpEntityMethodProcessor - Using 'application/json', given [application/json, text/plain, */*] and supported [application/json, application/*+json, application/yaml]
2026-05-26 03:44:23 [http-nio-8080-exec-6] DEBUG o.s.w.s.m.m.a.HttpEntityMethodProcessor - Writing [[com.takecare.backend.specialistschedule.dto.SpecialistScheduleGroupDTO@55cbcaf8, com.takecare.backe (truncated)...]
2026-05-26 03:44:23 [http-nio-8080-exec-6] DEBUG o.s.web.servlet.DispatcherServlet - Completed 200 OK
2026-05-26 03:44:38 [http-nio-8080-exec-9] DEBUG o.s.web.servlet.DispatcherServlet - POST "/api/v1/auth/login", parameters={}
2026-05-26 03:44:38 [http-nio-8080-exec-9] DEBUG o.s.w.s.m.m.a.RequestMappingHandlerMapping - Mapped to com.takecare.backend.auth.controller.AuthController#login(LoginRequestDTO)
2026-05-26 03:44:38 [http-nio-8080-exec-9] DEBUG o.s.w.s.m.m.a.RequestResponseBodyMethodProcessor - Read "application/json;charset=UTF-8" to [com.takecare.backend.auth.DTO.LoginRequestDTO@3772b07c]
2026-05-26 03:44:39 [http-nio-8080-exec-9] DEBUG o.s.w.s.m.m.a.HttpEntityMethodProcessor - Using 'application/json', given [application/json, text/plain, */*] and supported [application/json, application/*+json, application/yaml]
2026-05-26 03:44:39 [http-nio-8080-exec-9] DEBUG o.s.w.s.m.m.a.HttpEntityMethodProcessor - Writing [com.takecare.backend.auth.DTO.ApiResponseDTO@1b92c25f]
2026-05-26 03:44:39 [http-nio-8080-exec-9] DEBUG o.s.web.servlet.DispatcherServlet - Completed 200 OK
2026-05-26 03:44:40 [http-nio-8080-exec-7] DEBUG o.s.web.servlet.DispatcherServlet - GET "/api/v1/notifications/specialist/17/unread-count", parameters={}
2026-05-26 03:44:40 [http-nio-8080-exec-7] DEBUG o.s.w.s.m.m.a.RequestMappingHandlerMapping - Mapped to com.takecare.backend.notification.controller.NotificationController#unreadCount(Integer)
2026-05-26 03:44:40 [http-nio-8080-exec-7] INFO  c.t.b.n.c.NotificationController - GET /api/v1/notifications/specialist/17/unread-count
2026-05-26 03:44:42 [http-nio-8080-exec-5] DEBUG o.s.web.servlet.DispatcherServlet - GET "/api/v1/sessions/specialist/17", parameters={}
2026-05-26 03:44:42 [http-nio-8080-exec-5] DEBUG o.s.w.s.m.m.a.RequestMappingHandlerMapping - Mapped to com.takecare.backend.session.controller.SessionController#listBySpecialist(Integer)
2026-05-26 03:44:42 [http-nio-8080-exec-5] INFO  c.t.b.s.controller.SessionController - GET sessions by specialistId=17
2026-05-26 03:44:42 [http-nio-8080-exec-7] DEBUG o.s.w.s.m.m.a.HttpEntityMethodProcessor - Using 'application/json', given [application/json, text/plain, */*] and supported [application/json, application/*+json, application/yaml]
2026-05-26 03:44:42 [http-nio-8080-exec-7] DEBUG o.s.w.s.m.m.a.HttpEntityMethodProcessor - Writing [com.takecare.backend.notification.dto.UnreadNotificationCountDto@342bc735]
2026-05-26 03:44:42 [http-nio-8080-exec-7] DEBUG o.s.web.servlet.DispatcherServlet - Completed 200 OK
2026-05-26 03:44:42 [http-nio-8080-exec-1] DEBUG o.s.web.servlet.DispatcherServlet - GET "/api/v1/notifications/specialist/17/unread-count", parameters={}
2026-05-26 03:44:42 [http-nio-8080-exec-1] DEBUG o.s.w.s.m.m.a.RequestMappingHandlerMapping - Mapped to com.takecare.backend.notification.controller.NotificationController#unreadCount(Integer)
2026-05-26 03:44:42 [http-nio-8080-exec-1] INFO  c.t.b.n.c.NotificationController - GET /api/v1/notifications/specialist/17/unread-count
2026-05-26 03:44:45 [http-nio-8080-exec-1] DEBUG o.s.w.s.m.m.a.HttpEntityMethodProcessor - Using 'application/json', given [application/json, text/plain, */*] and supported [application/json, application/*+json, application/yaml]
2026-05-26 03:44:45 [http-nio-8080-exec-1] DEBUG o.s.w.s.m.m.a.HttpEntityMethodProcessor - Writing [com.takecare.backend.notification.dto.UnreadNotificationCountDto@42d280b7]
2026-05-26 03:44:45 [http-nio-8080-exec-1] DEBUG o.s.web.servlet.DispatcherServlet - Completed 200 OK
2026-05-26 03:44:45 [http-nio-8080-exec-5] DEBUG o.s.w.s.m.m.a.HttpEntityMethodProcessor - Using 'application/json', given [application/json, text/plain, */*] and supported [application/json, application/*+json, application/yaml]
2026-05-26 03:44:45 [http-nio-8080-exec-5] DEBUG o.s.w.s.m.m.a.HttpEntityMethodProcessor - Writing [[com.takecare.backend.session.dto.SessionResponseDTO@479fbfe8, com.takecare.backend.session.dto.Sess (truncated)...]
2026-05-26 03:44:45 [http-nio-8080-exec-5] DEBUG o.s.web.servlet.DispatcherServlet - Completed 200 OK
2026-05-26 03:44:45 [http-nio-8080-exec-2] DEBUG o.s.web.servlet.DispatcherServlet - GET "/api/v1/sessions/17/patient-ratings", parameters={}
2026-05-26 03:44:45 [http-nio-8080-exec-10] DEBUG o.s.web.servlet.DispatcherServlet - GET "/api/v1/sessions/16/patient-ratings", parameters={}
2026-05-26 03:44:45 [http-nio-8080-exec-4] DEBUG o.s.web.servlet.DispatcherServlet - GET "/api/v1/reports/session/18/specialist/17", parameters={}
2026-05-26 03:44:45 [http-nio-8080-exec-8] DEBUG o.s.web.servlet.DispatcherServlet - GET "/api/v1/reports/session/15/specialist/17", parameters={}
2026-05-26 03:44:45 [http-nio-8080-exec-10] DEBUG o.s.w.s.m.m.a.RequestMappingHandlerMapping - Mapped to com.takecare.backend.calification.controller.CalificationController#getPatientRating(Integer)
2026-05-26 03:44:45 [http-nio-8080-exec-3] DEBUG o.s.web.servlet.DispatcherServlet - GET "/api/v1/reports/session/17/specialist/17", parameters={}
2026-05-26 03:44:45 [http-nio-8080-exec-6] DEBUG o.s.web.servlet.DispatcherServlet - GET "/api/v1/reports/session/16/specialist/17", parameters={}
2026-05-26 03:44:45 [http-nio-8080-exec-3] DEBUG o.s.w.s.m.m.a.RequestMappingHandlerMapping - Mapped to com.takecare.backend.report.controller.ReportController#getReportBySession(Integer, Integer)
2026-05-26 03:44:45 [http-nio-8080-exec-2] DEBUG o.s.w.s.m.m.a.RequestMappingHandlerMapping - Mapped to com.takecare.backend.calification.controller.CalificationController#getPatientRating(Integer)
2026-05-26 03:44:45 [http-nio-8080-exec-4] DEBUG o.s.w.s.m.m.a.RequestMappingHandlerMapping - Mapped to com.takecare.backend.report.controller.ReportController#getReportBySession(Integer, Integer)
2026-05-26 03:44:45 [http-nio-8080-exec-8] DEBUG o.s.w.s.m.m.a.RequestMappingHandlerMapping - Mapped to com.takecare.backend.report.controller.ReportController#getReportBySession(Integer, Integer)
2026-05-26 03:44:45 [http-nio-8080-exec-6] DEBUG o.s.w.s.m.m.a.RequestMappingHandlerMapping - Mapped to com.takecare.backend.report.controller.ReportController#getReportBySession(Integer, Integer)
2026-05-26 03:44:45 [http-nio-8080-exec-10] INFO  c.t.b.c.c.CalificationController - GET /api/v1/sessions/16/patient-ratings
2026-05-26 03:44:45 [http-nio-8080-exec-8] INFO  c.t.b.r.controller.ReportController - GET /reports/session/15/specialist/17
2026-05-26 03:44:45 [http-nio-8080-exec-2] INFO  c.t.b.c.c.CalificationController - GET /api/v1/sessions/17/patient-ratings
2026-05-26 03:44:45 [http-nio-8080-exec-4] INFO  c.t.b.r.controller.ReportController - GET /reports/session/18/specialist/17
2026-05-26 03:44:45 [http-nio-8080-exec-3] INFO  c.t.b.r.controller.ReportController - GET /reports/session/17/specialist/17
2026-05-26 03:44:45 [http-nio-8080-exec-6] INFO  c.t.b.r.controller.ReportController - GET /reports/session/16/specialist/17
2026-05-26 03:44:46 [http-nio-8080-exec-10] INFO  c.t.b.c.service.CalificationService - Get specialist rating. sessionId=16, specialistId=17, patientId=13
2026-05-26 03:44:46 [http-nio-8080-exec-10] WARN  c.t.b.c.service.CalificationService - Get specialist rating failed. sessionId=16, error=Calificación no encontrada
2026-05-26 03:44:46 [http-nio-8080-exec-2] INFO  c.t.b.c.service.CalificationService - Get specialist rating. sessionId=17, specialistId=17, patientId=13
2026-05-26 03:44:46 [http-nio-8080-exec-8] ERROR c.t.b.report.service.ReportService - Error fetching report for sessionId=15 specialistId=17
java.util.NoSuchElementException: Reporte no encontrado
	at com.takecare.backend.report.service.ReportService.lambda$4(ReportService.java:240)
	at java.base/java.util.Optional.orElseThrow(Optional.java:403)
	at com.takecare.backend.report.service.ReportService.getReportBySession(ReportService.java:240)
	at java.base/jdk.internal.reflect.NativeMethodAccessorImpl.invoke0(Native Method)
	at java.base/jdk.internal.reflect.NativeMethodAccessorImpl.invoke(NativeMethodAccessorImpl.java:77)
	at java.base/jdk.internal.reflect.DelegatingMethodAccessorImpl.invoke(DelegatingMethodAccessorImpl.java:43)
	at java.base/java.lang.reflect.Method.invoke(Method.java:569)
	at org.springframework.aop.support.AopUtils.invokeJoinpointUsingReflection(AopUtils.java:360)
	at org.springframework.aop.framework.ReflectiveMethodInvocation.invokeJoinpoint(ReflectiveMethodInvocation.java:196)
	at org.springframework.aop.framework.ReflectiveMethodInvocation.proceed(ReflectiveMethodInvocation.java:163)
	at org.springframework.transaction.interceptor.TransactionAspectSupport.invokeWithinTransaction(TransactionAspectSupport.java:380)
	at org.springframework.transaction.interceptor.TransactionInterceptor.invoke(TransactionInterceptor.java:119)
	at org.springframework.aop.framework.ReflectiveMethodInvocation.proceed(ReflectiveMethodInvocation.java:184)
	at org.springframework.aop.framework.CglibAopProxy$DynamicAdvisedInterceptor.intercept(CglibAopProxy.java:728)
	at com.takecare.backend.report.service.ReportService$$SpringCGLIB$$0.getReportBySession(<generated>)
	at com.takecare.backend.report.controller.ReportController.getReportBySession(ReportController.java:131)
	at java.base/jdk.internal.reflect.NativeMethodAccessorImpl.invoke0(Native Method)
	at java.base/jdk.internal.reflect.NativeMethodAccessorImpl.invoke(NativeMethodAccessorImpl.java:77)
	at java.base/jdk.internal.reflect.DelegatingMethodAccessorImpl.invoke(DelegatingMethodAccessorImpl.java:43)
	at java.base/java.lang.reflect.Method.invoke(Method.java:569)
	at org.springframework.web.method.support.InvocableHandlerMethod.doInvoke(InvocableHandlerMethod.java:258)
	at org.springframework.web.method.support.InvocableHandlerMethod.invokeForRequest(InvocableHandlerMethod.java:191)
	at org.springframework.web.servlet.mvc.method.annotation.ServletInvocableHandlerMethod.invokeAndHandle(ServletInvocableHandlerMethod.java:118)
	at org.springframework.web.servlet.mvc.method.annotation.RequestMappingHandlerAdapter.invokeHandlerMethod(RequestMappingHandlerAdapter.java:991)
	at org.springframework.web.servlet.mvc.method.annotation.RequestMappingHandlerAdapter.handleInternal(RequestMappingHandlerAdapter.java:896)
	at org.springframework.web.servlet.mvc.method.AbstractHandlerMethodAdapter.handle(AbstractHandlerMethodAdapter.java:87)
	at org.springframework.web.servlet.DispatcherServlet.doDispatch(DispatcherServlet.java:1089)
	at org.springframework.web.servlet.DispatcherServlet.doService(DispatcherServlet.java:979)
	at org.springframework.web.servlet.FrameworkServlet.processRequest(FrameworkServlet.java:1014)
	at org.springframework.web.servlet.FrameworkServlet.doGet(FrameworkServlet.java:903)
	at jakarta.servlet.http.HttpServlet.service(HttpServlet.java:564)
	at org.springframework.web.servlet.FrameworkServlet.service(FrameworkServlet.java:885)
	at jakarta.servlet.http.HttpServlet.service(HttpServlet.java:658)
	at org.apache.catalina.core.ApplicationFilterChain.internalDoFilter(ApplicationFilterChain.java:193)
	at org.apache.catalina.core.ApplicationFilterChain.doFilter(ApplicationFilterChain.java:138)
	at org.apache.tomcat.websocket.server.WsFilter.doFilter(WsFilter.java:51)
	at org.apache.catalina.core.ApplicationFilterChain.internalDoFilter(ApplicationFilterChain.java:162)
	at org.apache.catalina.core.ApplicationFilterChain.doFilter(ApplicationFilterChain.java:138)
	at org.springframework.web.filter.CompositeFilter$VirtualFilterChain.doFilter(CompositeFilter.java:108)
	at org.springframework.web.filter.CompositeFilter$VirtualFilterChain.doFilter(CompositeFilter.java:108)
	at org.springframework.security.web.FilterChainProxy.lambda$doFilterInternal$3(FilterChainProxy.java:231)
	at org.springframework.security.web.FilterChainProxy$VirtualFilterChain.doFilter(FilterChainProxy.java:365)
	at org.springframework.security.web.access.intercept.AuthorizationFilter.doFilter(AuthorizationFilter.java:101)
	at org.springframework.security.web.FilterChainProxy$VirtualFilterChain.doFilter(FilterChainProxy.java:374)
	at org.springframework.security.web.access.ExceptionTranslationFilter.doFilter(ExceptionTranslationFilter.java:125)
	at org.springframework.security.web.access.ExceptionTranslationFilter.doFilter(ExceptionTranslationFilter.java:119)
	at org.springframework.security.web.FilterChainProxy$VirtualFilterChain.doFilter(FilterChainProxy.java:374)
	at org.springframework.security.web.authentication.AnonymousAuthenticationFilter.doFilter(AnonymousAuthenticationFilter.java:100)
	at org.springframework.security.web.FilterChainProxy$VirtualFilterChain.doFilter(FilterChainProxy.java:374)
	at org.springframework.security.web.servletapi.SecurityContextHolderAwareRequestFilter.doFilter(SecurityContextHolderAwareRequestFilter.java:179)
	at org.springframework.security.web.FilterChainProxy$VirtualFilterChain.doFilter(FilterChainProxy.java:374)
	at org.springframework.security.web.savedrequest.RequestCacheAwareFilter.doFilter(RequestCacheAwareFilter.java:63)
	at org.springframework.security.web.FilterChainProxy$VirtualFilterChain.doFilter(FilterChainProxy.java:374)
	at org.springframework.security.web.authentication.logout.LogoutFilter.doFilter(LogoutFilter.java:107)
	at org.springframework.security.web.authentication.logout.LogoutFilter.doFilter(LogoutFilter.java:93)
	at org.springframework.security.web.FilterChainProxy$VirtualFilterChain.doFilter(FilterChainProxy.java:374)
	at org.springframework.web.filter.CorsFilter.doFilterInternal(CorsFilter.java:91)
	at org.springframework.web.filter.OncePerRequestFilter.doFilter(OncePerRequestFilter.java:116)
	at org.springframework.security.web.FilterChainProxy$VirtualFilterChain.doFilter(FilterChainProxy.java:374)
	at org.springframework.security.web.header.HeaderWriterFilter.doHeadersAfter(HeaderWriterFilter.java:90)
	at org.springframework.security.web.header.HeaderWriterFilter.doFilterInternal(HeaderWriterFilter.java:75)
	at org.springframework.web.filter.OncePerRequestFilter.doFilter(OncePerRequestFilter.java:116)
	at org.springframework.security.web.FilterChainProxy$VirtualFilterChain.doFilter(FilterChainProxy.java:374)
	at org.springframework.security.web.context.SecurityContextHolderFilter.doFilter(SecurityContextHolderFilter.java:82)
	at org.springframework.security.web.context.SecurityContextHolderFilter.doFilter(SecurityContextHolderFilter.java:69)
	at org.springframework.security.web.FilterChainProxy$VirtualFilterChain.doFilter(FilterChainProxy.java:374)
	at org.springframework.security.web.context.request.async.WebAsyncManagerIntegrationFilter.doFilterInternal(WebAsyncManagerIntegrationFilter.java:62)
	at org.springframework.web.filter.OncePerRequestFilter.doFilter(OncePerRequestFilter.java:116)
	at org.springframework.security.web.FilterChainProxy$VirtualFilterChain.doFilter(FilterChainProxy.java:374)
	at org.springframework.security.web.session.DisableEncodeUrlFilter.doFilterInternal(DisableEncodeUrlFilter.java:42)
	at org.springframework.web.filter.OncePerRequestFilter.doFilter(OncePerRequestFilter.java:116)
	at org.springframework.security.web.FilterChainProxy$VirtualFilterChain.doFilter(FilterChainProxy.java:374)
	at org.springframework.security.web.FilterChainProxy.doFilterInternal(FilterChainProxy.java:233)
	at org.springframework.security.web.FilterChainProxy.doFilter(FilterChainProxy.java:191)
	at org.springframework.web.filter.CompositeFilter$VirtualFilterChain.doFilter(CompositeFilter.java:113)
	at org.springframework.web.filter.ServletRequestPathFilter.doFilter(ServletRequestPathFilter.java:52)
	at org.springframework.web.filter.CompositeFilter$VirtualFilterChain.doFilter(CompositeFilter.java:113)
	at org.springframework.web.filter.CompositeFilter.doFilter(CompositeFilter.java:74)
	at org.springframework.security.config.annotation.web.configuration.WebSecurityConfiguration$CompositeFilterChainProxy.doFilter(WebSecurityConfiguration.java:319)
	at org.springframework.web.filter.CompositeFilter$VirtualFilterChain.doFilter(CompositeFilter.java:113)
	at org.springframework.web.servlet.handler.HandlerMappingIntrospector.lambda$createCacheFilter$4(HandlerMappingIntrospector.java:267)
	at org.springframework.web.filter.CompositeFilter$VirtualFilterChain.doFilter(CompositeFilter.java:113)
	at org.springframework.web.filter.CompositeFilter.doFilter(CompositeFilter.java:74)
	at org.springframework.security.config.annotation.web.configuration.WebMvcSecurityConfiguration$CompositeFilterChainProxy.doFilter(WebMvcSecurityConfiguration.java:240)
	at org.springframework.web.filter.DelegatingFilterProxy.invokeDelegate(DelegatingFilterProxy.java:362)
	at org.springframework.web.filter.DelegatingFilterProxy.doFilter(DelegatingFilterProxy.java:278)
	at org.apache.catalina.core.ApplicationFilterChain.internalDoFilter(ApplicationFilterChain.java:162)
	at org.apache.catalina.core.ApplicationFilterChain.doFilter(ApplicationFilterChain.java:138)
	at org.springframework.web.filter.RequestContextFilter.doFilterInternal(RequestContextFilter.java:100)
	at org.springframework.web.filter.OncePerRequestFilter.doFilter(OncePerRequestFilter.java:116)
	at org.apache.catalina.core.ApplicationFilterChain.internalDoFilter(ApplicationFilterChain.java:162)
	at org.apache.catalina.core.ApplicationFilterChain.doFilter(ApplicationFilterChain.java:138)
	at org.springframework.web.filter.FormContentFilter.doFilterInternal(FormContentFilter.java:93)
	at org.springframework.web.filter.OncePerRequestFilter.doFilter(OncePerRequestFilter.java:116)
	at org.apache.catalina.core.ApplicationFilterChain.internalDoFilter(ApplicationFilterChain.java:162)
	at org.apache.catalina.core.ApplicationFilterChain.doFilter(ApplicationFilterChain.java:138)
	at org.springframework.web.filter.CharacterEncodingFilter.doFilterInternal(CharacterEncodingFilter.java:201)
	at org.springframework.web.filter.OncePerRequestFilter.doFilter(OncePerRequestFilter.java:116)
	at org.apache.catalina.core.ApplicationFilterChain.internalDoFilter(ApplicationFilterChain.java:162)
	at org.apache.catalina.core.ApplicationFilterChain.doFilter(ApplicationFilterChain.java:138)
	at org.apache.catalina.core.StandardWrapperValve.invoke(StandardWrapperValve.java:165)
	at org.apache.catalina.core.StandardContextValve.invoke(StandardContextValve.java:88)
	at org.apache.catalina.authenticator.AuthenticatorBase.invoke(AuthenticatorBase.java:492)
	at org.apache.catalina.core.StandardHostValve.invoke(StandardHostValve.java:113)
	at org.apache.catalina.valves.ErrorReportValve.invoke(ErrorReportValve.java:83)
	at org.apache.catalina.core.StandardEngineValve.invoke(StandardEngineValve.java:72)
	at org.apache.catalina.connector.CoyoteAdapter.service(CoyoteAdapter.java:342)
	at org.apache.coyote.http11.Http11Processor.service(Http11Processor.java:399)
	at org.apache.coyote.AbstractProcessorLight.process(AbstractProcessorLight.java:63)
	at org.apache.coyote.AbstractProtocol$ConnectionHandler.process(AbstractProtocol.java:903)
	at org.apache.tomcat.util.net.NioEndpoint$SocketProcessor.doRun(NioEndpoint.java:1775)
	at org.apache.tomcat.util.net.SocketProcessorBase.run(SocketProcessorBase.java:52)
	at org.apache.tomcat.util.threads.ThreadPoolExecutor.runWorker(ThreadPoolExecutor.java:973)
	at org.apache.tomcat.util.threads.ThreadPoolExecutor$Worker.run(ThreadPoolExecutor.java:491)
	at org.apache.tomcat.util.threads.TaskThread$WrappingRunnable.run(TaskThread.java:63)
	at java.base/java.lang.Thread.run(Thread.java:840)
2026-05-26 03:44:47 [http-nio-8080-exec-2] WARN  c.t.b.c.service.CalificationService - Get specialist rating failed. sessionId=17, error=Calificación no encontrada
2026-05-26 03:44:47 [http-nio-8080-exec-6] ERROR c.t.b.report.service.ReportService - Error fetching report for sessionId=16 specialistId=17
java.util.NoSuchElementException: Reporte no encontrado
	at com.takecare.backend.report.service.ReportService.lambda$4(ReportService.java:240)
	at java.base/java.util.Optional.orElseThrow(Optional.java:403)
	at com.takecare.backend.report.service.ReportService.getReportBySession(ReportService.java:240)
	at java.base/jdk.internal.reflect.NativeMethodAccessorImpl.invoke0(Native Method)
	at java.base/jdk.internal.reflect.NativeMethodAccessorImpl.invoke(NativeMethodAccessorImpl.java:77)
	at java.base/jdk.internal.reflect.DelegatingMethodAccessorImpl.invoke(DelegatingMethodAccessorImpl.java:43)
	at java.base/java.lang.reflect.Method.invoke(Method.java:569)
	at org.springframework.aop.support.AopUtils.invokeJoinpointUsingReflection(AopUtils.java:360)
	at org.springframework.aop.framework.ReflectiveMethodInvocation.invokeJoinpoint(ReflectiveMethodInvocation.java:196)
	at org.springframework.aop.framework.ReflectiveMethodInvocation.proceed(ReflectiveMethodInvocation.java:163)
	at org.springframework.transaction.interceptor.TransactionAspectSupport.invokeWithinTransaction(TransactionAspectSupport.java:380)
	at org.springframework.transaction.interceptor.TransactionInterceptor.invoke(TransactionInterceptor.java:119)
	at org.springframework.aop.framework.ReflectiveMethodInvocation.proceed(ReflectiveMethodInvocation.java:184)
	at org.springframework.aop.framework.CglibAopProxy$DynamicAdvisedInterceptor.intercept(CglibAopProxy.java:728)
	at com.takecare.backend.report.service.ReportService$$SpringCGLIB$$0.getReportBySession(<generated>)
	at com.takecare.backend.report.controller.ReportController.getReportBySession(ReportController.java:131)
	at java.base/jdk.internal.reflect.NativeMethodAccessorImpl.invoke0(Native Method)
	at java.base/jdk.internal.reflect.NativeMethodAccessorImpl.invoke(NativeMethodAccessorImpl.java:77)
	at java.base/jdk.internal.reflect.DelegatingMethodAccessorImpl.invoke(DelegatingMethodAccessorImpl.java:43)
	at java.base/java.lang.reflect.Method.invoke(Method.java:569)
	at org.springframework.web.method.support.InvocableHandlerMethod.doInvoke(InvocableHandlerMethod.java:258)
	at org.springframework.web.method.support.InvocableHandlerMethod.invokeForRequest(InvocableHandlerMethod.java:191)
	at org.springframework.web.servlet.mvc.method.annotation.ServletInvocableHandlerMethod.invokeAndHandle(ServletInvocableHandlerMethod.java:118)
	at org.springframework.web.servlet.mvc.method.annotation.RequestMappingHandlerAdapter.invokeHandlerMethod(RequestMappingHandlerAdapter.java:991)
	at org.springframework.web.servlet.mvc.method.annotation.RequestMappingHandlerAdapter.handleInternal(RequestMappingHandlerAdapter.java:896)
	at org.springframework.web.servlet.mvc.method.AbstractHandlerMethodAdapter.handle(AbstractHandlerMethodAdapter.java:87)
	at org.springframework.web.servlet.DispatcherServlet.doDispatch(DispatcherServlet.java:1089)
	at org.springframework.web.servlet.DispatcherServlet.doService(DispatcherServlet.java:979)
	at org.springframework.web.servlet.FrameworkServlet.processRequest(FrameworkServlet.java:1014)
	at org.springframework.web.servlet.FrameworkServlet.doGet(FrameworkServlet.java:903)
	at jakarta.servlet.http.HttpServlet.service(HttpServlet.java:564)
	at org.springframework.web.servlet.FrameworkServlet.service(FrameworkServlet.java:885)
	at jakarta.servlet.http.HttpServlet.service(HttpServlet.java:658)
	at org.apache.catalina.core.ApplicationFilterChain.internalDoFilter(ApplicationFilterChain.java:193)
	at org.apache.catalina.core.ApplicationFilterChain.doFilter(ApplicationFilterChain.java:138)
	at org.apache.tomcat.websocket.server.WsFilter.doFilter(WsFilter.java:51)
	at org.apache.catalina.core.ApplicationFilterChain.internalDoFilter(ApplicationFilterChain.java:162)
	at org.apache.catalina.core.ApplicationFilterChain.doFilter(ApplicationFilterChain.java:138)
	at org.springframework.web.filter.CompositeFilter$VirtualFilterChain.doFilter(CompositeFilter.java:108)
	at org.springframework.web.filter.CompositeFilter$VirtualFilterChain.doFilter(CompositeFilter.java:108)
	at org.springframework.security.web.FilterChainProxy.lambda$doFilterInternal$3(FilterChainProxy.java:231)
	at org.springframework.security.web.FilterChainProxy$VirtualFilterChain.doFilter(FilterChainProxy.java:365)
	at org.springframework.security.web.access.intercept.AuthorizationFilter.doFilter(AuthorizationFilter.java:101)
	at org.springframework.security.web.FilterChainProxy$VirtualFilterChain.doFilter(FilterChainProxy.java:374)
	at org.springframework.security.web.access.ExceptionTranslationFilter.doFilter(ExceptionTranslationFilter.java:125)
	at org.springframework.security.web.access.ExceptionTranslationFilter.doFilter(ExceptionTranslationFilter.java:119)
	at org.springframework.security.web.FilterChainProxy$VirtualFilterChain.doFilter(FilterChainProxy.java:374)
	at org.springframework.security.web.authentication.AnonymousAuthenticationFilter.doFilter(AnonymousAuthenticationFilter.java:100)
	at org.springframework.security.web.FilterChainProxy$VirtualFilterChain.doFilter(FilterChainProxy.java:374)
	at org.springframework.security.web.servletapi.SecurityContextHolderAwareRequestFilter.doFilter(SecurityContextHolderAwareRequestFilter.java:179)
	at org.springframework.security.web.FilterChainProxy$VirtualFilterChain.doFilter(FilterChainProxy.java:374)
	at org.springframework.security.web.savedrequest.RequestCacheAwareFilter.doFilter(RequestCacheAwareFilter.java:63)
	at org.springframework.security.web.FilterChainProxy$VirtualFilterChain.doFilter(FilterChainProxy.java:374)
	at org.springframework.security.web.authentication.logout.LogoutFilter.doFilter(LogoutFilter.java:107)
	at org.springframework.security.web.authentication.logout.LogoutFilter.doFilter(LogoutFilter.java:93)
	at org.springframework.security.web.FilterChainProxy$VirtualFilterChain.doFilter(FilterChainProxy.java:374)
	at org.springframework.web.filter.CorsFilter.doFilterInternal(CorsFilter.java:91)
	at org.springframework.web.filter.OncePerRequestFilter.doFilter(OncePerRequestFilter.java:116)
	at org.springframework.security.web.FilterChainProxy$VirtualFilterChain.doFilter(FilterChainProxy.java:374)
	at org.springframework.security.web.header.HeaderWriterFilter.doHeadersAfter(HeaderWriterFilter.java:90)
	at org.springframework.security.web.header.HeaderWriterFilter.doFilterInternal(HeaderWriterFilter.java:75)
	at org.springframework.web.filter.OncePerRequestFilter.doFilter(OncePerRequestFilter.java:116)
	at org.springframework.security.web.FilterChainProxy$VirtualFilterChain.doFilter(FilterChainProxy.java:374)
	at org.springframework.security.web.context.SecurityContextHolderFilter.doFilter(SecurityContextHolderFilter.java:82)
	at org.springframework.security.web.context.SecurityContextHolderFilter.doFilter(SecurityContextHolderFilter.java:69)
	at org.springframework.security.web.FilterChainProxy$VirtualFilterChain.doFilter(FilterChainProxy.java:374)
	at org.springframework.security.web.context.request.async.WebAsyncManagerIntegrationFilter.doFilterInternal(WebAsyncManagerIntegrationFilter.java:62)
	at org.springframework.web.filter.OncePerRequestFilter.doFilter(OncePerRequestFilter.java:116)
	at org.springframework.security.web.FilterChainProxy$VirtualFilterChain.doFilter(FilterChainProxy.java:374)
	at org.springframework.security.web.session.DisableEncodeUrlFilter.doFilterInternal(DisableEncodeUrlFilter.java:42)
	at org.springframework.web.filter.OncePerRequestFilter.doFilter(OncePerRequestFilter.java:116)
	at org.springframework.security.web.FilterChainProxy$VirtualFilterChain.doFilter(FilterChainProxy.java:374)
	at org.springframework.security.web.FilterChainProxy.doFilterInternal(FilterChainProxy.java:233)
	at org.springframework.security.web.FilterChainProxy.doFilter(FilterChainProxy.java:191)
	at org.springframework.web.filter.CompositeFilter$VirtualFilterChain.doFilter(CompositeFilter.java:113)
	at org.springframework.web.filter.ServletRequestPathFilter.doFilter(ServletRequestPathFilter.java:52)
	at org.springframework.web.filter.CompositeFilter$VirtualFilterChain.doFilter(CompositeFilter.java:113)
	at org.springframework.web.filter.CompositeFilter.doFilter(CompositeFilter.java:74)
	at org.springframework.security.config.annotation.web.configuration.WebSecurityConfiguration$CompositeFilterChainProxy.doFilter(WebSecurityConfiguration.java:319)
	at org.springframework.web.filter.CompositeFilter$VirtualFilterChain.doFilter(CompositeFilter.java:113)
	at org.springframework.web.servlet.handler.HandlerMappingIntrospector.lambda$createCacheFilter$4(HandlerMappingIntrospector.java:267)
	at org.springframework.web.filter.CompositeFilter$VirtualFilterChain.doFilter(CompositeFilter.java:113)
	at org.springframework.web.filter.CompositeFilter.doFilter(CompositeFilter.java:74)
	at org.springframework.security.config.annotation.web.configuration.WebMvcSecurityConfiguration$CompositeFilterChainProxy.doFilter(WebMvcSecurityConfiguration.java:240)
	at org.springframework.web.filter.DelegatingFilterProxy.invokeDelegate(DelegatingFilterProxy.java:362)
	at org.springframework.web.filter.DelegatingFilterProxy.doFilter(DelegatingFilterProxy.java:278)
	at org.apache.catalina.core.ApplicationFilterChain.internalDoFilter(ApplicationFilterChain.java:162)
	at org.apache.catalina.core.ApplicationFilterChain.doFilter(ApplicationFilterChain.java:138)
	at org.springframework.web.filter.RequestContextFilter.doFilterInternal(RequestContextFilter.java:100)
	at org.springframework.web.filter.OncePerRequestFilter.doFilter(OncePerRequestFilter.java:116)
	at org.apache.catalina.core.ApplicationFilterChain.internalDoFilter(ApplicationFilterChain.java:162)
	at org.apache.catalina.core.ApplicationFilterChain.doFilter(ApplicationFilterChain.java:138)
	at org.springframework.web.filter.FormContentFilter.doFilterInternal(FormContentFilter.java:93)
	at org.springframework.web.filter.OncePerRequestFilter.doFilter(OncePerRequestFilter.java:116)
	at org.apache.catalina.core.ApplicationFilterChain.internalDoFilter(ApplicationFilterChain.java:162)
	at org.apache.catalina.core.ApplicationFilterChain.doFilter(ApplicationFilterChain.java:138)
	at org.springframework.web.filter.CharacterEncodingFilter.doFilterInternal(CharacterEncodingFilter.java:201)
	at org.springframework.web.filter.OncePerRequestFilter.doFilter(OncePerRequestFilter.java:116)
	at org.apache.catalina.core.ApplicationFilterChain.internalDoFilter(ApplicationFilterChain.java:162)
	at org.apache.catalina.core.ApplicationFilterChain.doFilter(ApplicationFilterChain.java:138)
	at org.apache.catalina.core.StandardWrapperValve.invoke(StandardWrapperValve.java:165)
	at org.apache.catalina.core.StandardContextValve.invoke(StandardContextValve.java:88)
	at org.apache.catalina.authenticator.AuthenticatorBase.invoke(AuthenticatorBase.java:492)
	at org.apache.catalina.core.StandardHostValve.invoke(StandardHostValve.java:113)
	at org.apache.catalina.valves.ErrorReportValve.invoke(ErrorReportValve.java:83)
	at org.apache.catalina.core.StandardEngineValve.invoke(StandardEngineValve.java:72)
	at org.apache.catalina.connector.CoyoteAdapter.service(CoyoteAdapter.java:342)
	at org.apache.coyote.http11.Http11Processor.service(Http11Processor.java:399)
	at org.apache.coyote.AbstractProcessorLight.process(AbstractProcessorLight.java:63)
	at org.apache.coyote.AbstractProtocol$ConnectionHandler.process(AbstractProtocol.java:903)
	at org.apache.tomcat.util.net.NioEndpoint$SocketProcessor.doRun(NioEndpoint.java:1775)
	at org.apache.tomcat.util.net.SocketProcessorBase.run(SocketProcessorBase.java:52)
	at org.apache.tomcat.util.threads.ThreadPoolExecutor.runWorker(ThreadPoolExecutor.java:973)
	at org.apache.tomcat.util.threads.ThreadPoolExecutor$Worker.run(ThreadPoolExecutor.java:491)
	at org.apache.tomcat.util.threads.TaskThread$WrappingRunnable.run(TaskThread.java:63)
	at java.base/java.lang.Thread.run(Thread.java:840)
2026-05-26 03:44:47 [http-nio-8080-exec-3] ERROR c.t.b.report.service.ReportService - Error fetching report for sessionId=17 specialistId=17
java.util.NoSuchElementException: Reporte no encontrado
	at com.takecare.backend.report.service.ReportService.lambda$4(ReportService.java:240)
	at java.base/java.util.Optional.orElseThrow(Optional.java:403)
	at com.takecare.backend.report.service.ReportService.getReportBySession(ReportService.java:240)
	at java.base/jdk.internal.reflect.NativeMethodAccessorImpl.invoke0(Native Method)
	at java.base/jdk.internal.reflect.NativeMethodAccessorImpl.invoke(NativeMethodAccessorImpl.java:77)
	at java.base/jdk.internal.reflect.DelegatingMethodAccessorImpl.invoke(DelegatingMethodAccessorImpl.java:43)
	at java.base/java.lang.reflect.Method.invoke(Method.java:569)
	at org.springframework.aop.support.AopUtils.invokeJoinpointUsingReflection(AopUtils.java:360)
	at org.springframework.aop.framework.ReflectiveMethodInvocation.invokeJoinpoint(ReflectiveMethodInvocation.java:196)
	at org.springframework.aop.framework.ReflectiveMethodInvocation.proceed(ReflectiveMethodInvocation.java:163)
	at org.springframework.transaction.interceptor.TransactionAspectSupport.invokeWithinTransaction(TransactionAspectSupport.java:380)
	at org.springframework.transaction.interceptor.TransactionInterceptor.invoke(TransactionInterceptor.java:119)
	at org.springframework.aop.framework.ReflectiveMethodInvocation.proceed(ReflectiveMethodInvocation.java:184)
	at org.springframework.aop.framework.CglibAopProxy$DynamicAdvisedInterceptor.intercept(CglibAopProxy.java:728)
	at com.takecare.backend.report.service.ReportService$$SpringCGLIB$$0.getReportBySession(<generated>)
	at com.takecare.backend.report.controller.ReportController.getReportBySession(ReportController.java:131)
	at java.base/jdk.internal.reflect.NativeMethodAccessorImpl.invoke0(Native Method)
	at java.base/jdk.internal.reflect.NativeMethodAccessorImpl.invoke(NativeMethodAccessorImpl.java:77)
	at java.base/jdk.internal.reflect.DelegatingMethodAccessorImpl.invoke(DelegatingMethodAccessorImpl.java:43)
	at java.base/java.lang.reflect.Method.invoke(Method.java:569)
	at org.springframework.web.method.support.InvocableHandlerMethod.doInvoke(InvocableHandlerMethod.java:258)
	at org.springframework.web.method.support.InvocableHandlerMethod.invokeForRequest(InvocableHandlerMethod.java:191)
	at org.springframework.web.servlet.mvc.method.annotation.ServletInvocableHandlerMethod.invokeAndHandle(ServletInvocableHandlerMethod.java:118)
	at org.springframework.web.servlet.mvc.method.annotation.RequestMappingHandlerAdapter.invokeHandlerMethod(RequestMappingHandlerAdapter.java:991)
	at org.springframework.web.servlet.mvc.method.annotation.RequestMappingHandlerAdapter.handleInternal(RequestMappingHandlerAdapter.java:896)
	at org.springframework.web.servlet.mvc.method.AbstractHandlerMethodAdapter.handle(AbstractHandlerMethodAdapter.java:87)
	at org.springframework.web.servlet.DispatcherServlet.doDispatch(DispatcherServlet.java:1089)
	at org.springframework.web.servlet.DispatcherServlet.doService(DispatcherServlet.java:979)
	at org.springframework.web.servlet.FrameworkServlet.processRequest(FrameworkServlet.java:1014)
	at org.springframework.web.servlet.FrameworkServlet.doGet(FrameworkServlet.java:903)
	at jakarta.servlet.http.HttpServlet.service(HttpServlet.java:564)
	at org.springframework.web.servlet.FrameworkServlet.service(FrameworkServlet.java:885)
	at jakarta.servlet.http.HttpServlet.service(HttpServlet.java:658)
	at org.apache.catalina.core.ApplicationFilterChain.internalDoFilter(ApplicationFilterChain.java:193)
	at org.apache.catalina.core.ApplicationFilterChain.doFilter(ApplicationFilterChain.java:138)
	at org.apache.tomcat.websocket.server.WsFilter.doFilter(WsFilter.java:51)
	at org.apache.catalina.core.ApplicationFilterChain.internalDoFilter(ApplicationFilterChain.java:162)
	at org.apache.catalina.core.ApplicationFilterChain.doFilter(ApplicationFilterChain.java:138)
	at org.springframework.web.filter.CompositeFilter$VirtualFilterChain.doFilter(CompositeFilter.java:108)
	at org.springframework.web.filter.CompositeFilter$VirtualFilterChain.doFilter(CompositeFilter.java:108)
	at org.springframework.security.web.FilterChainProxy.lambda$doFilterInternal$3(FilterChainProxy.java:231)
	at org.springframework.security.web.FilterChainProxy$VirtualFilterChain.doFilter(FilterChainProxy.java:365)
	at org.springframework.security.web.access.intercept.AuthorizationFilter.doFilter(AuthorizationFilter.java:101)
	at org.springframework.security.web.FilterChainProxy$VirtualFilterChain.doFilter(FilterChainProxy.java:374)
	at org.springframework.security.web.access.ExceptionTranslationFilter.doFilter(ExceptionTranslationFilter.java:125)
	at org.springframework.security.web.access.ExceptionTranslationFilter.doFilter(ExceptionTranslationFilter.java:119)
	at org.springframework.security.web.FilterChainProxy$VirtualFilterChain.doFilter(FilterChainProxy.java:374)
	at org.springframework.security.web.authentication.AnonymousAuthenticationFilter.doFilter(AnonymousAuthenticationFilter.java:100)
	at org.springframework.security.web.FilterChainProxy$VirtualFilterChain.doFilter(FilterChainProxy.java:374)
	at org.springframework.security.web.servletapi.SecurityContextHolderAwareRequestFilter.doFilter(SecurityContextHolderAwareRequestFilter.java:179)
	at org.springframework.security.web.FilterChainProxy$VirtualFilterChain.doFilter(FilterChainProxy.java:374)
	at org.springframework.security.web.savedrequest.RequestCacheAwareFilter.doFilter(RequestCacheAwareFilter.java:63)
	at org.springframework.security.web.FilterChainProxy$VirtualFilterChain.doFilter(FilterChainProxy.java:374)
	at org.springframework.security.web.authentication.logout.LogoutFilter.doFilter(LogoutFilter.java:107)
	at org.springframework.security.web.authentication.logout.LogoutFilter.doFilter(LogoutFilter.java:93)
	at org.springframework.security.web.FilterChainProxy$VirtualFilterChain.doFilter(FilterChainProxy.java:374)
	at org.springframework.web.filter.CorsFilter.doFilterInternal(CorsFilter.java:91)
	at org.springframework.web.filter.OncePerRequestFilter.doFilter(OncePerRequestFilter.java:116)
	at org.springframework.security.web.FilterChainProxy$VirtualFilterChain.doFilter(FilterChainProxy.java:374)
	at org.springframework.security.web.header.HeaderWriterFilter.doHeadersAfter(HeaderWriterFilter.java:90)
	at org.springframework.security.web.header.HeaderWriterFilter.doFilterInternal(HeaderWriterFilter.java:75)
	at org.springframework.web.filter.OncePerRequestFilter.doFilter(OncePerRequestFilter.java:116)
	at org.springframework.security.web.FilterChainProxy$VirtualFilterChain.doFilter(FilterChainProxy.java:374)
	at org.springframework.security.web.context.SecurityContextHolderFilter.doFilter(SecurityContextHolderFilter.java:82)
	at org.springframework.security.web.context.SecurityContextHolderFilter.doFilter(SecurityContextHolderFilter.java:69)
	at org.springframework.security.web.FilterChainProxy$VirtualFilterChain.doFilter(FilterChainProxy.java:374)
	at org.springframework.security.web.context.request.async.WebAsyncManagerIntegrationFilter.doFilterInternal(WebAsyncManagerIntegrationFilter.java:62)
	at org.springframework.web.filter.OncePerRequestFilter.doFilter(OncePerRequestFilter.java:116)
	at org.springframework.security.web.FilterChainProxy$VirtualFilterChain.doFilter(FilterChainProxy.java:374)
	at org.springframework.security.web.session.DisableEncodeUrlFilter.doFilterInternal(DisableEncodeUrlFilter.java:42)
	at org.springframework.web.filter.OncePerRequestFilter.doFilter(OncePerRequestFilter.java:116)
	at org.springframework.security.web.FilterChainProxy$VirtualFilterChain.doFilter(FilterChainProxy.java:374)
	at org.springframework.security.web.FilterChainProxy.doFilterInternal(FilterChainProxy.java:233)
	at org.springframework.security.web.FilterChainProxy.doFilter(FilterChainProxy.java:191)
	at org.springframework.web.filter.CompositeFilter$VirtualFilterChain.doFilter(CompositeFilter.java:113)
	at org.springframework.web.filter.ServletRequestPathFilter.doFilter(ServletRequestPathFilter.java:52)
	at org.springframework.web.filter.CompositeFilter$VirtualFilterChain.doFilter(CompositeFilter.java:113)
	at org.springframework.web.filter.CompositeFilter.doFilter(CompositeFilter.java:74)
	at org.springframework.security.config.annotation.web.configuration.WebSecurityConfiguration$CompositeFilterChainProxy.doFilter(WebSecurityConfiguration.java:319)
	at org.springframework.web.filter.CompositeFilter$VirtualFilterChain.doFilter(CompositeFilter.java:113)
	at org.springframework.web.servlet.handler.HandlerMappingIntrospector.lambda$createCacheFilter$4(HandlerMappingIntrospector.java:267)
	at org.springframework.web.filter.CompositeFilter$VirtualFilterChain.doFilter(CompositeFilter.java:113)
	at org.springframework.web.filter.CompositeFilter.doFilter(CompositeFilter.java:74)
	at org.springframework.security.config.annotation.web.configuration.WebMvcSecurityConfiguration$CompositeFilterChainProxy.doFilter(WebMvcSecurityConfiguration.java:240)
	at org.springframework.web.filter.DelegatingFilterProxy.invokeDelegate(DelegatingFilterProxy.java:362)
	at org.springframework.web.filter.DelegatingFilterProxy.doFilter(DelegatingFilterProxy.java:278)
	at org.apache.catalina.core.ApplicationFilterChain.internalDoFilter(ApplicationFilterChain.java:162)
	at org.apache.catalina.core.ApplicationFilterChain.doFilter(ApplicationFilterChain.java:138)
	at org.springframework.web.filter.RequestContextFilter.doFilterInternal(RequestContextFilter.java:100)
	at org.springframework.web.filter.OncePerRequestFilter.doFilter(OncePerRequestFilter.java:116)
	at org.apache.catalina.core.ApplicationFilterChain.internalDoFilter(ApplicationFilterChain.java:162)
	at org.apache.catalina.core.ApplicationFilterChain.doFilter(ApplicationFilterChain.java:138)
	at org.springframework.web.filter.FormContentFilter.doFilterInternal(FormContentFilter.java:93)
	at org.springframework.web.filter.OncePerRequestFilter.doFilter(OncePerRequestFilter.java:116)
	at org.apache.catalina.core.ApplicationFilterChain.internalDoFilter(ApplicationFilterChain.java:162)
	at org.apache.catalina.core.ApplicationFilterChain.doFilter(ApplicationFilterChain.java:138)
	at org.springframework.web.filter.CharacterEncodingFilter.doFilterInternal(CharacterEncodingFilter.java:201)
	at org.springframework.web.filter.OncePerRequestFilter.doFilter(OncePerRequestFilter.java:116)
	at org.apache.catalina.core.ApplicationFilterChain.internalDoFilter(ApplicationFilterChain.java:162)
	at org.apache.catalina.core.ApplicationFilterChain.doFilter(ApplicationFilterChain.java:138)
	at org.apache.catalina.core.StandardWrapperValve.invoke(StandardWrapperValve.java:165)
	at org.apache.catalina.core.StandardContextValve.invoke(StandardContextValve.java:88)
	at org.apache.catalina.authenticator.AuthenticatorBase.invoke(AuthenticatorBase.java:492)
	at org.apache.catalina.core.StandardHostValve.invoke(StandardHostValve.java:113)
	at org.apache.catalina.valves.ErrorReportValve.invoke(ErrorReportValve.java:83)
	at org.apache.catalina.core.StandardEngineValve.invoke(StandardEngineValve.java:72)
	at org.apache.catalina.connector.CoyoteAdapter.service(CoyoteAdapter.java:342)
	at org.apache.coyote.http11.Http11Processor.service(Http11Processor.java:399)
	at org.apache.coyote.AbstractProcessorLight.process(AbstractProcessorLight.java:63)
	at org.apache.coyote.AbstractProtocol$ConnectionHandler.process(AbstractProtocol.java:903)
	at org.apache.tomcat.util.net.NioEndpoint$SocketProcessor.doRun(NioEndpoint.java:1775)
	at org.apache.tomcat.util.net.SocketProcessorBase.run(SocketProcessorBase.java:52)
	at org.apache.tomcat.util.threads.ThreadPoolExecutor.runWorker(ThreadPoolExecutor.java:973)
	at org.apache.tomcat.util.threads.ThreadPoolExecutor$Worker.run(ThreadPoolExecutor.java:491)
	at org.apache.tomcat.util.threads.TaskThread$WrappingRunnable.run(TaskThread.java:63)
	at java.base/java.lang.Thread.run(Thread.java:840)
2026-05-26 03:44:47 [http-nio-8080-exec-4] ERROR c.t.b.report.service.ReportService - Error fetching report for sessionId=18 specialistId=17
java.util.NoSuchElementException: Reporte no encontrado
	at com.takecare.backend.report.service.ReportService.lambda$4(ReportService.java:240)
	at java.base/java.util.Optional.orElseThrow(Optional.java:403)
	at com.takecare.backend.report.service.ReportService.getReportBySession(ReportService.java:240)
	at java.base/jdk.internal.reflect.NativeMethodAccessorImpl.invoke0(Native Method)
	at java.base/jdk.internal.reflect.NativeMethodAccessorImpl.invoke(NativeMethodAccessorImpl.java:77)
	at java.base/jdk.internal.reflect.DelegatingMethodAccessorImpl.invoke(DelegatingMethodAccessorImpl.java:43)
	at java.base/java.lang.reflect.Method.invoke(Method.java:569)
	at org.springframework.aop.support.AopUtils.invokeJoinpointUsingReflection(AopUtils.java:360)
	at org.springframework.aop.framework.ReflectiveMethodInvocation.invokeJoinpoint(ReflectiveMethodInvocation.java:196)
	at org.springframework.aop.framework.ReflectiveMethodInvocation.proceed(ReflectiveMethodInvocation.java:163)
	at org.springframework.transaction.interceptor.TransactionAspectSupport.invokeWithinTransaction(TransactionAspectSupport.java:380)
	at org.springframework.transaction.interceptor.TransactionInterceptor.invoke(TransactionInterceptor.java:119)
	at org.springframework.aop.framework.ReflectiveMethodInvocation.proceed(ReflectiveMethodInvocation.java:184)
	at org.springframework.aop.framework.CglibAopProxy$DynamicAdvisedInterceptor.intercept(CglibAopProxy.java:728)
	at com.takecare.backend.report.service.ReportService$$SpringCGLIB$$0.getReportBySession(<generated>)
	at com.takecare.backend.report.controller.ReportController.getReportBySession(ReportController.java:131)
	at java.base/jdk.internal.reflect.NativeMethodAccessorImpl.invoke0(Native Method)
	at java.base/jdk.internal.reflect.NativeMethodAccessorImpl.invoke(NativeMethodAccessorImpl.java:77)
	at java.base/jdk.internal.reflect.DelegatingMethodAccessorImpl.invoke(DelegatingMethodAccessorImpl.java:43)
	at java.base/java.lang.reflect.Method.invoke(Method.java:569)
	at org.springframework.web.method.support.InvocableHandlerMethod.doInvoke(InvocableHandlerMethod.java:258)
	at org.springframework.web.method.support.InvocableHandlerMethod.invokeForRequest(InvocableHandlerMethod.java:191)
	at org.springframework.web.servlet.mvc.method.annotation.ServletInvocableHandlerMethod.invokeAndHandle(ServletInvocableHandlerMethod.java:118)
	at org.springframework.web.servlet.mvc.method.annotation.RequestMappingHandlerAdapter.invokeHandlerMethod(RequestMappingHandlerAdapter.java:991)
	at org.springframework.web.servlet.mvc.method.annotation.RequestMappingHandlerAdapter.handleInternal(RequestMappingHandlerAdapter.java:896)
	at org.springframework.web.servlet.mvc.method.AbstractHandlerMethodAdapter.handle(AbstractHandlerMethodAdapter.java:87)
	at org.springframework.web.servlet.DispatcherServlet.doDispatch(DispatcherServlet.java:1089)
	at org.springframework.web.servlet.DispatcherServlet.doService(DispatcherServlet.java:979)
	at org.springframework.web.servlet.FrameworkServlet.processRequest(FrameworkServlet.java:1014)
	at org.springframework.web.servlet.FrameworkServlet.doGet(FrameworkServlet.java:903)
	at jakarta.servlet.http.HttpServlet.service(HttpServlet.java:564)
	at org.springframework.web.servlet.FrameworkServlet.service(FrameworkServlet.java:885)
	at jakarta.servlet.http.HttpServlet.service(HttpServlet.java:658)
	at org.apache.catalina.core.ApplicationFilterChain.internalDoFilter(ApplicationFilterChain.java:193)
	at org.apache.catalina.core.ApplicationFilterChain.doFilter(ApplicationFilterChain.java:138)
	at org.apache.tomcat.websocket.server.WsFilter.doFilter(WsFilter.java:51)
	at org.apache.catalina.core.ApplicationFilterChain.internalDoFilter(ApplicationFilterChain.java:162)
	at org.apache.catalina.core.ApplicationFilterChain.doFilter(ApplicationFilterChain.java:138)
	at org.springframework.web.filter.CompositeFilter$VirtualFilterChain.doFilter(CompositeFilter.java:108)
	at org.springframework.web.filter.CompositeFilter$VirtualFilterChain.doFilter(CompositeFilter.java:108)
	at org.springframework.security.web.FilterChainProxy.lambda$doFilterInternal$3(FilterChainProxy.java:231)
	at org.springframework.security.web.FilterChainProxy$VirtualFilterChain.doFilter(FilterChainProxy.java:365)
	at org.springframework.security.web.access.intercept.AuthorizationFilter.doFilter(AuthorizationFilter.java:101)
	at org.springframework.security.web.FilterChainProxy$VirtualFilterChain.doFilter(FilterChainProxy.java:374)
	at org.springframework.security.web.access.ExceptionTranslationFilter.doFilter(ExceptionTranslationFilter.java:125)
	at org.springframework.security.web.access.ExceptionTranslationFilter.doFilter(ExceptionTranslationFilter.java:119)
	at org.springframework.security.web.FilterChainProxy$VirtualFilterChain.doFilter(FilterChainProxy.java:374)
	at org.springframework.security.web.authentication.AnonymousAuthenticationFilter.doFilter(AnonymousAuthenticationFilter.java:100)
	at org.springframework.security.web.FilterChainProxy$VirtualFilterChain.doFilter(FilterChainProxy.java:374)
	at org.springframework.security.web.servletapi.SecurityContextHolderAwareRequestFilter.doFilter(SecurityContextHolderAwareRequestFilter.java:179)
	at org.springframework.security.web.FilterChainProxy$VirtualFilterChain.doFilter(FilterChainProxy.java:374)
	at org.springframework.security.web.savedrequest.RequestCacheAwareFilter.doFilter(RequestCacheAwareFilter.java:63)
	at org.springframework.security.web.FilterChainProxy$VirtualFilterChain.doFilter(FilterChainProxy.java:374)
	at org.springframework.security.web.authentication.logout.LogoutFilter.doFilter(LogoutFilter.java:107)
	at org.springframework.security.web.authentication.logout.LogoutFilter.doFilter(LogoutFilter.java:93)
	at org.springframework.security.web.FilterChainProxy$VirtualFilterChain.doFilter(FilterChainProxy.java:374)
	at org.springframework.web.filter.CorsFilter.doFilterInternal(CorsFilter.java:91)
	at org.springframework.web.filter.OncePerRequestFilter.doFilter(OncePerRequestFilter.java:116)
	at org.springframework.security.web.FilterChainProxy$VirtualFilterChain.doFilter(FilterChainProxy.java:374)
	at org.springframework.security.web.header.HeaderWriterFilter.doHeadersAfter(HeaderWriterFilter.java:90)
	at org.springframework.security.web.header.HeaderWriterFilter.doFilterInternal(HeaderWriterFilter.java:75)
	at org.springframework.web.filter.OncePerRequestFilter.doFilter(OncePerRequestFilter.java:116)
	at org.springframework.security.web.FilterChainProxy$VirtualFilterChain.doFilter(FilterChainProxy.java:374)
	at org.springframework.security.web.context.SecurityContextHolderFilter.doFilter(SecurityContextHolderFilter.java:82)
	at org.springframework.security.web.context.SecurityContextHolderFilter.doFilter(SecurityContextHolderFilter.java:69)
	at org.springframework.security.web.FilterChainProxy$VirtualFilterChain.doFilter(FilterChainProxy.java:374)
	at org.springframework.security.web.context.request.async.WebAsyncManagerIntegrationFilter.doFilterInternal(WebAsyncManagerIntegrationFilter.java:62)
	at org.springframework.web.filter.OncePerRequestFilter.doFilter(OncePerRequestFilter.java:116)
	at org.springframework.security.web.FilterChainProxy$VirtualFilterChain.doFilter(FilterChainProxy.java:374)
	at org.springframework.security.web.session.DisableEncodeUrlFilter.doFilterInternal(DisableEncodeUrlFilter.java:42)
	at org.springframework.web.filter.OncePerRequestFilter.doFilter(OncePerRequestFilter.java:116)
	at org.springframework.security.web.FilterChainProxy$VirtualFilterChain.doFilter(FilterChainProxy.java:374)
	at org.springframework.security.web.FilterChainProxy.doFilterInternal(FilterChainProxy.java:233)
	at org.springframework.security.web.FilterChainProxy.doFilter(FilterChainProxy.java:191)
	at org.springframework.web.filter.CompositeFilter$VirtualFilterChain.doFilter(CompositeFilter.java:113)
	at org.springframework.web.filter.ServletRequestPathFilter.doFilter(ServletRequestPathFilter.java:52)
	at org.springframework.web.filter.CompositeFilter$VirtualFilterChain.doFilter(CompositeFilter.java:113)
	at org.springframework.web.filter.CompositeFilter.doFilter(CompositeFilter.java:74)
	at org.springframework.security.config.annotation.web.configuration.WebSecurityConfiguration$CompositeFilterChainProxy.doFilter(WebSecurityConfiguration.java:319)
	at org.springframework.web.filter.CompositeFilter$VirtualFilterChain.doFilter(CompositeFilter.java:113)
	at org.springframework.web.servlet.handler.HandlerMappingIntrospector.lambda$createCacheFilter$4(HandlerMappingIntrospector.java:267)
	at org.springframework.web.filter.CompositeFilter$VirtualFilterChain.doFilter(CompositeFilter.java:113)
	at org.springframework.web.filter.CompositeFilter.doFilter(CompositeFilter.java:74)
	at org.springframework.security.config.annotation.web.configuration.WebMvcSecurityConfiguration$CompositeFilterChainProxy.doFilter(WebMvcSecurityConfiguration.java:240)
	at org.springframework.web.filter.DelegatingFilterProxy.invokeDelegate(DelegatingFilterProxy.java:362)
	at org.springframework.web.filter.DelegatingFilterProxy.doFilter(DelegatingFilterProxy.java:278)
	at org.apache.catalina.core.ApplicationFilterChain.internalDoFilter(ApplicationFilterChain.java:162)
	at org.apache.catalina.core.ApplicationFilterChain.doFilter(ApplicationFilterChain.java:138)
	at org.springframework.web.filter.RequestContextFilter.doFilterInternal(RequestContextFilter.java:100)
	at org.springframework.web.filter.OncePerRequestFilter.doFilter(OncePerRequestFilter.java:116)
	at org.apache.catalina.core.ApplicationFilterChain.internalDoFilter(ApplicationFilterChain.java:162)
	at org.apache.catalina.core.ApplicationFilterChain.doFilter(ApplicationFilterChain.java:138)
	at org.springframework.web.filter.FormContentFilter.doFilterInternal(FormContentFilter.java:93)
	at org.springframework.web.filter.OncePerRequestFilter.doFilter(OncePerRequestFilter.java:116)
	at org.apache.catalina.core.ApplicationFilterChain.internalDoFilter(ApplicationFilterChain.java:162)
	at org.apache.catalina.core.ApplicationFilterChain.doFilter(ApplicationFilterChain.java:138)
	at org.springframework.web.filter.CharacterEncodingFilter.doFilterInternal(CharacterEncodingFilter.java:201)
	at org.springframework.web.filter.OncePerRequestFilter.doFilter(OncePerRequestFilter.java:116)
	at org.apache.catalina.core.ApplicationFilterChain.internalDoFilter(ApplicationFilterChain.java:162)
	at org.apache.catalina.core.ApplicationFilterChain.doFilter(ApplicationFilterChain.java:138)
	at org.apache.catalina.core.StandardWrapperValve.invoke(StandardWrapperValve.java:165)
	at org.apache.catalina.core.StandardContextValve.invoke(StandardContextValve.java:88)
	at org.apache.catalina.authenticator.AuthenticatorBase.invoke(AuthenticatorBase.java:492)
	at org.apache.catalina.core.StandardHostValve.invoke(StandardHostValve.java:113)
	at org.apache.catalina.valves.ErrorReportValve.invoke(ErrorReportValve.java:83)
	at org.apache.catalina.core.StandardEngineValve.invoke(StandardEngineValve.java:72)
	at org.apache.catalina.connector.CoyoteAdapter.service(CoyoteAdapter.java:342)
	at org.apache.coyote.http11.Http11Processor.service(Http11Processor.java:399)
	at org.apache.coyote.AbstractProcessorLight.process(AbstractProcessorLight.java:63)
	at org.apache.coyote.AbstractProtocol$ConnectionHandler.process(AbstractProtocol.java:903)
	at org.apache.tomcat.util.net.NioEndpoint$SocketProcessor.doRun(NioEndpoint.java:1775)
	at org.apache.tomcat.util.net.SocketProcessorBase.run(SocketProcessorBase.java:52)
	at org.apache.tomcat.util.threads.ThreadPoolExecutor.runWorker(ThreadPoolExecutor.java:973)
	at org.apache.tomcat.util.threads.ThreadPoolExecutor$Worker.run(ThreadPoolExecutor.java:491)
	at org.apache.tomcat.util.threads.TaskThread$WrappingRunnable.run(TaskThread.java:63)
	at java.base/java.lang.Thread.run(Thread.java:840)
2026-05-26 03:44:47 [http-nio-8080-exec-10] WARN  c.t.b.c.c.CalificationController - GET patient rating - not found: Calificación no encontrada
2026-05-26 03:44:47 [http-nio-8080-exec-8] WARN  c.t.b.r.controller.ReportController - GET /reports/session/specialist - not found: Reporte no encontrado
2026-05-26 03:44:47 [http-nio-8080-exec-8] DEBUG o.s.w.s.m.m.a.HttpEntityMethodProcessor - Using 'application/json', given [application/json, text/plain, */*] and supported [application/json, application/*+json, application/yaml]
2026-05-26 03:44:47 [http-nio-8080-exec-10] DEBUG o.s.w.s.m.m.a.HttpEntityMethodProcessor - Using 'application/json', given [application/json, text/plain, */*] and supported [application/json, application/*+json, application/yaml]
2026-05-26 03:44:47 [http-nio-8080-exec-8] DEBUG o.s.w.s.m.m.a.HttpEntityMethodProcessor - Writing [{message=Reporte no encontrado}]
2026-05-26 03:44:47 [http-nio-8080-exec-10] DEBUG o.s.w.s.m.m.a.HttpEntityMethodProcessor - Writing [{message=Calificación no encontrada}]
2026-05-26 03:44:47 [http-nio-8080-exec-10] DEBUG o.s.web.servlet.DispatcherServlet - Completed 404 NOT_FOUND
2026-05-26 03:44:47 [http-nio-8080-exec-8] DEBUG o.s.web.servlet.DispatcherServlet - Completed 404 NOT_FOUND
2026-05-26 03:44:48 [http-nio-8080-exec-3] WARN  c.t.b.r.controller.ReportController - GET /reports/session/specialist - not found: Reporte no encontrado
2026-05-26 03:44:48 [http-nio-8080-exec-6] WARN  c.t.b.r.controller.ReportController - GET /reports/session/specialist - not found: Reporte no encontrado
2026-05-26 03:44:48 [http-nio-8080-exec-4] WARN  c.t.b.r.controller.ReportController - GET /reports/session/specialist - not found: Reporte no encontrado
2026-05-26 03:44:48 [http-nio-8080-exec-2] WARN  c.t.b.c.c.CalificationController - GET patient rating - not found: Calificación no encontrada
2026-05-26 03:44:48 [http-nio-8080-exec-4] DEBUG o.s.w.s.m.m.a.HttpEntityMethodProcessor - Using 'application/json', given [application/json, text/plain, */*] and supported [application/json, application/*+json, application/yaml]
2026-05-26 03:44:48 [http-nio-8080-exec-3] DEBUG o.s.w.s.m.m.a.HttpEntityMethodProcessor - Using 'application/json', given [application/json, text/plain, */*] and supported [application/json, application/*+json, application/yaml]
2026-05-26 03:44:48 [http-nio-8080-exec-6] DEBUG o.s.w.s.m.m.a.HttpEntityMethodProcessor - Using 'application/json', given [application/json, text/plain, */*] and supported [application/json, application/*+json, application/yaml]
2026-05-26 03:44:48 [http-nio-8080-exec-2] DEBUG o.s.w.s.m.m.a.HttpEntityMethodProcessor - Using 'application/json', given [application/json, text/plain, */*] and supported [application/json, application/*+json, application/yaml]
2026-05-26 03:44:48 [http-nio-8080-exec-3] DEBUG o.s.w.s.m.m.a.HttpEntityMethodProcessor - Writing [{message=Reporte no encontrado}]
2026-05-26 03:44:48 [http-nio-8080-exec-4] DEBUG o.s.w.s.m.m.a.HttpEntityMethodProcessor - Writing [{message=Reporte no encontrado}]
2026-05-26 03:44:48 [http-nio-8080-exec-6] DEBUG o.s.w.s.m.m.a.HttpEntityMethodProcessor - Writing [{message=Reporte no encontrado}]
2026-05-26 03:44:48 [http-nio-8080-exec-2] DEBUG o.s.w.s.m.m.a.HttpEntityMethodProcessor - Writing [{message=Calificación no encontrada}]
2026-05-26 03:44:48 [http-nio-8080-exec-3] DEBUG o.s.web.servlet.DispatcherServlet - Completed 404 NOT_FOUND
2026-05-26 03:44:48 [http-nio-8080-exec-4] DEBUG o.s.web.servlet.DispatcherServlet - Completed 404 NOT_FOUND
2026-05-26 03:44:48 [http-nio-8080-exec-6] DEBUG o.s.web.servlet.DispatcherServlet - Completed 404 NOT_FOUND
2026-05-26 03:44:48 [http-nio-8080-exec-2] DEBUG o.s.web.servlet.DispatcherServlet - Completed 404 NOT_FOUND
2026-05-26 03:48:14 [http-nio-8080-exec-3] DEBUG o.s.web.servlet.DispatcherServlet - GET "/api/v1/notifications/specialist/17/unread-count", parameters={}
2026-05-26 03:48:14 [http-nio-8080-exec-3] DEBUG o.s.w.s.m.m.a.RequestMappingHandlerMapping - Mapped to com.takecare.backend.notification.controller.NotificationController#unreadCount(Integer)
2026-05-26 03:48:14 [http-nio-8080-exec-3] INFO  c.t.b.n.c.NotificationController - GET /api/v1/notifications/specialist/17/unread-count
2026-05-26 03:48:14 [http-nio-8080-exec-4] DEBUG o.s.web.servlet.DispatcherServlet - GET "/api/v1/sessions/specialist/17", parameters={}
2026-05-26 03:48:14 [http-nio-8080-exec-4] DEBUG o.s.w.s.m.m.a.RequestMappingHandlerMapping - Mapped to com.takecare.backend.session.controller.SessionController#listBySpecialist(Integer)
2026-05-26 03:48:14 [http-nio-8080-exec-4] INFO  c.t.b.s.controller.SessionController - GET sessions by specialistId=17
2026-05-26 03:48:17 [http-nio-8080-exec-4] DEBUG o.s.w.s.m.m.a.HttpEntityMethodProcessor - Using 'application/json', given [application/json, text/plain, */*] and supported [application/json, application/*+json, application/yaml]
2026-05-26 03:48:17 [http-nio-8080-exec-4] DEBUG o.s.w.s.m.m.a.HttpEntityMethodProcessor - Writing [[com.takecare.backend.session.dto.SessionResponseDTO@3a9a3cff, com.takecare.backend.session.dto.Sess (truncated)...]
2026-05-26 03:48:17 [http-nio-8080-exec-3] DEBUG o.s.w.s.m.m.a.HttpEntityMethodProcessor - Using 'application/json', given [application/json, text/plain, */*] and supported [application/json, application/*+json, application/yaml]
2026-05-26 03:48:17 [http-nio-8080-exec-3] DEBUG o.s.w.s.m.m.a.HttpEntityMethodProcessor - Writing [com.takecare.backend.notification.dto.UnreadNotificationCountDto@604246b7]
2026-05-26 03:48:17 [http-nio-8080-exec-4] DEBUG o.s.web.servlet.DispatcherServlet - Completed 200 OK
2026-05-26 03:48:17 [http-nio-8080-exec-3] DEBUG o.s.web.servlet.DispatcherServlet - Completed 200 OK
2026-05-26 03:48:17 [http-nio-8080-exec-2] DEBUG o.s.web.servlet.DispatcherServlet - GET "/api/v1/sessions/16/patient-ratings", parameters={}
2026-05-26 03:48:17 [http-nio-8080-exec-6] DEBUG o.s.web.servlet.DispatcherServlet - GET "/api/v1/sessions/17/patient-ratings", parameters={}
2026-05-26 03:48:17 [http-nio-8080-exec-2] DEBUG o.s.w.s.m.m.a.RequestMappingHandlerMapping - Mapped to com.takecare.backend.calification.controller.CalificationController#getPatientRating(Integer)
2026-05-26 03:48:17 [http-nio-8080-exec-6] DEBUG o.s.w.s.m.m.a.RequestMappingHandlerMapping - Mapped to com.takecare.backend.calification.controller.CalificationController#getPatientRating(Integer)
2026-05-26 03:48:17 [http-nio-8080-exec-2] INFO  c.t.b.c.c.CalificationController - GET /api/v1/sessions/16/patient-ratings
2026-05-26 03:48:17 [http-nio-8080-exec-6] INFO  c.t.b.c.c.CalificationController - GET /api/v1/sessions/17/patient-ratings
2026-05-26 03:48:17 [http-nio-8080-exec-1] DEBUG o.s.web.servlet.DispatcherServlet - GET "/api/v1/reports/session/18/specialist/17", parameters={}
2026-05-26 03:48:17 [http-nio-8080-exec-1] DEBUG o.s.w.s.m.m.a.RequestMappingHandlerMapping - Mapped to com.takecare.backend.report.controller.ReportController#getReportBySession(Integer, Integer)
2026-05-26 03:48:17 [http-nio-8080-exec-10] DEBUG o.s.web.servlet.DispatcherServlet - GET "/api/v1/reports/session/17/specialist/17", parameters={}
2026-05-26 03:48:17 [http-nio-8080-exec-1] INFO  c.t.b.r.controller.ReportController - GET /reports/session/18/specialist/17
2026-05-26 03:48:17 [http-nio-8080-exec-10] DEBUG o.s.w.s.m.m.a.RequestMappingHandlerMapping - Mapped to com.takecare.backend.report.controller.ReportController#getReportBySession(Integer, Integer)
2026-05-26 03:48:17 [http-nio-8080-exec-10] INFO  c.t.b.r.controller.ReportController - GET /reports/session/17/specialist/17
2026-05-26 03:48:17 [http-nio-8080-exec-8] DEBUG o.s.web.servlet.DispatcherServlet - GET "/api/v1/reports/session/16/specialist/17", parameters={}
2026-05-26 03:48:17 [http-nio-8080-exec-9] DEBUG o.s.web.servlet.DispatcherServlet - GET "/api/v1/reports/session/15/specialist/17", parameters={}
2026-05-26 03:48:17 [http-nio-8080-exec-8] DEBUG o.s.w.s.m.m.a.RequestMappingHandlerMapping - Mapped to com.takecare.backend.report.controller.ReportController#getReportBySession(Integer, Integer)
2026-05-26 03:48:17 [http-nio-8080-exec-9] DEBUG o.s.w.s.m.m.a.RequestMappingHandlerMapping - Mapped to com.takecare.backend.report.controller.ReportController#getReportBySession(Integer, Integer)
2026-05-26 03:48:17 [http-nio-8080-exec-8] INFO  c.t.b.r.controller.ReportController - GET /reports/session/16/specialist/17
2026-05-26 03:48:17 [http-nio-8080-exec-9] INFO  c.t.b.r.controller.ReportController - GET /reports/session/15/specialist/17
2026-05-26 03:48:18 [http-nio-8080-exec-6] INFO  c.t.b.c.service.CalificationService - Get specialist rating. sessionId=17, specialistId=17, patientId=13
2026-05-26 03:48:18 [http-nio-8080-exec-2] INFO  c.t.b.c.service.CalificationService - Get specialist rating. sessionId=16, specialistId=17, patientId=13
2026-05-26 03:48:18 [http-nio-8080-exec-9] ERROR c.t.b.report.service.ReportService - Error fetching report for sessionId=15 specialistId=17
java.util.NoSuchElementException: Reporte no encontrado
	at com.takecare.backend.report.service.ReportService.lambda$4(ReportService.java:240)
	at java.base/java.util.Optional.orElseThrow(Optional.java:403)
	at com.takecare.backend.report.service.ReportService.getReportBySession(ReportService.java:240)
	at java.base/jdk.internal.reflect.NativeMethodAccessorImpl.invoke0(Native Method)
	at java.base/jdk.internal.reflect.NativeMethodAccessorImpl.invoke(NativeMethodAccessorImpl.java:77)
	at java.base/jdk.internal.reflect.DelegatingMethodAccessorImpl.invoke(DelegatingMethodAccessorImpl.java:43)
	at java.base/java.lang.reflect.Method.invoke(Method.java:569)
	at org.springframework.aop.support.AopUtils.invokeJoinpointUsingReflection(AopUtils.java:360)
	at org.springframework.aop.framework.ReflectiveMethodInvocation.invokeJoinpoint(ReflectiveMethodInvocation.java:196)
	at org.springframework.aop.framework.ReflectiveMethodInvocation.proceed(ReflectiveMethodInvocation.java:163)
	at org.springframework.transaction.interceptor.TransactionAspectSupport.invokeWithinTransaction(TransactionAspectSupport.java:380)
	at org.springframework.transaction.interceptor.TransactionInterceptor.invoke(TransactionInterceptor.java:119)
	at org.springframework.aop.framework.ReflectiveMethodInvocation.proceed(ReflectiveMethodInvocation.java:184)
	at org.springframework.aop.framework.CglibAopProxy$DynamicAdvisedInterceptor.intercept(CglibAopProxy.java:728)
	at com.takecare.backend.report.service.ReportService$$SpringCGLIB$$0.getReportBySession(<generated>)
	at com.takecare.backend.report.controller.ReportController.getReportBySession(ReportController.java:131)
	at java.base/jdk.internal.reflect.NativeMethodAccessorImpl.invoke0(Native Method)
	at java.base/jdk.internal.reflect.NativeMethodAccessorImpl.invoke(NativeMethodAccessorImpl.java:77)
	at java.base/jdk.internal.reflect.DelegatingMethodAccessorImpl.invoke(DelegatingMethodAccessorImpl.java:43)
	at java.base/java.lang.reflect.Method.invoke(Method.java:569)
	at org.springframework.web.method.support.InvocableHandlerMethod.doInvoke(InvocableHandlerMethod.java:258)
	at org.springframework.web.method.support.InvocableHandlerMethod.invokeForRequest(InvocableHandlerMethod.java:191)
	at org.springframework.web.servlet.mvc.method.annotation.ServletInvocableHandlerMethod.invokeAndHandle(ServletInvocableHandlerMethod.java:118)
	at org.springframework.web.servlet.mvc.method.annotation.RequestMappingHandlerAdapter.invokeHandlerMethod(RequestMappingHandlerAdapter.java:991)
	at org.springframework.web.servlet.mvc.method.annotation.RequestMappingHandlerAdapter.handleInternal(RequestMappingHandlerAdapter.java:896)
	at org.springframework.web.servlet.mvc.method.AbstractHandlerMethodAdapter.handle(AbstractHandlerMethodAdapter.java:87)
	at org.springframework.web.servlet.DispatcherServlet.doDispatch(DispatcherServlet.java:1089)
	at org.springframework.web.servlet.DispatcherServlet.doService(DispatcherServlet.java:979)
	at org.springframework.web.servlet.FrameworkServlet.processRequest(FrameworkServlet.java:1014)
	at org.springframework.web.servlet.FrameworkServlet.doGet(FrameworkServlet.java:903)
	at jakarta.servlet.http.HttpServlet.service(HttpServlet.java:564)
	at org.springframework.web.servlet.FrameworkServlet.service(FrameworkServlet.java:885)
	at jakarta.servlet.http.HttpServlet.service(HttpServlet.java:658)
	at org.apache.catalina.core.ApplicationFilterChain.internalDoFilter(ApplicationFilterChain.java:193)
	at org.apache.catalina.core.ApplicationFilterChain.doFilter(ApplicationFilterChain.java:138)
	at org.apache.tomcat.websocket.server.WsFilter.doFilter(WsFilter.java:51)
	at org.apache.catalina.core.ApplicationFilterChain.internalDoFilter(ApplicationFilterChain.java:162)
	at org.apache.catalina.core.ApplicationFilterChain.doFilter(ApplicationFilterChain.java:138)
	at org.springframework.web.filter.CompositeFilter$VirtualFilterChain.doFilter(CompositeFilter.java:108)
	at org.springframework.web.filter.CompositeFilter$VirtualFilterChain.doFilter(CompositeFilter.java:108)
	at org.springframework.security.web.FilterChainProxy.lambda$doFilterInternal$3(FilterChainProxy.java:231)
	at org.springframework.security.web.FilterChainProxy$VirtualFilterChain.doFilter(FilterChainProxy.java:365)
	at org.springframework.security.web.access.intercept.AuthorizationFilter.doFilter(AuthorizationFilter.java:101)
	at org.springframework.security.web.FilterChainProxy$VirtualFilterChain.doFilter(FilterChainProxy.java:374)
	at org.springframework.security.web.access.ExceptionTranslationFilter.doFilter(ExceptionTranslationFilter.java:125)
	at org.springframework.security.web.access.ExceptionTranslationFilter.doFilter(ExceptionTranslationFilter.java:119)
	at org.springframework.security.web.FilterChainProxy$VirtualFilterChain.doFilter(FilterChainProxy.java:374)
	at org.springframework.security.web.authentication.AnonymousAuthenticationFilter.doFilter(AnonymousAuthenticationFilter.java:100)
	at org.springframework.security.web.FilterChainProxy$VirtualFilterChain.doFilter(FilterChainProxy.java:374)
	at org.springframework.security.web.servletapi.SecurityContextHolderAwareRequestFilter.doFilter(SecurityContextHolderAwareRequestFilter.java:179)
	at org.springframework.security.web.FilterChainProxy$VirtualFilterChain.doFilter(FilterChainProxy.java:374)
	at org.springframework.security.web.savedrequest.RequestCacheAwareFilter.doFilter(RequestCacheAwareFilter.java:63)
	at org.springframework.security.web.FilterChainProxy$VirtualFilterChain.doFilter(FilterChainProxy.java:374)
	at org.springframework.security.web.authentication.logout.LogoutFilter.doFilter(LogoutFilter.java:107)
	at org.springframework.security.web.authentication.logout.LogoutFilter.doFilter(LogoutFilter.java:93)
	at org.springframework.security.web.FilterChainProxy$VirtualFilterChain.doFilter(FilterChainProxy.java:374)
	at org.springframework.web.filter.CorsFilter.doFilterInternal(CorsFilter.java:91)
	at org.springframework.web.filter.OncePerRequestFilter.doFilter(OncePerRequestFilter.java:116)
	at org.springframework.security.web.FilterChainProxy$VirtualFilterChain.doFilter(FilterChainProxy.java:374)
	at org.springframework.security.web.header.HeaderWriterFilter.doHeadersAfter(HeaderWriterFilter.java:90)
	at org.springframework.security.web.header.HeaderWriterFilter.doFilterInternal(HeaderWriterFilter.java:75)
	at org.springframework.web.filter.OncePerRequestFilter.doFilter(OncePerRequestFilter.java:116)
	at org.springframework.security.web.FilterChainProxy$VirtualFilterChain.doFilter(FilterChainProxy.java:374)
	at org.springframework.security.web.context.SecurityContextHolderFilter.doFilter(SecurityContextHolderFilter.java:82)
	at org.springframework.security.web.context.SecurityContextHolderFilter.doFilter(SecurityContextHolderFilter.java:69)
	at org.springframework.security.web.FilterChainProxy$VirtualFilterChain.doFilter(FilterChainProxy.java:374)
	at org.springframework.security.web.context.request.async.WebAsyncManagerIntegrationFilter.doFilterInternal(WebAsyncManagerIntegrationFilter.java:62)
	at org.springframework.web.filter.OncePerRequestFilter.doFilter(OncePerRequestFilter.java:116)
	at org.springframework.security.web.FilterChainProxy$VirtualFilterChain.doFilter(FilterChainProxy.java:374)
	at org.springframework.security.web.session.DisableEncodeUrlFilter.doFilterInternal(DisableEncodeUrlFilter.java:42)
	at org.springframework.web.filter.OncePerRequestFilter.doFilter(OncePerRequestFilter.java:116)
	at org.springframework.security.web.FilterChainProxy$VirtualFilterChain.doFilter(FilterChainProxy.java:374)
	at org.springframework.security.web.FilterChainProxy.doFilterInternal(FilterChainProxy.java:233)
	at org.springframework.security.web.FilterChainProxy.doFilter(FilterChainProxy.java:191)
	at org.springframework.web.filter.CompositeFilter$VirtualFilterChain.doFilter(CompositeFilter.java:113)
	at org.springframework.web.filter.ServletRequestPathFilter.doFilter(ServletRequestPathFilter.java:52)
	at org.springframework.web.filter.CompositeFilter$VirtualFilterChain.doFilter(CompositeFilter.java:113)
	at org.springframework.web.filter.CompositeFilter.doFilter(CompositeFilter.java:74)
	at org.springframework.security.config.annotation.web.configuration.WebSecurityConfiguration$CompositeFilterChainProxy.doFilter(WebSecurityConfiguration.java:319)
	at org.springframework.web.filter.CompositeFilter$VirtualFilterChain.doFilter(CompositeFilter.java:113)
	at org.springframework.web.servlet.handler.HandlerMappingIntrospector.lambda$createCacheFilter$4(HandlerMappingIntrospector.java:267)
	at org.springframework.web.filter.CompositeFilter$VirtualFilterChain.doFilter(CompositeFilter.java:113)
	at org.springframework.web.filter.CompositeFilter.doFilter(CompositeFilter.java:74)
	at org.springframework.security.config.annotation.web.configuration.WebMvcSecurityConfiguration$CompositeFilterChainProxy.doFilter(WebMvcSecurityConfiguration.java:240)
	at org.springframework.web.filter.DelegatingFilterProxy.invokeDelegate(DelegatingFilterProxy.java:362)
	at org.springframework.web.filter.DelegatingFilterProxy.doFilter(DelegatingFilterProxy.java:278)
	at org.apache.catalina.core.ApplicationFilterChain.internalDoFilter(ApplicationFilterChain.java:162)
	at org.apache.catalina.core.ApplicationFilterChain.doFilter(ApplicationFilterChain.java:138)
	at org.springframework.web.filter.RequestContextFilter.doFilterInternal(RequestContextFilter.java:100)
	at org.springframework.web.filter.OncePerRequestFilter.doFilter(OncePerRequestFilter.java:116)
	at org.apache.catalina.core.ApplicationFilterChain.internalDoFilter(ApplicationFilterChain.java:162)
	at org.apache.catalina.core.ApplicationFilterChain.doFilter(ApplicationFilterChain.java:138)
	at org.springframework.web.filter.FormContentFilter.doFilterInternal(FormContentFilter.java:93)
	at org.springframework.web.filter.OncePerRequestFilter.doFilter(OncePerRequestFilter.java:116)
	at org.apache.catalina.core.ApplicationFilterChain.internalDoFilter(ApplicationFilterChain.java:162)
	at org.apache.catalina.core.ApplicationFilterChain.doFilter(ApplicationFilterChain.java:138)
	at org.springframework.web.filter.CharacterEncodingFilter.doFilterInternal(CharacterEncodingFilter.java:201)
	at org.springframework.web.filter.OncePerRequestFilter.doFilter(OncePerRequestFilter.java:116)
	at org.apache.catalina.core.ApplicationFilterChain.internalDoFilter(ApplicationFilterChain.java:162)
	at org.apache.catalina.core.ApplicationFilterChain.doFilter(ApplicationFilterChain.java:138)
	at org.apache.catalina.core.StandardWrapperValve.invoke(StandardWrapperValve.java:165)
	at org.apache.catalina.core.StandardContextValve.invoke(StandardContextValve.java:88)
	at org.apache.catalina.authenticator.AuthenticatorBase.invoke(AuthenticatorBase.java:492)
	at org.apache.catalina.core.StandardHostValve.invoke(StandardHostValve.java:113)
	at org.apache.catalina.valves.ErrorReportValve.invoke(ErrorReportValve.java:83)
	at org.apache.catalina.core.StandardEngineValve.invoke(StandardEngineValve.java:72)
	at org.apache.catalina.connector.CoyoteAdapter.service(CoyoteAdapter.java:342)
	at org.apache.coyote.http11.Http11Processor.service(Http11Processor.java:399)
	at org.apache.coyote.AbstractProcessorLight.process(AbstractProcessorLight.java:63)
	at org.apache.coyote.AbstractProtocol$ConnectionHandler.process(AbstractProtocol.java:903)
	at org.apache.tomcat.util.net.NioEndpoint$SocketProcessor.doRun(NioEndpoint.java:1775)
	at org.apache.tomcat.util.net.SocketProcessorBase.run(SocketProcessorBase.java:52)
	at org.apache.tomcat.util.threads.ThreadPoolExecutor.runWorker(ThreadPoolExecutor.java:973)
	at org.apache.tomcat.util.threads.ThreadPoolExecutor$Worker.run(ThreadPoolExecutor.java:491)
	at org.apache.tomcat.util.threads.TaskThread$WrappingRunnable.run(TaskThread.java:63)
	at java.base/java.lang.Thread.run(Thread.java:840)
2026-05-26 03:48:18 [http-nio-8080-exec-8] ERROR c.t.b.report.service.ReportService - Error fetching report for sessionId=16 specialistId=17
java.util.NoSuchElementException: Reporte no encontrado
	at com.takecare.backend.report.service.ReportService.lambda$4(ReportService.java:240)
	at java.base/java.util.Optional.orElseThrow(Optional.java:403)
	at com.takecare.backend.report.service.ReportService.getReportBySession(ReportService.java:240)
	at java.base/jdk.internal.reflect.NativeMethodAccessorImpl.invoke0(Native Method)
	at java.base/jdk.internal.reflect.NativeMethodAccessorImpl.invoke(NativeMethodAccessorImpl.java:77)
	at java.base/jdk.internal.reflect.DelegatingMethodAccessorImpl.invoke(DelegatingMethodAccessorImpl.java:43)
	at java.base/java.lang.reflect.Method.invoke(Method.java:569)
	at org.springframework.aop.support.AopUtils.invokeJoinpointUsingReflection(AopUtils.java:360)
	at org.springframework.aop.framework.ReflectiveMethodInvocation.invokeJoinpoint(ReflectiveMethodInvocation.java:196)
	at org.springframework.aop.framework.ReflectiveMethodInvocation.proceed(ReflectiveMethodInvocation.java:163)
	at org.springframework.transaction.interceptor.TransactionAspectSupport.invokeWithinTransaction(TransactionAspectSupport.java:380)
	at org.springframework.transaction.interceptor.TransactionInterceptor.invoke(TransactionInterceptor.java:119)
	at org.springframework.aop.framework.ReflectiveMethodInvocation.proceed(ReflectiveMethodInvocation.java:184)
	at org.springframework.aop.framework.CglibAopProxy$DynamicAdvisedInterceptor.intercept(CglibAopProxy.java:728)
	at com.takecare.backend.report.service.ReportService$$SpringCGLIB$$0.getReportBySession(<generated>)
	at com.takecare.backend.report.controller.ReportController.getReportBySession(ReportController.java:131)
	at java.base/jdk.internal.reflect.NativeMethodAccessorImpl.invoke0(Native Method)
	at java.base/jdk.internal.reflect.NativeMethodAccessorImpl.invoke(NativeMethodAccessorImpl.java:77)
	at java.base/jdk.internal.reflect.DelegatingMethodAccessorImpl.invoke(DelegatingMethodAccessorImpl.java:43)
	at java.base/java.lang.reflect.Method.invoke(Method.java:569)
	at org.springframework.web.method.support.InvocableHandlerMethod.doInvoke(InvocableHandlerMethod.java:258)
	at org.springframework.web.method.support.InvocableHandlerMethod.invokeForRequest(InvocableHandlerMethod.java:191)
	at org.springframework.web.servlet.mvc.method.annotation.ServletInvocableHandlerMethod.invokeAndHandle(ServletInvocableHandlerMethod.java:118)
	at org.springframework.web.servlet.mvc.method.annotation.RequestMappingHandlerAdapter.invokeHandlerMethod(RequestMappingHandlerAdapter.java:991)
	at org.springframework.web.servlet.mvc.method.annotation.RequestMappingHandlerAdapter.handleInternal(RequestMappingHandlerAdapter.java:896)
	at org.springframework.web.servlet.mvc.method.AbstractHandlerMethodAdapter.handle(AbstractHandlerMethodAdapter.java:87)
	at org.springframework.web.servlet.DispatcherServlet.doDispatch(DispatcherServlet.java:1089)
	at org.springframework.web.servlet.DispatcherServlet.doService(DispatcherServlet.java:979)
	at org.springframework.web.servlet.FrameworkServlet.processRequest(FrameworkServlet.java:1014)
	at org.springframework.web.servlet.FrameworkServlet.doGet(FrameworkServlet.java:903)
	at jakarta.servlet.http.HttpServlet.service(HttpServlet.java:564)
	at org.springframework.web.servlet.FrameworkServlet.service(FrameworkServlet.java:885)
	at jakarta.servlet.http.HttpServlet.service(HttpServlet.java:658)
	at org.apache.catalina.core.ApplicationFilterChain.internalDoFilter(ApplicationFilterChain.java:193)
	at org.apache.catalina.core.ApplicationFilterChain.doFilter(ApplicationFilterChain.java:138)
	at org.apache.tomcat.websocket.server.WsFilter.doFilter(WsFilter.java:51)
	at org.apache.catalina.core.ApplicationFilterChain.internalDoFilter(ApplicationFilterChain.java:162)
	at org.apache.catalina.core.ApplicationFilterChain.doFilter(ApplicationFilterChain.java:138)
	at org.springframework.web.filter.CompositeFilter$VirtualFilterChain.doFilter(CompositeFilter.java:108)
	at org.springframework.web.filter.CompositeFilter$VirtualFilterChain.doFilter(CompositeFilter.java:108)
	at org.springframework.security.web.FilterChainProxy.lambda$doFilterInternal$3(FilterChainProxy.java:231)
	at org.springframework.security.web.FilterChainProxy$VirtualFilterChain.doFilter(FilterChainProxy.java:365)
	at org.springframework.security.web.access.intercept.AuthorizationFilter.doFilter(AuthorizationFilter.java:101)
	at org.springframework.security.web.FilterChainProxy$VirtualFilterChain.doFilter(FilterChainProxy.java:374)
	at org.springframework.security.web.access.ExceptionTranslationFilter.doFilter(ExceptionTranslationFilter.java:125)
	at org.springframework.security.web.access.ExceptionTranslationFilter.doFilter(ExceptionTranslationFilter.java:119)
	at org.springframework.security.web.FilterChainProxy$VirtualFilterChain.doFilter(FilterChainProxy.java:374)
	at org.springframework.security.web.authentication.AnonymousAuthenticationFilter.doFilter(AnonymousAuthenticationFilter.java:100)
	at org.springframework.security.web.FilterChainProxy$VirtualFilterChain.doFilter(FilterChainProxy.java:374)
	at org.springframework.security.web.servletapi.SecurityContextHolderAwareRequestFilter.doFilter(SecurityContextHolderAwareRequestFilter.java:179)
	at org.springframework.security.web.FilterChainProxy$VirtualFilterChain.doFilter(FilterChainProxy.java:374)
	at org.springframework.security.web.savedrequest.RequestCacheAwareFilter.doFilter(RequestCacheAwareFilter.java:63)
	at org.springframework.security.web.FilterChainProxy$VirtualFilterChain.doFilter(FilterChainProxy.java:374)
	at org.springframework.security.web.authentication.logout.LogoutFilter.doFilter(LogoutFilter.java:107)
	at org.springframework.security.web.authentication.logout.LogoutFilter.doFilter(LogoutFilter.java:93)
	at org.springframework.security.web.FilterChainProxy$VirtualFilterChain.doFilter(FilterChainProxy.java:374)
	at org.springframework.web.filter.CorsFilter.doFilterInternal(CorsFilter.java:91)
	at org.springframework.web.filter.OncePerRequestFilter.doFilter(OncePerRequestFilter.java:116)
	at org.springframework.security.web.FilterChainProxy$VirtualFilterChain.doFilter(FilterChainProxy.java:374)
	at org.springframework.security.web.header.HeaderWriterFilter.doHeadersAfter(HeaderWriterFilter.java:90)
	at org.springframework.security.web.header.HeaderWriterFilter.doFilterInternal(HeaderWriterFilter.java:75)
	at org.springframework.web.filter.OncePerRequestFilter.doFilter(OncePerRequestFilter.java:116)
	at org.springframework.security.web.FilterChainProxy$VirtualFilterChain.doFilter(FilterChainProxy.java:374)
	at org.springframework.security.web.context.SecurityContextHolderFilter.doFilter(SecurityContextHolderFilter.java:82)
	at org.springframework.security.web.context.SecurityContextHolderFilter.doFilter(SecurityContextHolderFilter.java:69)
	at org.springframework.security.web.FilterChainProxy$VirtualFilterChain.doFilter(FilterChainProxy.java:374)
	at org.springframework.security.web.context.request.async.WebAsyncManagerIntegrationFilter.doFilterInternal(WebAsyncManagerIntegrationFilter.java:62)
	at org.springframework.web.filter.OncePerRequestFilter.doFilter(OncePerRequestFilter.java:116)
	at org.springframework.security.web.FilterChainProxy$VirtualFilterChain.doFilter(FilterChainProxy.java:374)
	at org.springframework.security.web.session.DisableEncodeUrlFilter.doFilterInternal(DisableEncodeUrlFilter.java:42)
	at org.springframework.web.filter.OncePerRequestFilter.doFilter(OncePerRequestFilter.java:116)
	at org.springframework.security.web.FilterChainProxy$VirtualFilterChain.doFilter(FilterChainProxy.java:374)
	at org.springframework.security.web.FilterChainProxy.doFilterInternal(FilterChainProxy.java:233)
	at org.springframework.security.web.FilterChainProxy.doFilter(FilterChainProxy.java:191)
	at org.springframework.web.filter.CompositeFilter$VirtualFilterChain.doFilter(CompositeFilter.java:113)
	at org.springframework.web.filter.ServletRequestPathFilter.doFilter(ServletRequestPathFilter.java:52)
	at org.springframework.web.filter.CompositeFilter$VirtualFilterChain.doFilter(CompositeFilter.java:113)
	at org.springframework.web.filter.CompositeFilter.doFilter(CompositeFilter.java:74)
	at org.springframework.security.config.annotation.web.configuration.WebSecurityConfiguration$CompositeFilterChainProxy.doFilter(WebSecurityConfiguration.java:319)
	at org.springframework.web.filter.CompositeFilter$VirtualFilterChain.doFilter(CompositeFilter.java:113)
	at org.springframework.web.servlet.handler.HandlerMappingIntrospector.lambda$createCacheFilter$4(HandlerMappingIntrospector.java:267)
	at org.springframework.web.filter.CompositeFilter$VirtualFilterChain.doFilter(CompositeFilter.java:113)
	at org.springframework.web.filter.CompositeFilter.doFilter(CompositeFilter.java:74)
	at org.springframework.security.config.annotation.web.configuration.WebMvcSecurityConfiguration$CompositeFilterChainProxy.doFilter(WebMvcSecurityConfiguration.java:240)
	at org.springframework.web.filter.DelegatingFilterProxy.invokeDelegate(DelegatingFilterProxy.java:362)
	at org.springframework.web.filter.DelegatingFilterProxy.doFilter(DelegatingFilterProxy.java:278)
	at org.apache.catalina.core.ApplicationFilterChain.internalDoFilter(ApplicationFilterChain.java:162)
	at org.apache.catalina.core.ApplicationFilterChain.doFilter(ApplicationFilterChain.java:138)
	at org.springframework.web.filter.RequestContextFilter.doFilterInternal(RequestContextFilter.java:100)
	at org.springframework.web.filter.OncePerRequestFilter.doFilter(OncePerRequestFilter.java:116)
	at org.apache.catalina.core.ApplicationFilterChain.internalDoFilter(ApplicationFilterChain.java:162)
	at org.apache.catalina.core.ApplicationFilterChain.doFilter(ApplicationFilterChain.java:138)
	at org.springframework.web.filter.FormContentFilter.doFilterInternal(FormContentFilter.java:93)
	at org.springframework.web.filter.OncePerRequestFilter.doFilter(OncePerRequestFilter.java:116)
	at org.apache.catalina.core.ApplicationFilterChain.internalDoFilter(ApplicationFilterChain.java:162)
	at org.apache.catalina.core.ApplicationFilterChain.doFilter(ApplicationFilterChain.java:138)
	at org.springframework.web.filter.CharacterEncodingFilter.doFilterInternal(CharacterEncodingFilter.java:201)
	at org.springframework.web.filter.OncePerRequestFilter.doFilter(OncePerRequestFilter.java:116)
	at org.apache.catalina.core.ApplicationFilterChain.internalDoFilter(ApplicationFilterChain.java:162)
	at org.apache.catalina.core.ApplicationFilterChain.doFilter(ApplicationFilterChain.java:138)
	at org.apache.catalina.core.StandardWrapperValve.invoke(StandardWrapperValve.java:165)
	at org.apache.catalina.core.StandardContextValve.invoke(StandardContextValve.java:88)
	at org.apache.catalina.authenticator.AuthenticatorBase.invoke(AuthenticatorBase.java:492)
	at org.apache.catalina.core.StandardHostValve.invoke(StandardHostValve.java:113)
	at org.apache.catalina.valves.ErrorReportValve.invoke(ErrorReportValve.java:83)
	at org.apache.catalina.core.StandardEngineValve.invoke(StandardEngineValve.java:72)
	at org.apache.catalina.connector.CoyoteAdapter.service(CoyoteAdapter.java:342)
	at org.apache.coyote.http11.Http11Processor.service(Http11Processor.java:399)
	at org.apache.coyote.AbstractProcessorLight.process(AbstractProcessorLight.java:63)
	at org.apache.coyote.AbstractProtocol$ConnectionHandler.process(AbstractProtocol.java:903)
	at org.apache.tomcat.util.net.NioEndpoint$SocketProcessor.doRun(NioEndpoint.java:1775)
	at org.apache.tomcat.util.net.SocketProcessorBase.run(SocketProcessorBase.java:52)
	at org.apache.tomcat.util.threads.ThreadPoolExecutor.runWorker(ThreadPoolExecutor.java:973)
	at org.apache.tomcat.util.threads.ThreadPoolExecutor$Worker.run(ThreadPoolExecutor.java:491)
	at org.apache.tomcat.util.threads.TaskThread$WrappingRunnable.run(TaskThread.java:63)
	at java.base/java.lang.Thread.run(Thread.java:840)
2026-05-26 03:48:19 [http-nio-8080-exec-2] WARN  c.t.b.c.service.CalificationService - Get specialist rating failed. sessionId=16, error=Calificación no encontrada
2026-05-26 03:48:19 [http-nio-8080-exec-1] ERROR c.t.b.report.service.ReportService - Error fetching report for sessionId=18 specialistId=17
java.util.NoSuchElementException: Reporte no encontrado
	at com.takecare.backend.report.service.ReportService.lambda$4(ReportService.java:240)
	at java.base/java.util.Optional.orElseThrow(Optional.java:403)
	at com.takecare.backend.report.service.ReportService.getReportBySession(ReportService.java:240)
	at java.base/jdk.internal.reflect.NativeMethodAccessorImpl.invoke0(Native Method)
	at java.base/jdk.internal.reflect.NativeMethodAccessorImpl.invoke(NativeMethodAccessorImpl.java:77)
	at java.base/jdk.internal.reflect.DelegatingMethodAccessorImpl.invoke(DelegatingMethodAccessorImpl.java:43)
	at java.base/java.lang.reflect.Method.invoke(Method.java:569)
	at org.springframework.aop.support.AopUtils.invokeJoinpointUsingReflection(AopUtils.java:360)
	at org.springframework.aop.framework.ReflectiveMethodInvocation.invokeJoinpoint(ReflectiveMethodInvocation.java:196)
	at org.springframework.aop.framework.ReflectiveMethodInvocation.proceed(ReflectiveMethodInvocation.java:163)
	at org.springframework.transaction.interceptor.TransactionAspectSupport.invokeWithinTransaction(TransactionAspectSupport.java:380)
	at org.springframework.transaction.interceptor.TransactionInterceptor.invoke(TransactionInterceptor.java:119)
	at org.springframework.aop.framework.ReflectiveMethodInvocation.proceed(ReflectiveMethodInvocation.java:184)
	at org.springframework.aop.framework.CglibAopProxy$DynamicAdvisedInterceptor.intercept(CglibAopProxy.java:728)
	at com.takecare.backend.report.service.ReportService$$SpringCGLIB$$0.getReportBySession(<generated>)
	at com.takecare.backend.report.controller.ReportController.getReportBySession(ReportController.java:131)
	at java.base/jdk.internal.reflect.NativeMethodAccessorImpl.invoke0(Native Method)
	at java.base/jdk.internal.reflect.NativeMethodAccessorImpl.invoke(NativeMethodAccessorImpl.java:77)
	at java.base/jdk.internal.reflect.DelegatingMethodAccessorImpl.invoke(DelegatingMethodAccessorImpl.java:43)
	at java.base/java.lang.reflect.Method.invoke(Method.java:569)
	at org.springframework.web.method.support.InvocableHandlerMethod.doInvoke(InvocableHandlerMethod.java:258)
	at org.springframework.web.method.support.InvocableHandlerMethod.invokeForRequest(InvocableHandlerMethod.java:191)
	at org.springframework.web.servlet.mvc.method.annotation.ServletInvocableHandlerMethod.invokeAndHandle(ServletInvocableHandlerMethod.java:118)
	at org.springframework.web.servlet.mvc.method.annotation.RequestMappingHandlerAdapter.invokeHandlerMethod(RequestMappingHandlerAdapter.java:991)
	at org.springframework.web.servlet.mvc.method.annotation.RequestMappingHandlerAdapter.handleInternal(RequestMappingHandlerAdapter.java:896)
	at org.springframework.web.servlet.mvc.method.AbstractHandlerMethodAdapter.handle(AbstractHandlerMethodAdapter.java:87)
	at org.springframework.web.servlet.DispatcherServlet.doDispatch(DispatcherServlet.java:1089)
	at org.springframework.web.servlet.DispatcherServlet.doService(DispatcherServlet.java:979)
	at org.springframework.web.servlet.FrameworkServlet.processRequest(FrameworkServlet.java:1014)
	at org.springframework.web.servlet.FrameworkServlet.doGet(FrameworkServlet.java:903)
	at jakarta.servlet.http.HttpServlet.service(HttpServlet.java:564)
	at org.springframework.web.servlet.FrameworkServlet.service(FrameworkServlet.java:885)
	at jakarta.servlet.http.HttpServlet.service(HttpServlet.java:658)
	at org.apache.catalina.core.ApplicationFilterChain.internalDoFilter(ApplicationFilterChain.java:193)
	at org.apache.catalina.core.ApplicationFilterChain.doFilter(ApplicationFilterChain.java:138)
	at org.apache.tomcat.websocket.server.WsFilter.doFilter(WsFilter.java:51)
	at org.apache.catalina.core.ApplicationFilterChain.internalDoFilter(ApplicationFilterChain.java:162)
	at org.apache.catalina.core.ApplicationFilterChain.doFilter(ApplicationFilterChain.java:138)
	at org.springframework.web.filter.CompositeFilter$VirtualFilterChain.doFilter(CompositeFilter.java:108)
	at org.springframework.web.filter.CompositeFilter$VirtualFilterChain.doFilter(CompositeFilter.java:108)
	at org.springframework.security.web.FilterChainProxy.lambda$doFilterInternal$3(FilterChainProxy.java:231)
	at org.springframework.security.web.FilterChainProxy$VirtualFilterChain.doFilter(FilterChainProxy.java:365)
	at org.springframework.security.web.access.intercept.AuthorizationFilter.doFilter(AuthorizationFilter.java:101)
	at org.springframework.security.web.FilterChainProxy$VirtualFilterChain.doFilter(FilterChainProxy.java:374)
	at org.springframework.security.web.access.ExceptionTranslationFilter.doFilter(ExceptionTranslationFilter.java:125)
	at org.springframework.security.web.access.ExceptionTranslationFilter.doFilter(ExceptionTranslationFilter.java:119)
	at org.springframework.security.web.FilterChainProxy$VirtualFilterChain.doFilter(FilterChainProxy.java:374)
	at org.springframework.security.web.authentication.AnonymousAuthenticationFilter.doFilter(AnonymousAuthenticationFilter.java:100)
	at org.springframework.security.web.FilterChainProxy$VirtualFilterChain.doFilter(FilterChainProxy.java:374)
	at org.springframework.security.web.servletapi.SecurityContextHolderAwareRequestFilter.doFilter(SecurityContextHolderAwareRequestFilter.java:179)
	at org.springframework.security.web.FilterChainProxy$VirtualFilterChain.doFilter(FilterChainProxy.java:374)
	at org.springframework.security.web.savedrequest.RequestCacheAwareFilter.doFilter(RequestCacheAwareFilter.java:63)
	at org.springframework.security.web.FilterChainProxy$VirtualFilterChain.doFilter(FilterChainProxy.java:374)
	at org.springframework.security.web.authentication.logout.LogoutFilter.doFilter(LogoutFilter.java:107)
	at org.springframework.security.web.authentication.logout.LogoutFilter.doFilter(LogoutFilter.java:93)
	at org.springframework.security.web.FilterChainProxy$VirtualFilterChain.doFilter(FilterChainProxy.java:374)
	at org.springframework.web.filter.CorsFilter.doFilterInternal(CorsFilter.java:91)
	at org.springframework.web.filter.OncePerRequestFilter.doFilter(OncePerRequestFilter.java:116)
	at org.springframework.security.web.FilterChainProxy$VirtualFilterChain.doFilter(FilterChainProxy.java:374)
	at org.springframework.security.web.header.HeaderWriterFilter.doHeadersAfter(HeaderWriterFilter.java:90)
	at org.springframework.security.web.header.HeaderWriterFilter.doFilterInternal(HeaderWriterFilter.java:75)
	at org.springframework.web.filter.OncePerRequestFilter.doFilter(OncePerRequestFilter.java:116)
	at org.springframework.security.web.FilterChainProxy$VirtualFilterChain.doFilter(FilterChainProxy.java:374)
	at org.springframework.security.web.context.SecurityContextHolderFilter.doFilter(SecurityContextHolderFilter.java:82)
	at org.springframework.security.web.context.SecurityContextHolderFilter.doFilter(SecurityContextHolderFilter.java:69)
	at org.springframework.security.web.FilterChainProxy$VirtualFilterChain.doFilter(FilterChainProxy.java:374)
	at org.springframework.security.web.context.request.async.WebAsyncManagerIntegrationFilter.doFilterInternal(WebAsyncManagerIntegrationFilter.java:62)
	at org.springframework.web.filter.OncePerRequestFilter.doFilter(OncePerRequestFilter.java:116)
	at org.springframework.security.web.FilterChainProxy$VirtualFilterChain.doFilter(FilterChainProxy.java:374)
	at org.springframework.security.web.session.DisableEncodeUrlFilter.doFilterInternal(DisableEncodeUrlFilter.java:42)
	at org.springframework.web.filter.OncePerRequestFilter.doFilter(OncePerRequestFilter.java:116)
	at org.springframework.security.web.FilterChainProxy$VirtualFilterChain.doFilter(FilterChainProxy.java:374)
	at org.springframework.security.web.FilterChainProxy.doFilterInternal(FilterChainProxy.java:233)
	at org.springframework.security.web.FilterChainProxy.doFilter(FilterChainProxy.java:191)
	at org.springframework.web.filter.CompositeFilter$VirtualFilterChain.doFilter(CompositeFilter.java:113)
	at org.springframework.web.filter.ServletRequestPathFilter.doFilter(ServletRequestPathFilter.java:52)
	at org.springframework.web.filter.CompositeFilter$VirtualFilterChain.doFilter(CompositeFilter.java:113)
	at org.springframework.web.filter.CompositeFilter.doFilter(CompositeFilter.java:74)
	at org.springframework.security.config.annotation.web.configuration.WebSecurityConfiguration$CompositeFilterChainProxy.doFilter(WebSecurityConfiguration.java:319)
	at org.springframework.web.filter.CompositeFilter$VirtualFilterChain.doFilter(CompositeFilter.java:113)
	at org.springframework.web.servlet.handler.HandlerMappingIntrospector.lambda$createCacheFilter$4(HandlerMappingIntrospector.java:267)
	at org.springframework.web.filter.CompositeFilter$VirtualFilterChain.doFilter(CompositeFilter.java:113)
	at org.springframework.web.filter.CompositeFilter.doFilter(CompositeFilter.java:74)
	at org.springframework.security.config.annotation.web.configuration.WebMvcSecurityConfiguration$CompositeFilterChainProxy.doFilter(WebMvcSecurityConfiguration.java:240)
	at org.springframework.web.filter.DelegatingFilterProxy.invokeDelegate(DelegatingFilterProxy.java:362)
	at org.springframework.web.filter.DelegatingFilterProxy.doFilter(DelegatingFilterProxy.java:278)
	at org.apache.catalina.core.ApplicationFilterChain.internalDoFilter(ApplicationFilterChain.java:162)
	at org.apache.catalina.core.ApplicationFilterChain.doFilter(ApplicationFilterChain.java:138)
	at org.springframework.web.filter.RequestContextFilter.doFilterInternal(RequestContextFilter.java:100)
	at org.springframework.web.filter.OncePerRequestFilter.doFilter(OncePerRequestFilter.java:116)
	at org.apache.catalina.core.ApplicationFilterChain.internalDoFilter(ApplicationFilterChain.java:162)
	at org.apache.catalina.core.ApplicationFilterChain.doFilter(ApplicationFilterChain.java:138)
	at org.springframework.web.filter.FormContentFilter.doFilterInternal(FormContentFilter.java:93)
	at org.springframework.web.filter.OncePerRequestFilter.doFilter(OncePerRequestFilter.java:116)
	at org.apache.catalina.core.ApplicationFilterChain.internalDoFilter(ApplicationFilterChain.java:162)
	at org.apache.catalina.core.ApplicationFilterChain.doFilter(ApplicationFilterChain.java:138)
	at org.springframework.web.filter.CharacterEncodingFilter.doFilterInternal(CharacterEncodingFilter.java:201)
	at org.springframework.web.filter.OncePerRequestFilter.doFilter(OncePerRequestFilter.java:116)
	at org.apache.catalina.core.ApplicationFilterChain.internalDoFilter(ApplicationFilterChain.java:162)
	at org.apache.catalina.core.ApplicationFilterChain.doFilter(ApplicationFilterChain.java:138)
	at org.apache.catalina.core.StandardWrapperValve.invoke(StandardWrapperValve.java:165)
	at org.apache.catalina.core.StandardContextValve.invoke(StandardContextValve.java:88)
	at org.apache.catalina.authenticator.AuthenticatorBase.invoke(AuthenticatorBase.java:492)
	at org.apache.catalina.core.StandardHostValve.invoke(StandardHostValve.java:113)
	at org.apache.catalina.valves.ErrorReportValve.invoke(ErrorReportValve.java:83)
	at org.apache.catalina.core.StandardEngineValve.invoke(StandardEngineValve.java:72)
	at org.apache.catalina.connector.CoyoteAdapter.service(CoyoteAdapter.java:342)
	at org.apache.coyote.http11.Http11Processor.service(Http11Processor.java:399)
	at org.apache.coyote.AbstractProcessorLight.process(AbstractProcessorLight.java:63)
	at org.apache.coyote.AbstractProtocol$ConnectionHandler.process(AbstractProtocol.java:903)
	at org.apache.tomcat.util.net.NioEndpoint$SocketProcessor.doRun(NioEndpoint.java:1775)
	at org.apache.tomcat.util.net.SocketProcessorBase.run(SocketProcessorBase.java:52)
	at org.apache.tomcat.util.threads.ThreadPoolExecutor.runWorker(ThreadPoolExecutor.java:973)
	at org.apache.tomcat.util.threads.ThreadPoolExecutor$Worker.run(ThreadPoolExecutor.java:491)
	at org.apache.tomcat.util.threads.TaskThread$WrappingRunnable.run(TaskThread.java:63)
	at java.base/java.lang.Thread.run(Thread.java:840)
2026-05-26 03:48:19 [http-nio-8080-exec-6] WARN  c.t.b.c.service.CalificationService - Get specialist rating failed. sessionId=17, error=Calificación no encontrada
2026-05-26 03:48:19 [http-nio-8080-exec-10] ERROR c.t.b.report.service.ReportService - Error fetching report for sessionId=17 specialistId=17
java.util.NoSuchElementException: Reporte no encontrado
	at com.takecare.backend.report.service.ReportService.lambda$4(ReportService.java:240)
	at java.base/java.util.Optional.orElseThrow(Optional.java:403)
	at com.takecare.backend.report.service.ReportService.getReportBySession(ReportService.java:240)
	at java.base/jdk.internal.reflect.NativeMethodAccessorImpl.invoke0(Native Method)
	at java.base/jdk.internal.reflect.NativeMethodAccessorImpl.invoke(NativeMethodAccessorImpl.java:77)
	at java.base/jdk.internal.reflect.DelegatingMethodAccessorImpl.invoke(DelegatingMethodAccessorImpl.java:43)
	at java.base/java.lang.reflect.Method.invoke(Method.java:569)
	at org.springframework.aop.support.AopUtils.invokeJoinpointUsingReflection(AopUtils.java:360)
	at org.springframework.aop.framework.ReflectiveMethodInvocation.invokeJoinpoint(ReflectiveMethodInvocation.java:196)
	at org.springframework.aop.framework.ReflectiveMethodInvocation.proceed(ReflectiveMethodInvocation.java:163)
	at org.springframework.transaction.interceptor.TransactionAspectSupport.invokeWithinTransaction(TransactionAspectSupport.java:380)
	at org.springframework.transaction.interceptor.TransactionInterceptor.invoke(TransactionInterceptor.java:119)
	at org.springframework.aop.framework.ReflectiveMethodInvocation.proceed(ReflectiveMethodInvocation.java:184)
	at org.springframework.aop.framework.CglibAopProxy$DynamicAdvisedInterceptor.intercept(CglibAopProxy.java:728)
	at com.takecare.backend.report.service.ReportService$$SpringCGLIB$$0.getReportBySession(<generated>)
	at com.takecare.backend.report.controller.ReportController.getReportBySession(ReportController.java:131)
	at java.base/jdk.internal.reflect.NativeMethodAccessorImpl.invoke0(Native Method)
	at java.base/jdk.internal.reflect.NativeMethodAccessorImpl.invoke(NativeMethodAccessorImpl.java:77)
	at java.base/jdk.internal.reflect.DelegatingMethodAccessorImpl.invoke(DelegatingMethodAccessorImpl.java:43)
	at java.base/java.lang.reflect.Method.invoke(Method.java:569)
	at org.springframework.web.method.support.InvocableHandlerMethod.doInvoke(InvocableHandlerMethod.java:258)
	at org.springframework.web.method.support.InvocableHandlerMethod.invokeForRequest(InvocableHandlerMethod.java:191)
	at org.springframework.web.servlet.mvc.method.annotation.ServletInvocableHandlerMethod.invokeAndHandle(ServletInvocableHandlerMethod.java:118)
	at org.springframework.web.servlet.mvc.method.annotation.RequestMappingHandlerAdapter.invokeHandlerMethod(RequestMappingHandlerAdapter.java:991)
	at org.springframework.web.servlet.mvc.method.annotation.RequestMappingHandlerAdapter.handleInternal(RequestMappingHandlerAdapter.java:896)
	at org.springframework.web.servlet.mvc.method.AbstractHandlerMethodAdapter.handle(AbstractHandlerMethodAdapter.java:87)
	at org.springframework.web.servlet.DispatcherServlet.doDispatch(DispatcherServlet.java:1089)
	at org.springframework.web.servlet.DispatcherServlet.doService(DispatcherServlet.java:979)
	at org.springframework.web.servlet.FrameworkServlet.processRequest(FrameworkServlet.java:1014)
	at org.springframework.web.servlet.FrameworkServlet.doGet(FrameworkServlet.java:903)
	at jakarta.servlet.http.HttpServlet.service(HttpServlet.java:564)
	at org.springframework.web.servlet.FrameworkServlet.service(FrameworkServlet.java:885)
	at jakarta.servlet.http.HttpServlet.service(HttpServlet.java:658)
	at org.apache.catalina.core.ApplicationFilterChain.internalDoFilter(ApplicationFilterChain.java:193)
	at org.apache.catalina.core.ApplicationFilterChain.doFilter(ApplicationFilterChain.java:138)
	at org.apache.tomcat.websocket.server.WsFilter.doFilter(WsFilter.java:51)
	at org.apache.catalina.core.ApplicationFilterChain.internalDoFilter(ApplicationFilterChain.java:162)
	at org.apache.catalina.core.ApplicationFilterChain.doFilter(ApplicationFilterChain.java:138)
	at org.springframework.web.filter.CompositeFilter$VirtualFilterChain.doFilter(CompositeFilter.java:108)
	at org.springframework.web.filter.CompositeFilter$VirtualFilterChain.doFilter(CompositeFilter.java:108)
	at org.springframework.security.web.FilterChainProxy.lambda$doFilterInternal$3(FilterChainProxy.java:231)
	at org.springframework.security.web.FilterChainProxy$VirtualFilterChain.doFilter(FilterChainProxy.java:365)
	at org.springframework.security.web.access.intercept.AuthorizationFilter.doFilter(AuthorizationFilter.java:101)
	at org.springframework.security.web.FilterChainProxy$VirtualFilterChain.doFilter(FilterChainProxy.java:374)
	at org.springframework.security.web.access.ExceptionTranslationFilter.doFilter(ExceptionTranslationFilter.java:125)
	at org.springframework.security.web.access.ExceptionTranslationFilter.doFilter(ExceptionTranslationFilter.java:119)
	at org.springframework.security.web.FilterChainProxy$VirtualFilterChain.doFilter(FilterChainProxy.java:374)
	at org.springframework.security.web.authentication.AnonymousAuthenticationFilter.doFilter(AnonymousAuthenticationFilter.java:100)
	at org.springframework.security.web.FilterChainProxy$VirtualFilterChain.doFilter(FilterChainProxy.java:374)
	at org.springframework.security.web.servletapi.SecurityContextHolderAwareRequestFilter.doFilter(SecurityContextHolderAwareRequestFilter.java:179)
	at org.springframework.security.web.FilterChainProxy$VirtualFilterChain.doFilter(FilterChainProxy.java:374)
	at org.springframework.security.web.savedrequest.RequestCacheAwareFilter.doFilter(RequestCacheAwareFilter.java:63)
	at org.springframework.security.web.FilterChainProxy$VirtualFilterChain.doFilter(FilterChainProxy.java:374)
	at org.springframework.security.web.authentication.logout.LogoutFilter.doFilter(LogoutFilter.java:107)
	at org.springframework.security.web.authentication.logout.LogoutFilter.doFilter(LogoutFilter.java:93)
	at org.springframework.security.web.FilterChainProxy$VirtualFilterChain.doFilter(FilterChainProxy.java:374)
	at org.springframework.web.filter.CorsFilter.doFilterInternal(CorsFilter.java:91)
	at org.springframework.web.filter.OncePerRequestFilter.doFilter(OncePerRequestFilter.java:116)
	at org.springframework.security.web.FilterChainProxy$VirtualFilterChain.doFilter(FilterChainProxy.java:374)
	at org.springframework.security.web.header.HeaderWriterFilter.doHeadersAfter(HeaderWriterFilter.java:90)
	at org.springframework.security.web.header.HeaderWriterFilter.doFilterInternal(HeaderWriterFilter.java:75)
	at org.springframework.web.filter.OncePerRequestFilter.doFilter(OncePerRequestFilter.java:116)
	at org.springframework.security.web.FilterChainProxy$VirtualFilterChain.doFilter(FilterChainProxy.java:374)
	at org.springframework.security.web.context.SecurityContextHolderFilter.doFilter(SecurityContextHolderFilter.java:82)
	at org.springframework.security.web.context.SecurityContextHolderFilter.doFilter(SecurityContextHolderFilter.java:69)
	at org.springframework.security.web.FilterChainProxy$VirtualFilterChain.doFilter(FilterChainProxy.java:374)
	at org.springframework.security.web.context.request.async.WebAsyncManagerIntegrationFilter.doFilterInternal(WebAsyncManagerIntegrationFilter.java:62)
	at org.springframework.web.filter.OncePerRequestFilter.doFilter(OncePerRequestFilter.java:116)
	at org.springframework.security.web.FilterChainProxy$VirtualFilterChain.doFilter(FilterChainProxy.java:374)
	at org.springframework.security.web.session.DisableEncodeUrlFilter.doFilterInternal(DisableEncodeUrlFilter.java:42)
	at org.springframework.web.filter.OncePerRequestFilter.doFilter(OncePerRequestFilter.java:116)
	at org.springframework.security.web.FilterChainProxy$VirtualFilterChain.doFilter(FilterChainProxy.java:374)
	at org.springframework.security.web.FilterChainProxy.doFilterInternal(FilterChainProxy.java:233)
	at org.springframework.security.web.FilterChainProxy.doFilter(FilterChainProxy.java:191)
	at org.springframework.web.filter.CompositeFilter$VirtualFilterChain.doFilter(CompositeFilter.java:113)
	at org.springframework.web.filter.ServletRequestPathFilter.doFilter(ServletRequestPathFilter.java:52)
	at org.springframework.web.filter.CompositeFilter$VirtualFilterChain.doFilter(CompositeFilter.java:113)
	at org.springframework.web.filter.CompositeFilter.doFilter(CompositeFilter.java:74)
	at org.springframework.security.config.annotation.web.configuration.WebSecurityConfiguration$CompositeFilterChainProxy.doFilter(WebSecurityConfiguration.java:319)
	at org.springframework.web.filter.CompositeFilter$VirtualFilterChain.doFilter(CompositeFilter.java:113)
	at org.springframework.web.servlet.handler.HandlerMappingIntrospector.lambda$createCacheFilter$4(HandlerMappingIntrospector.java:267)
	at org.springframework.web.filter.CompositeFilter$VirtualFilterChain.doFilter(CompositeFilter.java:113)
	at org.springframework.web.filter.CompositeFilter.doFilter(CompositeFilter.java:74)
	at org.springframework.security.config.annotation.web.configuration.WebMvcSecurityConfiguration$CompositeFilterChainProxy.doFilter(WebMvcSecurityConfiguration.java:240)
	at org.springframework.web.filter.DelegatingFilterProxy.invokeDelegate(DelegatingFilterProxy.java:362)
	at org.springframework.web.filter.DelegatingFilterProxy.doFilter(DelegatingFilterProxy.java:278)
	at org.apache.catalina.core.ApplicationFilterChain.internalDoFilter(ApplicationFilterChain.java:162)
	at org.apache.catalina.core.ApplicationFilterChain.doFilter(ApplicationFilterChain.java:138)
	at org.springframework.web.filter.RequestContextFilter.doFilterInternal(RequestContextFilter.java:100)
	at org.springframework.web.filter.OncePerRequestFilter.doFilter(OncePerRequestFilter.java:116)
	at org.apache.catalina.core.ApplicationFilterChain.internalDoFilter(ApplicationFilterChain.java:162)
	at org.apache.catalina.core.ApplicationFilterChain.doFilter(ApplicationFilterChain.java:138)
	at org.springframework.web.filter.FormContentFilter.doFilterInternal(FormContentFilter.java:93)
	at org.springframework.web.filter.OncePerRequestFilter.doFilter(OncePerRequestFilter.java:116)
	at org.apache.catalina.core.ApplicationFilterChain.internalDoFilter(ApplicationFilterChain.java:162)
	at org.apache.catalina.core.ApplicationFilterChain.doFilter(ApplicationFilterChain.java:138)
	at org.springframework.web.filter.CharacterEncodingFilter.doFilterInternal(CharacterEncodingFilter.java:201)
	at org.springframework.web.filter.OncePerRequestFilter.doFilter(OncePerRequestFilter.java:116)
	at org.apache.catalina.core.ApplicationFilterChain.internalDoFilter(ApplicationFilterChain.java:162)
	at org.apache.catalina.core.ApplicationFilterChain.doFilter(ApplicationFilterChain.java:138)
	at org.apache.catalina.core.StandardWrapperValve.invoke(StandardWrapperValve.java:165)
	at org.apache.catalina.core.StandardContextValve.invoke(StandardContextValve.java:88)
	at org.apache.catalina.authenticator.AuthenticatorBase.invoke(AuthenticatorBase.java:492)
	at org.apache.catalina.core.StandardHostValve.invoke(StandardHostValve.java:113)
	at org.apache.catalina.valves.ErrorReportValve.invoke(ErrorReportValve.java:83)
	at org.apache.catalina.core.StandardEngineValve.invoke(StandardEngineValve.java:72)
	at org.apache.catalina.connector.CoyoteAdapter.service(CoyoteAdapter.java:342)
	at org.apache.coyote.http11.Http11Processor.service(Http11Processor.java:399)
	at org.apache.coyote.AbstractProcessorLight.process(AbstractProcessorLight.java:63)
	at org.apache.coyote.AbstractProtocol$ConnectionHandler.process(AbstractProtocol.java:903)
	at org.apache.tomcat.util.net.NioEndpoint$SocketProcessor.doRun(NioEndpoint.java:1775)
	at org.apache.tomcat.util.net.SocketProcessorBase.run(SocketProcessorBase.java:52)
	at org.apache.tomcat.util.threads.ThreadPoolExecutor.runWorker(ThreadPoolExecutor.java:973)
	at org.apache.tomcat.util.threads.ThreadPoolExecutor$Worker.run(ThreadPoolExecutor.java:491)
	at org.apache.tomcat.util.threads.TaskThread$WrappingRunnable.run(TaskThread.java:63)
	at java.base/java.lang.Thread.run(Thread.java:840)
2026-05-26 03:48:20 [http-nio-8080-exec-9] WARN  c.t.b.r.controller.ReportController - GET /reports/session/specialist - not found: Reporte no encontrado
2026-05-26 03:48:20 [http-nio-8080-exec-9] DEBUG o.s.w.s.m.m.a.HttpEntityMethodProcessor - Using 'application/json', given [application/json, text/plain, */*] and supported [application/json, application/*+json, application/yaml]
2026-05-26 03:48:20 [http-nio-8080-exec-9] DEBUG o.s.w.s.m.m.a.HttpEntityMethodProcessor - Writing [{message=Reporte no encontrado}]
2026-05-26 03:48:20 [http-nio-8080-exec-9] DEBUG o.s.web.servlet.DispatcherServlet - Completed 404 NOT_FOUND
2026-05-26 03:48:20 [http-nio-8080-exec-8] WARN  c.t.b.r.controller.ReportController - GET /reports/session/specialist - not found: Reporte no encontrado
2026-05-26 03:48:20 [http-nio-8080-exec-8] DEBUG o.s.w.s.m.m.a.HttpEntityMethodProcessor - Using 'application/json', given [application/json, text/plain, */*] and supported [application/json, application/*+json, application/yaml]
2026-05-26 03:48:20 [http-nio-8080-exec-8] DEBUG o.s.w.s.m.m.a.HttpEntityMethodProcessor - Writing [{message=Reporte no encontrado}]
2026-05-26 03:48:20 [http-nio-8080-exec-8] DEBUG o.s.web.servlet.DispatcherServlet - Completed 404 NOT_FOUND
2026-05-26 03:48:20 [http-nio-8080-exec-10] WARN  c.t.b.r.controller.ReportController - GET /reports/session/specialist - not found: Reporte no encontrado
2026-05-26 03:48:20 [http-nio-8080-exec-6] WARN  c.t.b.c.c.CalificationController - GET patient rating - not found: Calificación no encontrada
2026-05-26 03:48:20 [http-nio-8080-exec-6] DEBUG o.s.w.s.m.m.a.HttpEntityMethodProcessor - Using 'application/json', given [application/json, text/plain, */*] and supported [application/json, application/*+json, application/yaml]
2026-05-26 03:48:20 [http-nio-8080-exec-10] DEBUG o.s.w.s.m.m.a.HttpEntityMethodProcessor - Using 'application/json', given [application/json, text/plain, */*] and supported [application/json, application/*+json, application/yaml]
2026-05-26 03:48:20 [http-nio-8080-exec-6] DEBUG o.s.w.s.m.m.a.HttpEntityMethodProcessor - Writing [{message=Calificación no encontrada}]
2026-05-26 03:48:20 [http-nio-8080-exec-10] DEBUG o.s.w.s.m.m.a.HttpEntityMethodProcessor - Writing [{message=Reporte no encontrado}]
2026-05-26 03:48:20 [http-nio-8080-exec-10] DEBUG o.s.web.servlet.DispatcherServlet - Completed 404 NOT_FOUND
2026-05-26 03:48:20 [http-nio-8080-exec-6] DEBUG o.s.web.servlet.DispatcherServlet - Completed 404 NOT_FOUND
2026-05-26 03:48:20 [http-nio-8080-exec-1] WARN  c.t.b.r.controller.ReportController - GET /reports/session/specialist - not found: Reporte no encontrado
2026-05-26 03:48:20 [http-nio-8080-exec-2] WARN  c.t.b.c.c.CalificationController - GET patient rating - not found: Calificación no encontrada
2026-05-26 03:48:20 [http-nio-8080-exec-1] DEBUG o.s.w.s.m.m.a.HttpEntityMethodProcessor - Using 'application/json', given [application/json, text/plain, */*] and supported [application/json, application/*+json, application/yaml]
2026-05-26 03:48:20 [http-nio-8080-exec-2] DEBUG o.s.w.s.m.m.a.HttpEntityMethodProcessor - Using 'application/json', given [application/json, text/plain, */*] and supported [application/json, application/*+json, application/yaml]
2026-05-26 03:48:20 [http-nio-8080-exec-1] DEBUG o.s.w.s.m.m.a.HttpEntityMethodProcessor - Writing [{message=Reporte no encontrado}]
2026-05-26 03:48:20 [http-nio-8080-exec-2] DEBUG o.s.w.s.m.m.a.HttpEntityMethodProcessor - Writing [{message=Calificación no encontrada}]
2026-05-26 03:48:20 [http-nio-8080-exec-2] DEBUG o.s.web.servlet.DispatcherServlet - Completed 404 NOT_FOUND
2026-05-26 03:48:20 [http-nio-8080-exec-1] DEBUG o.s.web.servlet.DispatcherServlet - Completed 404 NOT_FOUND
2026-05-26 03:51:34 [MessageBroker-2] INFO  o.s.w.s.c.WebSocketMessageBrokerStats - WebSocketSession[0 current WS(0)-HttpStream(0)-HttpPoll(0), 0 total, 0 closed abnormally (0 connect failure, 0 send limit, 0 transport error)], stompSubProtocol[processed CONNECT(0)-CONNECTED(0)-DISCONNECT(0)], stompBrokerRelay[null], inboundChannel[pool size = 0, active threads = 0, queued tasks = 0, completed tasks = 0], outboundChannel[pool size = 0, active threads = 0, queued tasks = 0, completed tasks = 0], sockJsScheduler[pool size = 16, active threads = 1, queued tasks = 1, completed tasks = 14]
2026-05-26 03:53:28 [http-nio-8080-exec-10] DEBUG o.s.web.servlet.DispatcherServlet - GET "/api/v1/notifications/specialist/17/unread-count", parameters={}
2026-05-26 03:53:28 [http-nio-8080-exec-10] DEBUG o.s.w.s.m.m.a.RequestMappingHandlerMapping - Mapped to com.takecare.backend.notification.controller.NotificationController#unreadCount(Integer)
2026-05-26 03:53:28 [http-nio-8080-exec-10] INFO  c.t.b.n.c.NotificationController - GET /api/v1/notifications/specialist/17/unread-count
2026-05-26 03:53:28 [http-nio-8080-exec-6] DEBUG o.s.web.servlet.DispatcherServlet - GET "/api/v1/sessions/specialist/17", parameters={}
2026-05-26 03:53:28 [http-nio-8080-exec-6] DEBUG o.s.w.s.m.m.a.RequestMappingHandlerMapping - Mapped to com.takecare.backend.session.controller.SessionController#listBySpecialist(Integer)
2026-05-26 03:53:28 [http-nio-8080-exec-6] INFO  c.t.b.s.controller.SessionController - GET sessions by specialistId=17
2026-05-26 03:53:31 [http-nio-8080-exec-10] DEBUG o.s.w.s.m.m.a.HttpEntityMethodProcessor - Using 'application/json', given [application/json, text/plain, */*] and supported [application/json, application/*+json, application/yaml]
2026-05-26 03:53:31 [http-nio-8080-exec-6] DEBUG o.s.w.s.m.m.a.HttpEntityMethodProcessor - Using 'application/json', given [application/json, text/plain, */*] and supported [application/json, application/*+json, application/yaml]
2026-05-26 03:53:31 [http-nio-8080-exec-10] DEBUG o.s.w.s.m.m.a.HttpEntityMethodProcessor - Writing [com.takecare.backend.notification.dto.UnreadNotificationCountDto@24bf6bd0]
2026-05-26 03:53:31 [http-nio-8080-exec-6] DEBUG o.s.w.s.m.m.a.HttpEntityMethodProcessor - Writing [[com.takecare.backend.session.dto.SessionResponseDTO@66e9cd8e, com.takecare.backend.session.dto.Sess (truncated)...]
2026-05-26 03:53:31 [http-nio-8080-exec-6] DEBUG o.s.web.servlet.DispatcherServlet - Completed 200 OK
2026-05-26 03:53:31 [http-nio-8080-exec-10] DEBUG o.s.web.servlet.DispatcherServlet - Completed 200 OK
2026-05-26 03:53:31 [http-nio-8080-exec-1] DEBUG o.s.web.servlet.DispatcherServlet - GET "/api/v1/sessions/16/patient-ratings", parameters={}
2026-05-26 03:53:31 [http-nio-8080-exec-2] DEBUG o.s.web.servlet.DispatcherServlet - GET "/api/v1/sessions/17/patient-ratings", parameters={}
2026-05-26 03:53:31 [http-nio-8080-exec-1] DEBUG o.s.w.s.m.m.a.RequestMappingHandlerMapping - Mapped to com.takecare.backend.calification.controller.CalificationController#getPatientRating(Integer)
2026-05-26 03:53:31 [http-nio-8080-exec-2] DEBUG o.s.w.s.m.m.a.RequestMappingHandlerMapping - Mapped to com.takecare.backend.calification.controller.CalificationController#getPatientRating(Integer)
2026-05-26 03:53:31 [http-nio-8080-exec-1] INFO  c.t.b.c.c.CalificationController - GET /api/v1/sessions/16/patient-ratings
2026-05-26 03:53:31 [http-nio-8080-exec-2] INFO  c.t.b.c.c.CalificationController - GET /api/v1/sessions/17/patient-ratings
2026-05-26 03:53:31 [http-nio-8080-exec-5] DEBUG o.s.web.servlet.DispatcherServlet - GET "/api/v1/reports/session/18/specialist/17", parameters={}
2026-05-26 03:53:31 [http-nio-8080-exec-5] DEBUG o.s.w.s.m.m.a.RequestMappingHandlerMapping - Mapped to com.takecare.backend.report.controller.ReportController#getReportBySession(Integer, Integer)
2026-05-26 03:53:31 [http-nio-8080-exec-7] DEBUG o.s.web.servlet.DispatcherServlet - GET "/api/v1/reports/session/17/specialist/17", parameters={}
2026-05-26 03:53:31 [http-nio-8080-exec-5] INFO  c.t.b.r.controller.ReportController - GET /reports/session/18/specialist/17
2026-05-26 03:53:31 [http-nio-8080-exec-7] DEBUG o.s.w.s.m.m.a.RequestMappingHandlerMapping - Mapped to com.takecare.backend.report.controller.ReportController#getReportBySession(Integer, Integer)
2026-05-26 03:53:31 [http-nio-8080-exec-7] INFO  c.t.b.r.controller.ReportController - GET /reports/session/17/specialist/17
2026-05-26 03:53:31 [http-nio-8080-exec-9] DEBUG o.s.web.servlet.DispatcherServlet - GET "/api/v1/reports/session/16/specialist/17", parameters={}
2026-05-26 03:53:31 [http-nio-8080-exec-9] DEBUG o.s.w.s.m.m.a.RequestMappingHandlerMapping - Mapped to com.takecare.backend.report.controller.ReportController#getReportBySession(Integer, Integer)
2026-05-26 03:53:31 [http-nio-8080-exec-9] INFO  c.t.b.r.controller.ReportController - GET /reports/session/16/specialist/17
2026-05-26 03:53:31 [http-nio-8080-exec-4] DEBUG o.s.web.servlet.DispatcherServlet - GET "/api/v1/reports/session/15/specialist/17", parameters={}
2026-05-26 03:53:31 [http-nio-8080-exec-4] DEBUG o.s.w.s.m.m.a.RequestMappingHandlerMapping - Mapped to com.takecare.backend.report.controller.ReportController#getReportBySession(Integer, Integer)
2026-05-26 03:53:31 [http-nio-8080-exec-4] INFO  c.t.b.r.controller.ReportController - GET /reports/session/15/specialist/17
2026-05-26 03:53:32 [http-nio-8080-exec-1] INFO  c.t.b.c.service.CalificationService - Get specialist rating. sessionId=16, specialistId=17, patientId=13
2026-05-26 03:53:32 [http-nio-8080-exec-2] INFO  c.t.b.c.service.CalificationService - Get specialist rating. sessionId=17, specialistId=17, patientId=13
2026-05-26 03:53:32 [http-nio-8080-exec-1] WARN  c.t.b.c.service.CalificationService - Get specialist rating failed. sessionId=16, error=Calificación no encontrada
2026-05-26 03:53:32 [http-nio-8080-exec-2] WARN  c.t.b.c.service.CalificationService - Get specialist rating failed. sessionId=17, error=Calificación no encontrada
2026-05-26 03:53:33 [http-nio-8080-exec-5] ERROR c.t.b.report.service.ReportService - Error fetching report for sessionId=18 specialistId=17
java.util.NoSuchElementException: Reporte no encontrado
	at com.takecare.backend.report.service.ReportService.lambda$4(ReportService.java:240)
	at java.base/java.util.Optional.orElseThrow(Optional.java:403)
	at com.takecare.backend.report.service.ReportService.getReportBySession(ReportService.java:240)
	at java.base/jdk.internal.reflect.NativeMethodAccessorImpl.invoke0(Native Method)
	at java.base/jdk.internal.reflect.NativeMethodAccessorImpl.invoke(NativeMethodAccessorImpl.java:77)
	at java.base/jdk.internal.reflect.DelegatingMethodAccessorImpl.invoke(DelegatingMethodAccessorImpl.java:43)
	at java.base/java.lang.reflect.Method.invoke(Method.java:569)
	at org.springframework.aop.support.AopUtils.invokeJoinpointUsingReflection(AopUtils.java:360)
	at org.springframework.aop.framework.ReflectiveMethodInvocation.invokeJoinpoint(ReflectiveMethodInvocation.java:196)
	at org.springframework.aop.framework.ReflectiveMethodInvocation.proceed(ReflectiveMethodInvocation.java:163)
	at org.springframework.transaction.interceptor.TransactionAspectSupport.invokeWithinTransaction(TransactionAspectSupport.java:380)
	at org.springframework.transaction.interceptor.TransactionInterceptor.invoke(TransactionInterceptor.java:119)
	at org.springframework.aop.framework.ReflectiveMethodInvocation.proceed(ReflectiveMethodInvocation.java:184)
	at org.springframework.aop.framework.CglibAopProxy$DynamicAdvisedInterceptor.intercept(CglibAopProxy.java:728)
	at com.takecare.backend.report.service.ReportService$$SpringCGLIB$$0.getReportBySession(<generated>)
	at com.takecare.backend.report.controller.ReportController.getReportBySession(ReportController.java:131)
	at java.base/jdk.internal.reflect.NativeMethodAccessorImpl.invoke0(Native Method)
	at java.base/jdk.internal.reflect.NativeMethodAccessorImpl.invoke(NativeMethodAccessorImpl.java:77)
	at java.base/jdk.internal.reflect.DelegatingMethodAccessorImpl.invoke(DelegatingMethodAccessorImpl.java:43)
	at java.base/java.lang.reflect.Method.invoke(Method.java:569)
	at org.springframework.web.method.support.InvocableHandlerMethod.doInvoke(InvocableHandlerMethod.java:258)
	at org.springframework.web.method.support.InvocableHandlerMethod.invokeForRequest(InvocableHandlerMethod.java:191)
	at org.springframework.web.servlet.mvc.method.annotation.ServletInvocableHandlerMethod.invokeAndHandle(ServletInvocableHandlerMethod.java:118)
	at org.springframework.web.servlet.mvc.method.annotation.RequestMappingHandlerAdapter.invokeHandlerMethod(RequestMappingHandlerAdapter.java:991)
	at org.springframework.web.servlet.mvc.method.annotation.RequestMappingHandlerAdapter.handleInternal(RequestMappingHandlerAdapter.java:896)
	at org.springframework.web.servlet.mvc.method.AbstractHandlerMethodAdapter.handle(AbstractHandlerMethodAdapter.java:87)
	at org.springframework.web.servlet.DispatcherServlet.doDispatch(DispatcherServlet.java:1089)
	at org.springframework.web.servlet.DispatcherServlet.doService(DispatcherServlet.java:979)
	at org.springframework.web.servlet.FrameworkServlet.processRequest(FrameworkServlet.java:1014)
	at org.springframework.web.servlet.FrameworkServlet.doGet(FrameworkServlet.java:903)
	at jakarta.servlet.http.HttpServlet.service(HttpServlet.java:564)
	at org.springframework.web.servlet.FrameworkServlet.service(FrameworkServlet.java:885)
	at jakarta.servlet.http.HttpServlet.service(HttpServlet.java:658)
	at org.apache.catalina.core.ApplicationFilterChain.internalDoFilter(ApplicationFilterChain.java:193)
	at org.apache.catalina.core.ApplicationFilterChain.doFilter(ApplicationFilterChain.java:138)
	at org.apache.tomcat.websocket.server.WsFilter.doFilter(WsFilter.java:51)
	at org.apache.catalina.core.ApplicationFilterChain.internalDoFilter(ApplicationFilterChain.java:162)
	at org.apache.catalina.core.ApplicationFilterChain.doFilter(ApplicationFilterChain.java:138)
	at org.springframework.web.filter.CompositeFilter$VirtualFilterChain.doFilter(CompositeFilter.java:108)
	at org.springframework.web.filter.CompositeFilter$VirtualFilterChain.doFilter(CompositeFilter.java:108)
	at org.springframework.security.web.FilterChainProxy.lambda$doFilterInternal$3(FilterChainProxy.java:231)
	at org.springframework.security.web.FilterChainProxy$VirtualFilterChain.doFilter(FilterChainProxy.java:365)
	at org.springframework.security.web.access.intercept.AuthorizationFilter.doFilter(AuthorizationFilter.java:101)
	at org.springframework.security.web.FilterChainProxy$VirtualFilterChain.doFilter(FilterChainProxy.java:374)
	at org.springframework.security.web.access.ExceptionTranslationFilter.doFilter(ExceptionTranslationFilter.java:125)
	at org.springframework.security.web.access.ExceptionTranslationFilter.doFilter(ExceptionTranslationFilter.java:119)
	at org.springframework.security.web.FilterChainProxy$VirtualFilterChain.doFilter(FilterChainProxy.java:374)
	at org.springframework.security.web.authentication.AnonymousAuthenticationFilter.doFilter(AnonymousAuthenticationFilter.java:100)
	at org.springframework.security.web.FilterChainProxy$VirtualFilterChain.doFilter(FilterChainProxy.java:374)
	at org.springframework.security.web.servletapi.SecurityContextHolderAwareRequestFilter.doFilter(SecurityContextHolderAwareRequestFilter.java:179)
	at org.springframework.security.web.FilterChainProxy$VirtualFilterChain.doFilter(FilterChainProxy.java:374)
	at org.springframework.security.web.savedrequest.RequestCacheAwareFilter.doFilter(RequestCacheAwareFilter.java:63)
	at org.springframework.security.web.FilterChainProxy$VirtualFilterChain.doFilter(FilterChainProxy.java:374)
	at org.springframework.security.web.authentication.logout.LogoutFilter.doFilter(LogoutFilter.java:107)
	at org.springframework.security.web.authentication.logout.LogoutFilter.doFilter(LogoutFilter.java:93)
	at org.springframework.security.web.FilterChainProxy$VirtualFilterChain.doFilter(FilterChainProxy.java:374)
	at org.springframework.web.filter.CorsFilter.doFilterInternal(CorsFilter.java:91)
	at org.springframework.web.filter.OncePerRequestFilter.doFilter(OncePerRequestFilter.java:116)
	at org.springframework.security.web.FilterChainProxy$VirtualFilterChain.doFilter(FilterChainProxy.java:374)
	at org.springframework.security.web.header.HeaderWriterFilter.doHeadersAfter(HeaderWriterFilter.java:90)
	at org.springframework.security.web.header.HeaderWriterFilter.doFilterInternal(HeaderWriterFilter.java:75)
	at org.springframework.web.filter.OncePerRequestFilter.doFilter(OncePerRequestFilter.java:116)
	at org.springframework.security.web.FilterChainProxy$VirtualFilterChain.doFilter(FilterChainProxy.java:374)
	at org.springframework.security.web.context.SecurityContextHolderFilter.doFilter(SecurityContextHolderFilter.java:82)
	at org.springframework.security.web.context.SecurityContextHolderFilter.doFilter(SecurityContextHolderFilter.java:69)
	at org.springframework.security.web.FilterChainProxy$VirtualFilterChain.doFilter(FilterChainProxy.java:374)
	at org.springframework.security.web.context.request.async.WebAsyncManagerIntegrationFilter.doFilterInternal(WebAsyncManagerIntegrationFilter.java:62)
	at org.springframework.web.filter.OncePerRequestFilter.doFilter(OncePerRequestFilter.java:116)
	at org.springframework.security.web.FilterChainProxy$VirtualFilterChain.doFilter(FilterChainProxy.java:374)
	at org.springframework.security.web.session.DisableEncodeUrlFilter.doFilterInternal(DisableEncodeUrlFilter.java:42)
	at org.springframework.web.filter.OncePerRequestFilter.doFilter(OncePerRequestFilter.java:116)
	at org.springframework.security.web.FilterChainProxy$VirtualFilterChain.doFilter(FilterChainProxy.java:374)
	at org.springframework.security.web.FilterChainProxy.doFilterInternal(FilterChainProxy.java:233)
	at org.springframework.security.web.FilterChainProxy.doFilter(FilterChainProxy.java:191)
	at org.springframework.web.filter.CompositeFilter$VirtualFilterChain.doFilter(CompositeFilter.java:113)
	at org.springframework.web.filter.ServletRequestPathFilter.doFilter(ServletRequestPathFilter.java:52)
	at org.springframework.web.filter.CompositeFilter$VirtualFilterChain.doFilter(CompositeFilter.java:113)
	at org.springframework.web.filter.CompositeFilter.doFilter(CompositeFilter.java:74)
	at org.springframework.security.config.annotation.web.configuration.WebSecurityConfiguration$CompositeFilterChainProxy.doFilter(WebSecurityConfiguration.java:319)
	at org.springframework.web.filter.CompositeFilter$VirtualFilterChain.doFilter(CompositeFilter.java:113)
	at org.springframework.web.servlet.handler.HandlerMappingIntrospector.lambda$createCacheFilter$4(HandlerMappingIntrospector.java:267)
	at org.springframework.web.filter.CompositeFilter$VirtualFilterChain.doFilter(CompositeFilter.java:113)
	at org.springframework.web.filter.CompositeFilter.doFilter(CompositeFilter.java:74)
	at org.springframework.security.config.annotation.web.configuration.WebMvcSecurityConfiguration$CompositeFilterChainProxy.doFilter(WebMvcSecurityConfiguration.java:240)
	at org.springframework.web.filter.DelegatingFilterProxy.invokeDelegate(DelegatingFilterProxy.java:362)
	at org.springframework.web.filter.DelegatingFilterProxy.doFilter(DelegatingFilterProxy.java:278)
	at org.apache.catalina.core.ApplicationFilterChain.internalDoFilter(ApplicationFilterChain.java:162)
	at org.apache.catalina.core.ApplicationFilterChain.doFilter(ApplicationFilterChain.java:138)
	at org.springframework.web.filter.RequestContextFilter.doFilterInternal(RequestContextFilter.java:100)
	at org.springframework.web.filter.OncePerRequestFilter.doFilter(OncePerRequestFilter.java:116)
	at org.apache.catalina.core.ApplicationFilterChain.internalDoFilter(ApplicationFilterChain.java:162)
	at org.apache.catalina.core.ApplicationFilterChain.doFilter(ApplicationFilterChain.java:138)
	at org.springframework.web.filter.FormContentFilter.doFilterInternal(FormContentFilter.java:93)
	at org.springframework.web.filter.OncePerRequestFilter.doFilter(OncePerRequestFilter.java:116)
	at org.apache.catalina.core.ApplicationFilterChain.internalDoFilter(ApplicationFilterChain.java:162)
	at org.apache.catalina.core.ApplicationFilterChain.doFilter(ApplicationFilterChain.java:138)
	at org.springframework.web.filter.CharacterEncodingFilter.doFilterInternal(CharacterEncodingFilter.java:201)
	at org.springframework.web.filter.OncePerRequestFilter.doFilter(OncePerRequestFilter.java:116)
	at org.apache.catalina.core.ApplicationFilterChain.internalDoFilter(ApplicationFilterChain.java:162)
	at org.apache.catalina.core.ApplicationFilterChain.doFilter(ApplicationFilterChain.java:138)
	at org.apache.catalina.core.StandardWrapperValve.invoke(StandardWrapperValve.java:165)
	at org.apache.catalina.core.StandardContextValve.invoke(StandardContextValve.java:88)
	at org.apache.catalina.authenticator.AuthenticatorBase.invoke(AuthenticatorBase.java:492)
	at org.apache.catalina.core.StandardHostValve.invoke(StandardHostValve.java:113)
	at org.apache.catalina.valves.ErrorReportValve.invoke(ErrorReportValve.java:83)
	at org.apache.catalina.core.StandardEngineValve.invoke(StandardEngineValve.java:72)
	at org.apache.catalina.connector.CoyoteAdapter.service(CoyoteAdapter.java:342)
	at org.apache.coyote.http11.Http11Processor.service(Http11Processor.java:399)
	at org.apache.coyote.AbstractProcessorLight.process(AbstractProcessorLight.java:63)
	at org.apache.coyote.AbstractProtocol$ConnectionHandler.process(AbstractProtocol.java:903)
	at org.apache.tomcat.util.net.NioEndpoint$SocketProcessor.doRun(NioEndpoint.java:1775)
	at org.apache.tomcat.util.net.SocketProcessorBase.run(SocketProcessorBase.java:52)
	at org.apache.tomcat.util.threads.ThreadPoolExecutor.runWorker(ThreadPoolExecutor.java:973)
	at org.apache.tomcat.util.threads.ThreadPoolExecutor$Worker.run(ThreadPoolExecutor.java:491)
	at org.apache.tomcat.util.threads.TaskThread$WrappingRunnable.run(TaskThread.java:63)
	at java.base/java.lang.Thread.run(Thread.java:840)
2026-05-26 03:53:33 [http-nio-8080-exec-9] ERROR c.t.b.report.service.ReportService - Error fetching report for sessionId=16 specialistId=17
java.util.NoSuchElementException: Reporte no encontrado
	at com.takecare.backend.report.service.ReportService.lambda$4(ReportService.java:240)
	at java.base/java.util.Optional.orElseThrow(Optional.java:403)
	at com.takecare.backend.report.service.ReportService.getReportBySession(ReportService.java:240)
	at java.base/jdk.internal.reflect.NativeMethodAccessorImpl.invoke0(Native Method)
	at java.base/jdk.internal.reflect.NativeMethodAccessorImpl.invoke(NativeMethodAccessorImpl.java:77)
	at java.base/jdk.internal.reflect.DelegatingMethodAccessorImpl.invoke(DelegatingMethodAccessorImpl.java:43)
	at java.base/java.lang.reflect.Method.invoke(Method.java:569)
	at org.springframework.aop.support.AopUtils.invokeJoinpointUsingReflection(AopUtils.java:360)
	at org.springframework.aop.framework.ReflectiveMethodInvocation.invokeJoinpoint(ReflectiveMethodInvocation.java:196)
	at org.springframework.aop.framework.ReflectiveMethodInvocation.proceed(ReflectiveMethodInvocation.java:163)
	at org.springframework.transaction.interceptor.TransactionAspectSupport.invokeWithinTransaction(TransactionAspectSupport.java:380)
	at org.springframework.transaction.interceptor.TransactionInterceptor.invoke(TransactionInterceptor.java:119)
	at org.springframework.aop.framework.ReflectiveMethodInvocation.proceed(ReflectiveMethodInvocation.java:184)
	at org.springframework.aop.framework.CglibAopProxy$DynamicAdvisedInterceptor.intercept(CglibAopProxy.java:728)
	at com.takecare.backend.report.service.ReportService$$SpringCGLIB$$0.getReportBySession(<generated>)
	at com.takecare.backend.report.controller.ReportController.getReportBySession(ReportController.java:131)
	at java.base/jdk.internal.reflect.NativeMethodAccessorImpl.invoke0(Native Method)
	at java.base/jdk.internal.reflect.NativeMethodAccessorImpl.invoke(NativeMethodAccessorImpl.java:77)
	at java.base/jdk.internal.reflect.DelegatingMethodAccessorImpl.invoke(DelegatingMethodAccessorImpl.java:43)
	at java.base/java.lang.reflect.Method.invoke(Method.java:569)
	at org.springframework.web.method.support.InvocableHandlerMethod.doInvoke(InvocableHandlerMethod.java:258)
	at org.springframework.web.method.support.InvocableHandlerMethod.invokeForRequest(InvocableHandlerMethod.java:191)
	at org.springframework.web.servlet.mvc.method.annotation.ServletInvocableHandlerMethod.invokeAndHandle(ServletInvocableHandlerMethod.java:118)
	at org.springframework.web.servlet.mvc.method.annotation.RequestMappingHandlerAdapter.invokeHandlerMethod(RequestMappingHandlerAdapter.java:991)
	at org.springframework.web.servlet.mvc.method.annotation.RequestMappingHandlerAdapter.handleInternal(RequestMappingHandlerAdapter.java:896)
	at org.springframework.web.servlet.mvc.method.AbstractHandlerMethodAdapter.handle(AbstractHandlerMethodAdapter.java:87)
	at org.springframework.web.servlet.DispatcherServlet.doDispatch(DispatcherServlet.java:1089)
	at org.springframework.web.servlet.DispatcherServlet.doService(DispatcherServlet.java:979)
	at org.springframework.web.servlet.FrameworkServlet.processRequest(FrameworkServlet.java:1014)
	at org.springframework.web.servlet.FrameworkServlet.doGet(FrameworkServlet.java:903)
	at jakarta.servlet.http.HttpServlet.service(HttpServlet.java:564)
	at org.springframework.web.servlet.FrameworkServlet.service(FrameworkServlet.java:885)
	at jakarta.servlet.http.HttpServlet.service(HttpServlet.java:658)
	at org.apache.catalina.core.ApplicationFilterChain.internalDoFilter(ApplicationFilterChain.java:193)
	at org.apache.catalina.core.ApplicationFilterChain.doFilter(ApplicationFilterChain.java:138)
	at org.apache.tomcat.websocket.server.WsFilter.doFilter(WsFilter.java:51)
	at org.apache.catalina.core.ApplicationFilterChain.internalDoFilter(ApplicationFilterChain.java:162)
	at org.apache.catalina.core.ApplicationFilterChain.doFilter(ApplicationFilterChain.java:138)
	at org.springframework.web.filter.CompositeFilter$VirtualFilterChain.doFilter(CompositeFilter.java:108)
	at org.springframework.web.filter.CompositeFilter$VirtualFilterChain.doFilter(CompositeFilter.java:108)
	at org.springframework.security.web.FilterChainProxy.lambda$doFilterInternal$3(FilterChainProxy.java:231)
	at org.springframework.security.web.FilterChainProxy$VirtualFilterChain.doFilter(FilterChainProxy.java:365)
	at org.springframework.security.web.access.intercept.AuthorizationFilter.doFilter(AuthorizationFilter.java:101)
	at org.springframework.security.web.FilterChainProxy$VirtualFilterChain.doFilter(FilterChainProxy.java:374)
	at org.springframework.security.web.access.ExceptionTranslationFilter.doFilter(ExceptionTranslationFilter.java:125)
	at org.springframework.security.web.access.ExceptionTranslationFilter.doFilter(ExceptionTranslationFilter.java:119)
	at org.springframework.security.web.FilterChainProxy$VirtualFilterChain.doFilter(FilterChainProxy.java:374)
	at org.springframework.security.web.authentication.AnonymousAuthenticationFilter.doFilter(AnonymousAuthenticationFilter.java:100)
	at org.springframework.security.web.FilterChainProxy$VirtualFilterChain.doFilter(FilterChainProxy.java:374)
	at org.springframework.security.web.servletapi.SecurityContextHolderAwareRequestFilter.doFilter(SecurityContextHolderAwareRequestFilter.java:179)
	at org.springframework.security.web.FilterChainProxy$VirtualFilterChain.doFilter(FilterChainProxy.java:374)
	at org.springframework.security.web.savedrequest.RequestCacheAwareFilter.doFilter(RequestCacheAwareFilter.java:63)
	at org.springframework.security.web.FilterChainProxy$VirtualFilterChain.doFilter(FilterChainProxy.java:374)
	at org.springframework.security.web.authentication.logout.LogoutFilter.doFilter(LogoutFilter.java:107)
	at org.springframework.security.web.authentication.logout.LogoutFilter.doFilter(LogoutFilter.java:93)
	at org.springframework.security.web.FilterChainProxy$VirtualFilterChain.doFilter(FilterChainProxy.java:374)
	at org.springframework.web.filter.CorsFilter.doFilterInternal(CorsFilter.java:91)
	at org.springframework.web.filter.OncePerRequestFilter.doFilter(OncePerRequestFilter.java:116)
	at org.springframework.security.web.FilterChainProxy$VirtualFilterChain.doFilter(FilterChainProxy.java:374)
	at org.springframework.security.web.header.HeaderWriterFilter.doHeadersAfter(HeaderWriterFilter.java:90)
	at org.springframework.security.web.header.HeaderWriterFilter.doFilterInternal(HeaderWriterFilter.java:75)
	at org.springframework.web.filter.OncePerRequestFilter.doFilter(OncePerRequestFilter.java:116)
	at org.springframework.security.web.FilterChainProxy$VirtualFilterChain.doFilter(FilterChainProxy.java:374)
	at org.springframework.security.web.context.SecurityContextHolderFilter.doFilter(SecurityContextHolderFilter.java:82)
	at org.springframework.security.web.context.SecurityContextHolderFilter.doFilter(SecurityContextHolderFilter.java:69)
	at org.springframework.security.web.FilterChainProxy$VirtualFilterChain.doFilter(FilterChainProxy.java:374)
	at org.springframework.security.web.context.request.async.WebAsyncManagerIntegrationFilter.doFilterInternal(WebAsyncManagerIntegrationFilter.java:62)
	at org.springframework.web.filter.OncePerRequestFilter.doFilter(OncePerRequestFilter.java:116)
	at org.springframework.security.web.FilterChainProxy$VirtualFilterChain.doFilter(FilterChainProxy.java:374)
	at org.springframework.security.web.session.DisableEncodeUrlFilter.doFilterInternal(DisableEncodeUrlFilter.java:42)
	at org.springframework.web.filter.OncePerRequestFilter.doFilter(OncePerRequestFilter.java:116)
	at org.springframework.security.web.FilterChainProxy$VirtualFilterChain.doFilter(FilterChainProxy.java:374)
	at org.springframework.security.web.FilterChainProxy.doFilterInternal(FilterChainProxy.java:233)
	at org.springframework.security.web.FilterChainProxy.doFilter(FilterChainProxy.java:191)
	at org.springframework.web.filter.CompositeFilter$VirtualFilterChain.doFilter(CompositeFilter.java:113)
	at org.springframework.web.filter.ServletRequestPathFilter.doFilter(ServletRequestPathFilter.java:52)
	at org.springframework.web.filter.CompositeFilter$VirtualFilterChain.doFilter(CompositeFilter.java:113)
	at org.springframework.web.filter.CompositeFilter.doFilter(CompositeFilter.java:74)
	at org.springframework.security.config.annotation.web.configuration.WebSecurityConfiguration$CompositeFilterChainProxy.doFilter(WebSecurityConfiguration.java:319)
	at org.springframework.web.filter.CompositeFilter$VirtualFilterChain.doFilter(CompositeFilter.java:113)
	at org.springframework.web.servlet.handler.HandlerMappingIntrospector.lambda$createCacheFilter$4(HandlerMappingIntrospector.java:267)
	at org.springframework.web.filter.CompositeFilter$VirtualFilterChain.doFilter(CompositeFilter.java:113)
	at org.springframework.web.filter.CompositeFilter.doFilter(CompositeFilter.java:74)
	at org.springframework.security.config.annotation.web.configuration.WebMvcSecurityConfiguration$CompositeFilterChainProxy.doFilter(WebMvcSecurityConfiguration.java:240)
	at org.springframework.web.filter.DelegatingFilterProxy.invokeDelegate(DelegatingFilterProxy.java:362)
	at org.springframework.web.filter.DelegatingFilterProxy.doFilter(DelegatingFilterProxy.java:278)
	at org.apache.catalina.core.ApplicationFilterChain.internalDoFilter(ApplicationFilterChain.java:162)
	at org.apache.catalina.core.ApplicationFilterChain.doFilter(ApplicationFilterChain.java:138)
	at org.springframework.web.filter.RequestContextFilter.doFilterInternal(RequestContextFilter.java:100)
	at org.springframework.web.filter.OncePerRequestFilter.doFilter(OncePerRequestFilter.java:116)
	at org.apache.catalina.core.ApplicationFilterChain.internalDoFilter(ApplicationFilterChain.java:162)
	at org.apache.catalina.core.ApplicationFilterChain.doFilter(ApplicationFilterChain.java:138)
	at org.springframework.web.filter.FormContentFilter.doFilterInternal(FormContentFilter.java:93)
	at org.springframework.web.filter.OncePerRequestFilter.doFilter(OncePerRequestFilter.java:116)
	at org.apache.catalina.core.ApplicationFilterChain.internalDoFilter(ApplicationFilterChain.java:162)
	at org.apache.catalina.core.ApplicationFilterChain.doFilter(ApplicationFilterChain.java:138)
	at org.springframework.web.filter.CharacterEncodingFilter.doFilterInternal(CharacterEncodingFilter.java:201)
	at org.springframework.web.filter.OncePerRequestFilter.doFilter(OncePerRequestFilter.java:116)
	at org.apache.catalina.core.ApplicationFilterChain.internalDoFilter(ApplicationFilterChain.java:162)
	at org.apache.catalina.core.ApplicationFilterChain.doFilter(ApplicationFilterChain.java:138)
	at org.apache.catalina.core.StandardWrapperValve.invoke(StandardWrapperValve.java:165)
	at org.apache.catalina.core.StandardContextValve.invoke(StandardContextValve.java:88)
	at org.apache.catalina.authenticator.AuthenticatorBase.invoke(AuthenticatorBase.java:492)
	at org.apache.catalina.core.StandardHostValve.invoke(StandardHostValve.java:113)
	at org.apache.catalina.valves.ErrorReportValve.invoke(ErrorReportValve.java:83)
	at org.apache.catalina.core.StandardEngineValve.invoke(StandardEngineValve.java:72)
	at org.apache.catalina.connector.CoyoteAdapter.service(CoyoteAdapter.java:342)
	at org.apache.coyote.http11.Http11Processor.service(Http11Processor.java:399)
	at org.apache.coyote.AbstractProcessorLight.process(AbstractProcessorLight.java:63)
	at org.apache.coyote.AbstractProtocol$ConnectionHandler.process(AbstractProtocol.java:903)
	at org.apache.tomcat.util.net.NioEndpoint$SocketProcessor.doRun(NioEndpoint.java:1775)
	at org.apache.tomcat.util.net.SocketProcessorBase.run(SocketProcessorBase.java:52)
	at org.apache.tomcat.util.threads.ThreadPoolExecutor.runWorker(ThreadPoolExecutor.java:973)
	at org.apache.tomcat.util.threads.ThreadPoolExecutor$Worker.run(ThreadPoolExecutor.java:491)
	at org.apache.tomcat.util.threads.TaskThread$WrappingRunnable.run(TaskThread.java:63)
	at java.base/java.lang.Thread.run(Thread.java:840)
2026-05-26 03:53:33 [http-nio-8080-exec-4] ERROR c.t.b.report.service.ReportService - Error fetching report for sessionId=15 specialistId=17
java.util.NoSuchElementException: Reporte no encontrado
	at com.takecare.backend.report.service.ReportService.lambda$4(ReportService.java:240)
	at java.base/java.util.Optional.orElseThrow(Optional.java:403)
	at com.takecare.backend.report.service.ReportService.getReportBySession(ReportService.java:240)
	at java.base/jdk.internal.reflect.NativeMethodAccessorImpl.invoke0(Native Method)
	at java.base/jdk.internal.reflect.NativeMethodAccessorImpl.invoke(NativeMethodAccessorImpl.java:77)
	at java.base/jdk.internal.reflect.DelegatingMethodAccessorImpl.invoke(DelegatingMethodAccessorImpl.java:43)
	at java.base/java.lang.reflect.Method.invoke(Method.java:569)
	at org.springframework.aop.support.AopUtils.invokeJoinpointUsingReflection(AopUtils.java:360)
	at org.springframework.aop.framework.ReflectiveMethodInvocation.invokeJoinpoint(ReflectiveMethodInvocation.java:196)
	at org.springframework.aop.framework.ReflectiveMethodInvocation.proceed(ReflectiveMethodInvocation.java:163)
	at org.springframework.transaction.interceptor.TransactionAspectSupport.invokeWithinTransaction(TransactionAspectSupport.java:380)
	at org.springframework.transaction.interceptor.TransactionInterceptor.invoke(TransactionInterceptor.java:119)
	at org.springframework.aop.framework.ReflectiveMethodInvocation.proceed(ReflectiveMethodInvocation.java:184)
	at org.springframework.aop.framework.CglibAopProxy$DynamicAdvisedInterceptor.intercept(CglibAopProxy.java:728)
	at com.takecare.backend.report.service.ReportService$$SpringCGLIB$$0.getReportBySession(<generated>)
	at com.takecare.backend.report.controller.ReportController.getReportBySession(ReportController.java:131)
	at java.base/jdk.internal.reflect.NativeMethodAccessorImpl.invoke0(Native Method)
	at java.base/jdk.internal.reflect.NativeMethodAccessorImpl.invoke(NativeMethodAccessorImpl.java:77)
	at java.base/jdk.internal.reflect.DelegatingMethodAccessorImpl.invoke(DelegatingMethodAccessorImpl.java:43)
	at java.base/java.lang.reflect.Method.invoke(Method.java:569)
	at org.springframework.web.method.support.InvocableHandlerMethod.doInvoke(InvocableHandlerMethod.java:258)
	at org.springframework.web.method.support.InvocableHandlerMethod.invokeForRequest(InvocableHandlerMethod.java:191)
	at org.springframework.web.servlet.mvc.method.annotation.ServletInvocableHandlerMethod.invokeAndHandle(ServletInvocableHandlerMethod.java:118)
	at org.springframework.web.servlet.mvc.method.annotation.RequestMappingHandlerAdapter.invokeHandlerMethod(RequestMappingHandlerAdapter.java:991)
	at org.springframework.web.servlet.mvc.method.annotation.RequestMappingHandlerAdapter.handleInternal(RequestMappingHandlerAdapter.java:896)
	at org.springframework.web.servlet.mvc.method.AbstractHandlerMethodAdapter.handle(AbstractHandlerMethodAdapter.java:87)
	at org.springframework.web.servlet.DispatcherServlet.doDispatch(DispatcherServlet.java:1089)
	at org.springframework.web.servlet.DispatcherServlet.doService(DispatcherServlet.java:979)
	at org.springframework.web.servlet.FrameworkServlet.processRequest(FrameworkServlet.java:1014)
	at org.springframework.web.servlet.FrameworkServlet.doGet(FrameworkServlet.java:903)
	at jakarta.servlet.http.HttpServlet.service(HttpServlet.java:564)
	at org.springframework.web.servlet.FrameworkServlet.service(FrameworkServlet.java:885)
	at jakarta.servlet.http.HttpServlet.service(HttpServlet.java:658)
	at org.apache.catalina.core.ApplicationFilterChain.internalDoFilter(ApplicationFilterChain.java:193)
	at org.apache.catalina.core.ApplicationFilterChain.doFilter(ApplicationFilterChain.java:138)
	at org.apache.tomcat.websocket.server.WsFilter.doFilter(WsFilter.java:51)
	at org.apache.catalina.core.ApplicationFilterChain.internalDoFilter(ApplicationFilterChain.java:162)
	at org.apache.catalina.core.ApplicationFilterChain.doFilter(ApplicationFilterChain.java:138)
	at org.springframework.web.filter.CompositeFilter$VirtualFilterChain.doFilter(CompositeFilter.java:108)
	at org.springframework.web.filter.CompositeFilter$VirtualFilterChain.doFilter(CompositeFilter.java:108)
	at org.springframework.security.web.FilterChainProxy.lambda$doFilterInternal$3(FilterChainProxy.java:231)
	at org.springframework.security.web.FilterChainProxy$VirtualFilterChain.doFilter(FilterChainProxy.java:365)
	at org.springframework.security.web.access.intercept.AuthorizationFilter.doFilter(AuthorizationFilter.java:101)
	at org.springframework.security.web.FilterChainProxy$VirtualFilterChain.doFilter(FilterChainProxy.java:374)
	at org.springframework.security.web.access.ExceptionTranslationFilter.doFilter(ExceptionTranslationFilter.java:125)
	at org.springframework.security.web.access.ExceptionTranslationFilter.doFilter(ExceptionTranslationFilter.java:119)
	at org.springframework.security.web.FilterChainProxy$VirtualFilterChain.doFilter(FilterChainProxy.java:374)
	at org.springframework.security.web.authentication.AnonymousAuthenticationFilter.doFilter(AnonymousAuthenticationFilter.java:100)
	at org.springframework.security.web.FilterChainProxy$VirtualFilterChain.doFilter(FilterChainProxy.java:374)
	at org.springframework.security.web.servletapi.SecurityContextHolderAwareRequestFilter.doFilter(SecurityContextHolderAwareRequestFilter.java:179)
	at org.springframework.security.web.FilterChainProxy$VirtualFilterChain.doFilter(FilterChainProxy.java:374)
	at org.springframework.security.web.savedrequest.RequestCacheAwareFilter.doFilter(RequestCacheAwareFilter.java:63)
	at org.springframework.security.web.FilterChainProxy$VirtualFilterChain.doFilter(FilterChainProxy.java:374)
	at org.springframework.security.web.authentication.logout.LogoutFilter.doFilter(LogoutFilter.java:107)
	at org.springframework.security.web.authentication.logout.LogoutFilter.doFilter(LogoutFilter.java:93)
	at org.springframework.security.web.FilterChainProxy$VirtualFilterChain.doFilter(FilterChainProxy.java:374)
	at org.springframework.web.filter.CorsFilter.doFilterInternal(CorsFilter.java:91)
	at org.springframework.web.filter.OncePerRequestFilter.doFilter(OncePerRequestFilter.java:116)
	at org.springframework.security.web.FilterChainProxy$VirtualFilterChain.doFilter(FilterChainProxy.java:374)
	at org.springframework.security.web.header.HeaderWriterFilter.doHeadersAfter(HeaderWriterFilter.java:90)
	at org.springframework.security.web.header.HeaderWriterFilter.doFilterInternal(HeaderWriterFilter.java:75)
	at org.springframework.web.filter.OncePerRequestFilter.doFilter(OncePerRequestFilter.java:116)
	at org.springframework.security.web.FilterChainProxy$VirtualFilterChain.doFilter(FilterChainProxy.java:374)
	at org.springframework.security.web.context.SecurityContextHolderFilter.doFilter(SecurityContextHolderFilter.java:82)
	at org.springframework.security.web.context.SecurityContextHolderFilter.doFilter(SecurityContextHolderFilter.java:69)
	at org.springframework.security.web.FilterChainProxy$VirtualFilterChain.doFilter(FilterChainProxy.java:374)
	at org.springframework.security.web.context.request.async.WebAsyncManagerIntegrationFilter.doFilterInternal(WebAsyncManagerIntegrationFilter.java:62)
	at org.springframework.web.filter.OncePerRequestFilter.doFilter(OncePerRequestFilter.java:116)
	at org.springframework.security.web.FilterChainProxy$VirtualFilterChain.doFilter(FilterChainProxy.java:374)
	at org.springframework.security.web.session.DisableEncodeUrlFilter.doFilterInternal(DisableEncodeUrlFilter.java:42)
	at org.springframework.web.filter.OncePerRequestFilter.doFilter(OncePerRequestFilter.java:116)
	at org.springframework.security.web.FilterChainProxy$VirtualFilterChain.doFilter(FilterChainProxy.java:374)
	at org.springframework.security.web.FilterChainProxy.doFilterInternal(FilterChainProxy.java:233)
	at org.springframework.security.web.FilterChainProxy.doFilter(FilterChainProxy.java:191)
	at org.springframework.web.filter.CompositeFilter$VirtualFilterChain.doFilter(CompositeFilter.java:113)
	at org.springframework.web.filter.ServletRequestPathFilter.doFilter(ServletRequestPathFilter.java:52)
	at org.springframework.web.filter.CompositeFilter$VirtualFilterChain.doFilter(CompositeFilter.java:113)
	at org.springframework.web.filter.CompositeFilter.doFilter(CompositeFilter.java:74)
	at org.springframework.security.config.annotation.web.configuration.WebSecurityConfiguration$CompositeFilterChainProxy.doFilter(WebSecurityConfiguration.java:319)
	at org.springframework.web.filter.CompositeFilter$VirtualFilterChain.doFilter(CompositeFilter.java:113)
	at org.springframework.web.servlet.handler.HandlerMappingIntrospector.lambda$createCacheFilter$4(HandlerMappingIntrospector.java:267)
	at org.springframework.web.filter.CompositeFilter$VirtualFilterChain.doFilter(CompositeFilter.java:113)
	at org.springframework.web.filter.CompositeFilter.doFilter(CompositeFilter.java:74)
	at org.springframework.security.config.annotation.web.configuration.WebMvcSecurityConfiguration$CompositeFilterChainProxy.doFilter(WebMvcSecurityConfiguration.java:240)
	at org.springframework.web.filter.DelegatingFilterProxy.invokeDelegate(DelegatingFilterProxy.java:362)
	at org.springframework.web.filter.DelegatingFilterProxy.doFilter(DelegatingFilterProxy.java:278)
	at org.apache.catalina.core.ApplicationFilterChain.internalDoFilter(ApplicationFilterChain.java:162)
	at org.apache.catalina.core.ApplicationFilterChain.doFilter(ApplicationFilterChain.java:138)
	at org.springframework.web.filter.RequestContextFilter.doFilterInternal(RequestContextFilter.java:100)
	at org.springframework.web.filter.OncePerRequestFilter.doFilter(OncePerRequestFilter.java:116)
	at org.apache.catalina.core.ApplicationFilterChain.internalDoFilter(ApplicationFilterChain.java:162)
	at org.apache.catalina.core.ApplicationFilterChain.doFilter(ApplicationFilterChain.java:138)
	at org.springframework.web.filter.FormContentFilter.doFilterInternal(FormContentFilter.java:93)
	at org.springframework.web.filter.OncePerRequestFilter.doFilter(OncePerRequestFilter.java:116)
	at org.apache.catalina.core.ApplicationFilterChain.internalDoFilter(ApplicationFilterChain.java:162)
	at org.apache.catalina.core.ApplicationFilterChain.doFilter(ApplicationFilterChain.java:138)
	at org.springframework.web.filter.CharacterEncodingFilter.doFilterInternal(CharacterEncodingFilter.java:201)
	at org.springframework.web.filter.OncePerRequestFilter.doFilter(OncePerRequestFilter.java:116)
	at org.apache.catalina.core.ApplicationFilterChain.internalDoFilter(ApplicationFilterChain.java:162)
	at org.apache.catalina.core.ApplicationFilterChain.doFilter(ApplicationFilterChain.java:138)
	at org.apache.catalina.core.StandardWrapperValve.invoke(StandardWrapperValve.java:165)
	at org.apache.catalina.core.StandardContextValve.invoke(StandardContextValve.java:88)
	at org.apache.catalina.authenticator.AuthenticatorBase.invoke(AuthenticatorBase.java:492)
	at org.apache.catalina.core.StandardHostValve.invoke(StandardHostValve.java:113)
	at org.apache.catalina.valves.ErrorReportValve.invoke(ErrorReportValve.java:83)
	at org.apache.catalina.core.StandardEngineValve.invoke(StandardEngineValve.java:72)
	at org.apache.catalina.connector.CoyoteAdapter.service(CoyoteAdapter.java:342)
	at org.apache.coyote.http11.Http11Processor.service(Http11Processor.java:399)
	at org.apache.coyote.AbstractProcessorLight.process(AbstractProcessorLight.java:63)
	at org.apache.coyote.AbstractProtocol$ConnectionHandler.process(AbstractProtocol.java:903)
	at org.apache.tomcat.util.net.NioEndpoint$SocketProcessor.doRun(NioEndpoint.java:1775)
	at org.apache.tomcat.util.net.SocketProcessorBase.run(SocketProcessorBase.java:52)
	at org.apache.tomcat.util.threads.ThreadPoolExecutor.runWorker(ThreadPoolExecutor.java:973)
	at org.apache.tomcat.util.threads.ThreadPoolExecutor$Worker.run(ThreadPoolExecutor.java:491)
	at org.apache.tomcat.util.threads.TaskThread$WrappingRunnable.run(TaskThread.java:63)
	at java.base/java.lang.Thread.run(Thread.java:840)
2026-05-26 03:53:33 [http-nio-8080-exec-7] ERROR c.t.b.report.service.ReportService - Error fetching report for sessionId=17 specialistId=17
java.util.NoSuchElementException: Reporte no encontrado
	at com.takecare.backend.report.service.ReportService.lambda$4(ReportService.java:240)
	at java.base/java.util.Optional.orElseThrow(Optional.java:403)
	at com.takecare.backend.report.service.ReportService.getReportBySession(ReportService.java:240)
	at java.base/jdk.internal.reflect.NativeMethodAccessorImpl.invoke0(Native Method)
	at java.base/jdk.internal.reflect.NativeMethodAccessorImpl.invoke(NativeMethodAccessorImpl.java:77)
	at java.base/jdk.internal.reflect.DelegatingMethodAccessorImpl.invoke(DelegatingMethodAccessorImpl.java:43)
	at java.base/java.lang.reflect.Method.invoke(Method.java:569)
	at org.springframework.aop.support.AopUtils.invokeJoinpointUsingReflection(AopUtils.java:360)
	at org.springframework.aop.framework.ReflectiveMethodInvocation.invokeJoinpoint(ReflectiveMethodInvocation.java:196)
	at org.springframework.aop.framework.ReflectiveMethodInvocation.proceed(ReflectiveMethodInvocation.java:163)
	at org.springframework.transaction.interceptor.TransactionAspectSupport.invokeWithinTransaction(TransactionAspectSupport.java:380)
	at org.springframework.transaction.interceptor.TransactionInterceptor.invoke(TransactionInterceptor.java:119)
	at org.springframework.aop.framework.ReflectiveMethodInvocation.proceed(ReflectiveMethodInvocation.java:184)
	at org.springframework.aop.framework.CglibAopProxy$DynamicAdvisedInterceptor.intercept(CglibAopProxy.java:728)
	at com.takecare.backend.report.service.ReportService$$SpringCGLIB$$0.getReportBySession(<generated>)
	at com.takecare.backend.report.controller.ReportController.getReportBySession(ReportController.java:131)
	at java.base/jdk.internal.reflect.NativeMethodAccessorImpl.invoke0(Native Method)
	at java.base/jdk.internal.reflect.NativeMethodAccessorImpl.invoke(NativeMethodAccessorImpl.java:77)
	at java.base/jdk.internal.reflect.DelegatingMethodAccessorImpl.invoke(DelegatingMethodAccessorImpl.java:43)
	at java.base/java.lang.reflect.Method.invoke(Method.java:569)
	at org.springframework.web.method.support.InvocableHandlerMethod.doInvoke(InvocableHandlerMethod.java:258)
	at org.springframework.web.method.support.InvocableHandlerMethod.invokeForRequest(InvocableHandlerMethod.java:191)
	at org.springframework.web.servlet.mvc.method.annotation.ServletInvocableHandlerMethod.invokeAndHandle(ServletInvocableHandlerMethod.java:118)
	at org.springframework.web.servlet.mvc.method.annotation.RequestMappingHandlerAdapter.invokeHandlerMethod(RequestMappingHandlerAdapter.java:991)
	at org.springframework.web.servlet.mvc.method.annotation.RequestMappingHandlerAdapter.handleInternal(RequestMappingHandlerAdapter.java:896)
	at org.springframework.web.servlet.mvc.method.AbstractHandlerMethodAdapter.handle(AbstractHandlerMethodAdapter.java:87)
	at org.springframework.web.servlet.DispatcherServlet.doDispatch(DispatcherServlet.java:1089)
	at org.springframework.web.servlet.DispatcherServlet.doService(DispatcherServlet.java:979)
	at org.springframework.web.servlet.FrameworkServlet.processRequest(FrameworkServlet.java:1014)
	at org.springframework.web.servlet.FrameworkServlet.doGet(FrameworkServlet.java:903)
	at jakarta.servlet.http.HttpServlet.service(HttpServlet.java:564)
	at org.springframework.web.servlet.FrameworkServlet.service(FrameworkServlet.java:885)
	at jakarta.servlet.http.HttpServlet.service(HttpServlet.java:658)
	at org.apache.catalina.core.ApplicationFilterChain.internalDoFilter(ApplicationFilterChain.java:193)
	at org.apache.catalina.core.ApplicationFilterChain.doFilter(ApplicationFilterChain.java:138)
	at org.apache.tomcat.websocket.server.WsFilter.doFilter(WsFilter.java:51)
	at org.apache.catalina.core.ApplicationFilterChain.internalDoFilter(ApplicationFilterChain.java:162)
	at org.apache.catalina.core.ApplicationFilterChain.doFilter(ApplicationFilterChain.java:138)
	at org.springframework.web.filter.CompositeFilter$VirtualFilterChain.doFilter(CompositeFilter.java:108)
	at org.springframework.web.filter.CompositeFilter$VirtualFilterChain.doFilter(CompositeFilter.java:108)
	at org.springframework.security.web.FilterChainProxy.lambda$doFilterInternal$3(FilterChainProxy.java:231)
	at org.springframework.security.web.FilterChainProxy$VirtualFilterChain.doFilter(FilterChainProxy.java:365)
	at org.springframework.security.web.access.intercept.AuthorizationFilter.doFilter(AuthorizationFilter.java:101)
	at org.springframework.security.web.FilterChainProxy$VirtualFilterChain.doFilter(FilterChainProxy.java:374)
	at org.springframework.security.web.access.ExceptionTranslationFilter.doFilter(ExceptionTranslationFilter.java:125)
	at org.springframework.security.web.access.ExceptionTranslationFilter.doFilter(ExceptionTranslationFilter.java:119)
	at org.springframework.security.web.FilterChainProxy$VirtualFilterChain.doFilter(FilterChainProxy.java:374)
	at org.springframework.security.web.authentication.AnonymousAuthenticationFilter.doFilter(AnonymousAuthenticationFilter.java:100)
	at org.springframework.security.web.FilterChainProxy$VirtualFilterChain.doFilter(FilterChainProxy.java:374)
	at org.springframework.security.web.servletapi.SecurityContextHolderAwareRequestFilter.doFilter(SecurityContextHolderAwareRequestFilter.java:179)
	at org.springframework.security.web.FilterChainProxy$VirtualFilterChain.doFilter(FilterChainProxy.java:374)
	at org.springframework.security.web.savedrequest.RequestCacheAwareFilter.doFilter(RequestCacheAwareFilter.java:63)
	at org.springframework.security.web.FilterChainProxy$VirtualFilterChain.doFilter(FilterChainProxy.java:374)
	at org.springframework.security.web.authentication.logout.LogoutFilter.doFilter(LogoutFilter.java:107)
	at org.springframework.security.web.authentication.logout.LogoutFilter.doFilter(LogoutFilter.java:93)
	at org.springframework.security.web.FilterChainProxy$VirtualFilterChain.doFilter(FilterChainProxy.java:374)
	at org.springframework.web.filter.CorsFilter.doFilterInternal(CorsFilter.java:91)
	at org.springframework.web.filter.OncePerRequestFilter.doFilter(OncePerRequestFilter.java:116)
	at org.springframework.security.web.FilterChainProxy$VirtualFilterChain.doFilter(FilterChainProxy.java:374)
	at org.springframework.security.web.header.HeaderWriterFilter.doHeadersAfter(HeaderWriterFilter.java:90)
	at org.springframework.security.web.header.HeaderWriterFilter.doFilterInternal(HeaderWriterFilter.java:75)
	at org.springframework.web.filter.OncePerRequestFilter.doFilter(OncePerRequestFilter.java:116)
	at org.springframework.security.web.FilterChainProxy$VirtualFilterChain.doFilter(FilterChainProxy.java:374)
	at org.springframework.security.web.context.SecurityContextHolderFilter.doFilter(SecurityContextHolderFilter.java:82)
	at org.springframework.security.web.context.SecurityContextHolderFilter.doFilter(SecurityContextHolderFilter.java:69)
	at org.springframework.security.web.FilterChainProxy$VirtualFilterChain.doFilter(FilterChainProxy.java:374)
	at org.springframework.security.web.context.request.async.WebAsyncManagerIntegrationFilter.doFilterInternal(WebAsyncManagerIntegrationFilter.java:62)
	at org.springframework.web.filter.OncePerRequestFilter.doFilter(OncePerRequestFilter.java:116)
	at org.springframework.security.web.FilterChainProxy$VirtualFilterChain.doFilter(FilterChainProxy.java:374)
	at org.springframework.security.web.session.DisableEncodeUrlFilter.doFilterInternal(DisableEncodeUrlFilter.java:42)
	at org.springframework.web.filter.OncePerRequestFilter.doFilter(OncePerRequestFilter.java:116)
	at org.springframework.security.web.FilterChainProxy$VirtualFilterChain.doFilter(FilterChainProxy.java:374)
	at org.springframework.security.web.FilterChainProxy.doFilterInternal(FilterChainProxy.java:233)
	at org.springframework.security.web.FilterChainProxy.doFilter(FilterChainProxy.java:191)
	at org.springframework.web.filter.CompositeFilter$VirtualFilterChain.doFilter(CompositeFilter.java:113)
	at org.springframework.web.filter.ServletRequestPathFilter.doFilter(ServletRequestPathFilter.java:52)
	at org.springframework.web.filter.CompositeFilter$VirtualFilterChain.doFilter(CompositeFilter.java:113)
	at org.springframework.web.filter.CompositeFilter.doFilter(CompositeFilter.java:74)
	at org.springframework.security.config.annotation.web.configuration.WebSecurityConfiguration$CompositeFilterChainProxy.doFilter(WebSecurityConfiguration.java:319)
	at org.springframework.web.filter.CompositeFilter$VirtualFilterChain.doFilter(CompositeFilter.java:113)
	at org.springframework.web.servlet.handler.HandlerMappingIntrospector.lambda$createCacheFilter$4(HandlerMappingIntrospector.java:267)
	at org.springframework.web.filter.CompositeFilter$VirtualFilterChain.doFilter(CompositeFilter.java:113)
	at org.springframework.web.filter.CompositeFilter.doFilter(CompositeFilter.java:74)
	at org.springframework.security.config.annotation.web.configuration.WebMvcSecurityConfiguration$CompositeFilterChainProxy.doFilter(WebMvcSecurityConfiguration.java:240)
	at org.springframework.web.filter.DelegatingFilterProxy.invokeDelegate(DelegatingFilterProxy.java:362)
	at org.springframework.web.filter.DelegatingFilterProxy.doFilter(DelegatingFilterProxy.java:278)
	at org.apache.catalina.core.ApplicationFilterChain.internalDoFilter(ApplicationFilterChain.java:162)
	at org.apache.catalina.core.ApplicationFilterChain.doFilter(ApplicationFilterChain.java:138)
	at org.springframework.web.filter.RequestContextFilter.doFilterInternal(RequestContextFilter.java:100)
	at org.springframework.web.filter.OncePerRequestFilter.doFilter(OncePerRequestFilter.java:116)
	at org.apache.catalina.core.ApplicationFilterChain.internalDoFilter(ApplicationFilterChain.java:162)
	at org.apache.catalina.core.ApplicationFilterChain.doFilter(ApplicationFilterChain.java:138)
	at org.springframework.web.filter.FormContentFilter.doFilterInternal(FormContentFilter.java:93)
	at org.springframework.web.filter.OncePerRequestFilter.doFilter(OncePerRequestFilter.java:116)
	at org.apache.catalina.core.ApplicationFilterChain.internalDoFilter(ApplicationFilterChain.java:162)
	at org.apache.catalina.core.ApplicationFilterChain.doFilter(ApplicationFilterChain.java:138)
	at org.springframework.web.filter.CharacterEncodingFilter.doFilterInternal(CharacterEncodingFilter.java:201)
	at org.springframework.web.filter.OncePerRequestFilter.doFilter(OncePerRequestFilter.java:116)
	at org.apache.catalina.core.ApplicationFilterChain.internalDoFilter(ApplicationFilterChain.java:162)
	at org.apache.catalina.core.ApplicationFilterChain.doFilter(ApplicationFilterChain.java:138)
	at org.apache.catalina.core.StandardWrapperValve.invoke(StandardWrapperValve.java:165)
	at org.apache.catalina.core.StandardContextValve.invoke(StandardContextValve.java:88)
	at org.apache.catalina.authenticator.AuthenticatorBase.invoke(AuthenticatorBase.java:492)
	at org.apache.catalina.core.StandardHostValve.invoke(StandardHostValve.java:113)
	at org.apache.catalina.valves.ErrorReportValve.invoke(ErrorReportValve.java:83)
	at org.apache.catalina.core.StandardEngineValve.invoke(StandardEngineValve.java:72)
	at org.apache.catalina.connector.CoyoteAdapter.service(CoyoteAdapter.java:342)
	at org.apache.coyote.http11.Http11Processor.service(Http11Processor.java:399)
	at org.apache.coyote.AbstractProcessorLight.process(AbstractProcessorLight.java:63)
	at org.apache.coyote.AbstractProtocol$ConnectionHandler.process(AbstractProtocol.java:903)
	at org.apache.tomcat.util.net.NioEndpoint$SocketProcessor.doRun(NioEndpoint.java:1775)
	at org.apache.tomcat.util.net.SocketProcessorBase.run(SocketProcessorBase.java:52)
	at org.apache.tomcat.util.threads.ThreadPoolExecutor.runWorker(ThreadPoolExecutor.java:973)
	at org.apache.tomcat.util.threads.ThreadPoolExecutor$Worker.run(ThreadPoolExecutor.java:491)
	at org.apache.tomcat.util.threads.TaskThread$WrappingRunnable.run(TaskThread.java:63)
	at java.base/java.lang.Thread.run(Thread.java:840)
2026-05-26 03:53:33 [http-nio-8080-exec-1] WARN  c.t.b.c.c.CalificationController - GET patient rating - not found: Calificación no encontrada
2026-05-26 03:53:33 [http-nio-8080-exec-1] DEBUG o.s.w.s.m.m.a.HttpEntityMethodProcessor - Using 'application/json', given [application/json, text/plain, */*] and supported [application/json, application/*+json, application/yaml]
2026-05-26 03:53:33 [http-nio-8080-exec-1] DEBUG o.s.w.s.m.m.a.HttpEntityMethodProcessor - Writing [{message=Calificación no encontrada}]
2026-05-26 03:53:33 [http-nio-8080-exec-1] DEBUG o.s.web.servlet.DispatcherServlet - Completed 404 NOT_FOUND
2026-05-26 03:53:33 [http-nio-8080-exec-2] WARN  c.t.b.c.c.CalificationController - GET patient rating - not found: Calificación no encontrada
2026-05-26 03:53:33 [http-nio-8080-exec-2] DEBUG o.s.w.s.m.m.a.HttpEntityMethodProcessor - Using 'application/json', given [application/json, text/plain, */*] and supported [application/json, application/*+json, application/yaml]
2026-05-26 03:53:33 [http-nio-8080-exec-2] DEBUG o.s.w.s.m.m.a.HttpEntityMethodProcessor - Writing [{message=Calificación no encontrada}]
2026-05-26 03:53:33 [http-nio-8080-exec-2] DEBUG o.s.web.servlet.DispatcherServlet - Completed 404 NOT_FOUND
2026-05-26 03:53:34 [http-nio-8080-exec-5] WARN  c.t.b.r.controller.ReportController - GET /reports/session/specialist - not found: Reporte no encontrado
2026-05-26 03:53:34 [http-nio-8080-exec-4] WARN  c.t.b.r.controller.ReportController - GET /reports/session/specialist - not found: Reporte no encontrado
2026-05-26 03:53:34 [http-nio-8080-exec-4] DEBUG o.s.w.s.m.m.a.HttpEntityMethodProcessor - Using 'application/json', given [application/json, text/plain, */*] and supported [application/json, application/*+json, application/yaml]
2026-05-26 03:53:34 [http-nio-8080-exec-5] DEBUG o.s.w.s.m.m.a.HttpEntityMethodProcessor - Using 'application/json', given [application/json, text/plain, */*] and supported [application/json, application/*+json, application/yaml]
2026-05-26 03:53:34 [http-nio-8080-exec-4] DEBUG o.s.w.s.m.m.a.HttpEntityMethodProcessor - Writing [{message=Reporte no encontrado}]
2026-05-26 03:53:34 [http-nio-8080-exec-5] DEBUG o.s.w.s.m.m.a.HttpEntityMethodProcessor - Writing [{message=Reporte no encontrado}]
2026-05-26 03:53:34 [http-nio-8080-exec-4] DEBUG o.s.web.servlet.DispatcherServlet - Completed 404 NOT_FOUND
2026-05-26 03:53:34 [http-nio-8080-exec-5] DEBUG o.s.web.servlet.DispatcherServlet - Completed 404 NOT_FOUND
2026-05-26 03:53:34 [http-nio-8080-exec-9] WARN  c.t.b.r.controller.ReportController - GET /reports/session/specialist - not found: Reporte no encontrado
2026-05-26 03:53:34 [http-nio-8080-exec-7] WARN  c.t.b.r.controller.ReportController - GET /reports/session/specialist - not found: Reporte no encontrado
2026-05-26 03:53:34 [http-nio-8080-exec-9] DEBUG o.s.w.s.m.m.a.HttpEntityMethodProcessor - Using 'application/json', given [application/json, text/plain, */*] and supported [application/json, application/*+json, application/yaml]
2026-05-26 03:53:34 [http-nio-8080-exec-7] DEBUG o.s.w.s.m.m.a.HttpEntityMethodProcessor - Using 'application/json', given [application/json, text/plain, */*] and supported [application/json, application/*+json, application/yaml]
2026-05-26 03:53:34 [http-nio-8080-exec-9] DEBUG o.s.w.s.m.m.a.HttpEntityMethodProcessor - Writing [{message=Reporte no encontrado}]
2026-05-26 03:53:34 [http-nio-8080-exec-7] DEBUG o.s.w.s.m.m.a.HttpEntityMethodProcessor - Writing [{message=Reporte no encontrado}]
2026-05-26 03:53:34 [http-nio-8080-exec-7] DEBUG o.s.web.servlet.DispatcherServlet - Completed 404 NOT_FOUND
2026-05-26 03:53:34 [http-nio-8080-exec-9] DEBUG o.s.web.servlet.DispatcherServlet - Completed 404 NOT_FOUND
2026-05-26 03:53:57 [http-nio-8080-exec-3] DEBUG o.s.web.servlet.DispatcherServlet - GET "/api/v1/notifications/specialist/17/unread-count", parameters={}
2026-05-26 03:53:57 [http-nio-8080-exec-3] DEBUG o.s.w.s.m.m.a.RequestMappingHandlerMapping - Mapped to com.takecare.backend.notification.controller.NotificationController#unreadCount(Integer)
2026-05-26 03:53:57 [http-nio-8080-exec-3] INFO  c.t.b.n.c.NotificationController - GET /api/v1/notifications/specialist/17/unread-count
2026-05-26 03:53:57 [http-nio-8080-exec-8] DEBUG o.s.web.servlet.DispatcherServlet - GET "/api/v1/sessions/specialist/17", parameters={}
2026-05-26 03:53:57 [http-nio-8080-exec-8] DEBUG o.s.w.s.m.m.a.RequestMappingHandlerMapping - Mapped to com.takecare.backend.session.controller.SessionController#listBySpecialist(Integer)
2026-05-26 03:53:57 [http-nio-8080-exec-8] INFO  c.t.b.s.controller.SessionController - GET sessions by specialistId=17
2026-05-26 03:54:00 [http-nio-8080-exec-8] DEBUG o.s.w.s.m.m.a.HttpEntityMethodProcessor - Using 'application/json', given [application/json, text/plain, */*] and supported [application/json, application/*+json, application/yaml]
2026-05-26 03:54:00 [http-nio-8080-exec-3] DEBUG o.s.w.s.m.m.a.HttpEntityMethodProcessor - Using 'application/json', given [application/json, text/plain, */*] and supported [application/json, application/*+json, application/yaml]
2026-05-26 03:54:00 [http-nio-8080-exec-8] DEBUG o.s.w.s.m.m.a.HttpEntityMethodProcessor - Writing [[com.takecare.backend.session.dto.SessionResponseDTO@27fbfea4, com.takecare.backend.session.dto.Sess (truncated)...]
2026-05-26 03:54:00 [http-nio-8080-exec-3] DEBUG o.s.w.s.m.m.a.HttpEntityMethodProcessor - Writing [com.takecare.backend.notification.dto.UnreadNotificationCountDto@583515a]
2026-05-26 03:54:00 [http-nio-8080-exec-3] DEBUG o.s.web.servlet.DispatcherServlet - Completed 200 OK
2026-05-26 03:54:00 [http-nio-8080-exec-8] DEBUG o.s.web.servlet.DispatcherServlet - Completed 200 OK
2026-05-26 03:54:00 [http-nio-8080-exec-10] DEBUG o.s.web.servlet.DispatcherServlet - GET "/api/v1/sessions/16/patient-ratings", parameters={}
2026-05-26 03:54:00 [http-nio-8080-exec-2] DEBUG o.s.web.servlet.DispatcherServlet - GET "/api/v1/reports/session/17/specialist/17", parameters={}
2026-05-26 03:54:00 [http-nio-8080-exec-1] DEBUG o.s.web.servlet.DispatcherServlet - GET "/api/v1/reports/session/18/specialist/17", parameters={}
2026-05-26 03:54:00 [http-nio-8080-exec-4] DEBUG o.s.web.servlet.DispatcherServlet - GET "/api/v1/reports/session/16/specialist/17", parameters={}
2026-05-26 03:54:00 [http-nio-8080-exec-5] DEBUG o.s.web.servlet.DispatcherServlet - GET "/api/v1/reports/session/15/specialist/17", parameters={}
2026-05-26 03:54:00 [http-nio-8080-exec-6] DEBUG o.s.web.servlet.DispatcherServlet - GET "/api/v1/sessions/17/patient-ratings", parameters={}
2026-05-26 03:54:00 [http-nio-8080-exec-5] DEBUG o.s.w.s.m.m.a.RequestMappingHandlerMapping - Mapped to com.takecare.backend.report.controller.ReportController#getReportBySession(Integer, Integer)
2026-05-26 03:54:00 [http-nio-8080-exec-6] DEBUG o.s.w.s.m.m.a.RequestMappingHandlerMapping - Mapped to com.takecare.backend.calification.controller.CalificationController#getPatientRating(Integer)
2026-05-26 03:54:00 [http-nio-8080-exec-10] DEBUG o.s.w.s.m.m.a.RequestMappingHandlerMapping - Mapped to com.takecare.backend.calification.controller.CalificationController#getPatientRating(Integer)
2026-05-26 03:54:00 [http-nio-8080-exec-10] INFO  c.t.b.c.c.CalificationController - GET /api/v1/sessions/16/patient-ratings
2026-05-26 03:54:00 [http-nio-8080-exec-2] DEBUG o.s.w.s.m.m.a.RequestMappingHandlerMapping - Mapped to com.takecare.backend.report.controller.ReportController#getReportBySession(Integer, Integer)
2026-05-26 03:54:00 [http-nio-8080-exec-1] DEBUG o.s.w.s.m.m.a.RequestMappingHandlerMapping - Mapped to com.takecare.backend.report.controller.ReportController#getReportBySession(Integer, Integer)
2026-05-26 03:54:00 [http-nio-8080-exec-4] DEBUG o.s.w.s.m.m.a.RequestMappingHandlerMapping - Mapped to com.takecare.backend.report.controller.ReportController#getReportBySession(Integer, Integer)
2026-05-26 03:54:00 [http-nio-8080-exec-6] INFO  c.t.b.c.c.CalificationController - GET /api/v1/sessions/17/patient-ratings
2026-05-26 03:54:00 [http-nio-8080-exec-5] INFO  c.t.b.r.controller.ReportController - GET /reports/session/15/specialist/17
2026-05-26 03:54:00 [http-nio-8080-exec-1] INFO  c.t.b.r.controller.ReportController - GET /reports/session/18/specialist/17
2026-05-26 03:54:00 [http-nio-8080-exec-2] INFO  c.t.b.r.controller.ReportController - GET /reports/session/17/specialist/17
2026-05-26 03:54:00 [http-nio-8080-exec-4] INFO  c.t.b.r.controller.ReportController - GET /reports/session/16/specialist/17
2026-05-26 03:54:01 [http-nio-8080-exec-6] INFO  c.t.b.c.service.CalificationService - Get specialist rating. sessionId=17, specialistId=17, patientId=13
2026-05-26 03:54:01 [http-nio-8080-exec-10] INFO  c.t.b.c.service.CalificationService - Get specialist rating. sessionId=16, specialistId=17, patientId=13
2026-05-26 03:54:01 [http-nio-8080-exec-10] WARN  c.t.b.c.service.CalificationService - Get specialist rating failed. sessionId=16, error=Calificación no encontrada
2026-05-26 03:54:01 [http-nio-8080-exec-6] WARN  c.t.b.c.service.CalificationService - Get specialist rating failed. sessionId=17, error=Calificación no encontrada
2026-05-26 03:54:02 [http-nio-8080-exec-4] ERROR c.t.b.report.service.ReportService - Error fetching report for sessionId=16 specialistId=17
java.util.NoSuchElementException: Reporte no encontrado
	at com.takecare.backend.report.service.ReportService.lambda$4(ReportService.java:240)
	at java.base/java.util.Optional.orElseThrow(Optional.java:403)
	at com.takecare.backend.report.service.ReportService.getReportBySession(ReportService.java:240)
	at java.base/jdk.internal.reflect.NativeMethodAccessorImpl.invoke0(Native Method)
	at java.base/jdk.internal.reflect.NativeMethodAccessorImpl.invoke(NativeMethodAccessorImpl.java:77)
	at java.base/jdk.internal.reflect.DelegatingMethodAccessorImpl.invoke(DelegatingMethodAccessorImpl.java:43)
	at java.base/java.lang.reflect.Method.invoke(Method.java:569)
	at org.springframework.aop.support.AopUtils.invokeJoinpointUsingReflection(AopUtils.java:360)
	at org.springframework.aop.framework.ReflectiveMethodInvocation.invokeJoinpoint(ReflectiveMethodInvocation.java:196)
	at org.springframework.aop.framework.ReflectiveMethodInvocation.proceed(ReflectiveMethodInvocation.java:163)
	at org.springframework.transaction.interceptor.TransactionAspectSupport.invokeWithinTransaction(TransactionAspectSupport.java:380)
	at org.springframework.transaction.interceptor.TransactionInterceptor.invoke(TransactionInterceptor.java:119)
	at org.springframework.aop.framework.ReflectiveMethodInvocation.proceed(ReflectiveMethodInvocation.java:184)
	at org.springframework.aop.framework.CglibAopProxy$DynamicAdvisedInterceptor.intercept(CglibAopProxy.java:728)
	at com.takecare.backend.report.service.ReportService$$SpringCGLIB$$0.getReportBySession(<generated>)
	at com.takecare.backend.report.controller.ReportController.getReportBySession(ReportController.java:131)
	at jdk.internal.reflect.GeneratedMethodAccessor194.invoke(Unknown Source)
	at java.base/jdk.internal.reflect.DelegatingMethodAccessorImpl.invoke(DelegatingMethodAccessorImpl.java:43)
	at java.base/java.lang.reflect.Method.invoke(Method.java:569)
	at org.springframework.web.method.support.InvocableHandlerMethod.doInvoke(InvocableHandlerMethod.java:258)
	at org.springframework.web.method.support.InvocableHandlerMethod.invokeForRequest(InvocableHandlerMethod.java:191)
	at org.springframework.web.servlet.mvc.method.annotation.ServletInvocableHandlerMethod.invokeAndHandle(ServletInvocableHandlerMethod.java:118)
	at org.springframework.web.servlet.mvc.method.annotation.RequestMappingHandlerAdapter.invokeHandlerMethod(RequestMappingHandlerAdapter.java:991)
	at org.springframework.web.servlet.mvc.method.annotation.RequestMappingHandlerAdapter.handleInternal(RequestMappingHandlerAdapter.java:896)
	at org.springframework.web.servlet.mvc.method.AbstractHandlerMethodAdapter.handle(AbstractHandlerMethodAdapter.java:87)
	at org.springframework.web.servlet.DispatcherServlet.doDispatch(DispatcherServlet.java:1089)
	at org.springframework.web.servlet.DispatcherServlet.doService(DispatcherServlet.java:979)
	at org.springframework.web.servlet.FrameworkServlet.processRequest(FrameworkServlet.java:1014)
	at org.springframework.web.servlet.FrameworkServlet.doGet(FrameworkServlet.java:903)
	at jakarta.servlet.http.HttpServlet.service(HttpServlet.java:564)
	at org.springframework.web.servlet.FrameworkServlet.service(FrameworkServlet.java:885)
	at jakarta.servlet.http.HttpServlet.service(HttpServlet.java:658)
	at org.apache.catalina.core.ApplicationFilterChain.internalDoFilter(ApplicationFilterChain.java:193)
	at org.apache.catalina.core.ApplicationFilterChain.doFilter(ApplicationFilterChain.java:138)
	at org.apache.tomcat.websocket.server.WsFilter.doFilter(WsFilter.java:51)
	at org.apache.catalina.core.ApplicationFilterChain.internalDoFilter(ApplicationFilterChain.java:162)
	at org.apache.catalina.core.ApplicationFilterChain.doFilter(ApplicationFilterChain.java:138)
	at org.springframework.web.filter.CompositeFilter$VirtualFilterChain.doFilter(CompositeFilter.java:108)
	at org.springframework.web.filter.CompositeFilter$VirtualFilterChain.doFilter(CompositeFilter.java:108)
	at org.springframework.security.web.FilterChainProxy.lambda$doFilterInternal$3(FilterChainProxy.java:231)
	at org.springframework.security.web.FilterChainProxy$VirtualFilterChain.doFilter(FilterChainProxy.java:365)
	at org.springframework.security.web.access.intercept.AuthorizationFilter.doFilter(AuthorizationFilter.java:101)
	at org.springframework.security.web.FilterChainProxy$VirtualFilterChain.doFilter(FilterChainProxy.java:374)
	at org.springframework.security.web.access.ExceptionTranslationFilter.doFilter(ExceptionTranslationFilter.java:125)
	at org.springframework.security.web.access.ExceptionTranslationFilter.doFilter(ExceptionTranslationFilter.java:119)
	at org.springframework.security.web.FilterChainProxy$VirtualFilterChain.doFilter(FilterChainProxy.java:374)
	at org.springframework.security.web.authentication.AnonymousAuthenticationFilter.doFilter(AnonymousAuthenticationFilter.java:100)
	at org.springframework.security.web.FilterChainProxy$VirtualFilterChain.doFilter(FilterChainProxy.java:374)
	at org.springframework.security.web.servletapi.SecurityContextHolderAwareRequestFilter.doFilter(SecurityContextHolderAwareRequestFilter.java:179)
	at org.springframework.security.web.FilterChainProxy$VirtualFilterChain.doFilter(FilterChainProxy.java:374)
	at org.springframework.security.web.savedrequest.RequestCacheAwareFilter.doFilter(RequestCacheAwareFilter.java:63)
	at org.springframework.security.web.FilterChainProxy$VirtualFilterChain.doFilter(FilterChainProxy.java:374)
	at org.springframework.security.web.authentication.logout.LogoutFilter.doFilter(LogoutFilter.java:107)
	at org.springframework.security.web.authentication.logout.LogoutFilter.doFilter(LogoutFilter.java:93)
	at org.springframework.security.web.FilterChainProxy$VirtualFilterChain.doFilter(FilterChainProxy.java:374)
	at org.springframework.web.filter.CorsFilter.doFilterInternal(CorsFilter.java:91)
	at org.springframework.web.filter.OncePerRequestFilter.doFilter(OncePerRequestFilter.java:116)
	at org.springframework.security.web.FilterChainProxy$VirtualFilterChain.doFilter(FilterChainProxy.java:374)
	at org.springframework.security.web.header.HeaderWriterFilter.doHeadersAfter(HeaderWriterFilter.java:90)
	at org.springframework.security.web.header.HeaderWriterFilter.doFilterInternal(HeaderWriterFilter.java:75)
	at org.springframework.web.filter.OncePerRequestFilter.doFilter(OncePerRequestFilter.java:116)
	at org.springframework.security.web.FilterChainProxy$VirtualFilterChain.doFilter(FilterChainProxy.java:374)
	at org.springframework.security.web.context.SecurityContextHolderFilter.doFilter(SecurityContextHolderFilter.java:82)
	at org.springframework.security.web.context.SecurityContextHolderFilter.doFilter(SecurityContextHolderFilter.java:69)
	at org.springframework.security.web.FilterChainProxy$VirtualFilterChain.doFilter(FilterChainProxy.java:374)
	at org.springframework.security.web.context.request.async.WebAsyncManagerIntegrationFilter.doFilterInternal(WebAsyncManagerIntegrationFilter.java:62)
	at org.springframework.web.filter.OncePerRequestFilter.doFilter(OncePerRequestFilter.java:116)
	at org.springframework.security.web.FilterChainProxy$VirtualFilterChain.doFilter(FilterChainProxy.java:374)
	at org.springframework.security.web.session.DisableEncodeUrlFilter.doFilterInternal(DisableEncodeUrlFilter.java:42)
	at org.springframework.web.filter.OncePerRequestFilter.doFilter(OncePerRequestFilter.java:116)
	at org.springframework.security.web.FilterChainProxy$VirtualFilterChain.doFilter(FilterChainProxy.java:374)
	at org.springframework.security.web.FilterChainProxy.doFilterInternal(FilterChainProxy.java:233)
	at org.springframework.security.web.FilterChainProxy.doFilter(FilterChainProxy.java:191)
	at org.springframework.web.filter.CompositeFilter$VirtualFilterChain.doFilter(CompositeFilter.java:113)
	at org.springframework.web.filter.ServletRequestPathFilter.doFilter(ServletRequestPathFilter.java:52)
	at org.springframework.web.filter.CompositeFilter$VirtualFilterChain.doFilter(CompositeFilter.java:113)
	at org.springframework.web.filter.CompositeFilter.doFilter(CompositeFilter.java:74)
	at org.springframework.security.config.annotation.web.configuration.WebSecurityConfiguration$CompositeFilterChainProxy.doFilter(WebSecurityConfiguration.java:319)
	at org.springframework.web.filter.CompositeFilter$VirtualFilterChain.doFilter(CompositeFilter.java:113)
	at org.springframework.web.servlet.handler.HandlerMappingIntrospector.lambda$createCacheFilter$4(HandlerMappingIntrospector.java:267)
	at org.springframework.web.filter.CompositeFilter$VirtualFilterChain.doFilter(CompositeFilter.java:113)
	at org.springframework.web.filter.CompositeFilter.doFilter(CompositeFilter.java:74)
	at org.springframework.security.config.annotation.web.configuration.WebMvcSecurityConfiguration$CompositeFilterChainProxy.doFilter(WebMvcSecurityConfiguration.java:240)
	at org.springframework.web.filter.DelegatingFilterProxy.invokeDelegate(DelegatingFilterProxy.java:362)
	at org.springframework.web.filter.DelegatingFilterProxy.doFilter(DelegatingFilterProxy.java:278)
	at org.apache.catalina.core.ApplicationFilterChain.internalDoFilter(ApplicationFilterChain.java:162)
	at org.apache.catalina.core.ApplicationFilterChain.doFilter(ApplicationFilterChain.java:138)
	at org.springframework.web.filter.RequestContextFilter.doFilterInternal(RequestContextFilter.java:100)
	at org.springframework.web.filter.OncePerRequestFilter.doFilter(OncePerRequestFilter.java:116)
	at org.apache.catalina.core.ApplicationFilterChain.internalDoFilter(ApplicationFilterChain.java:162)
	at org.apache.catalina.core.ApplicationFilterChain.doFilter(ApplicationFilterChain.java:138)
	at org.springframework.web.filter.FormContentFilter.doFilterInternal(FormContentFilter.java:93)
	at org.springframework.web.filter.OncePerRequestFilter.doFilter(OncePerRequestFilter.java:116)
	at org.apache.catalina.core.ApplicationFilterChain.internalDoFilter(ApplicationFilterChain.java:162)
	at org.apache.catalina.core.ApplicationFilterChain.doFilter(ApplicationFilterChain.java:138)
	at org.springframework.web.filter.CharacterEncodingFilter.doFilterInternal(CharacterEncodingFilter.java:201)
	at org.springframework.web.filter.OncePerRequestFilter.doFilter(OncePerRequestFilter.java:116)
	at org.apache.catalina.core.ApplicationFilterChain.internalDoFilter(ApplicationFilterChain.java:162)
	at org.apache.catalina.core.ApplicationFilterChain.doFilter(ApplicationFilterChain.java:138)
	at org.apache.catalina.core.StandardWrapperValve.invoke(StandardWrapperValve.java:165)
	at org.apache.catalina.core.StandardContextValve.invoke(StandardContextValve.java:88)
	at org.apache.catalina.authenticator.AuthenticatorBase.invoke(AuthenticatorBase.java:492)
	at org.apache.catalina.core.StandardHostValve.invoke(StandardHostValve.java:113)
	at org.apache.catalina.valves.ErrorReportValve.invoke(ErrorReportValve.java:83)
	at org.apache.catalina.core.StandardEngineValve.invoke(StandardEngineValve.java:72)
	at org.apache.catalina.connector.CoyoteAdapter.service(CoyoteAdapter.java:342)
	at org.apache.coyote.http11.Http11Processor.service(Http11Processor.java:399)
	at org.apache.coyote.AbstractProcessorLight.process(AbstractProcessorLight.java:63)
	at org.apache.coyote.AbstractProtocol$ConnectionHandler.process(AbstractProtocol.java:903)
	at org.apache.tomcat.util.net.NioEndpoint$SocketProcessor.doRun(NioEndpoint.java:1775)
	at org.apache.tomcat.util.net.SocketProcessorBase.run(SocketProcessorBase.java:52)
	at org.apache.tomcat.util.threads.ThreadPoolExecutor.runWorker(ThreadPoolExecutor.java:973)
	at org.apache.tomcat.util.threads.ThreadPoolExecutor$Worker.run(ThreadPoolExecutor.java:491)
	at org.apache.tomcat.util.threads.TaskThread$WrappingRunnable.run(TaskThread.java:63)
	at java.base/java.lang.Thread.run(Thread.java:840)
2026-05-26 03:54:02 [http-nio-8080-exec-5] ERROR c.t.b.report.service.ReportService - Error fetching report for sessionId=15 specialistId=17
java.util.NoSuchElementException: Reporte no encontrado
	at com.takecare.backend.report.service.ReportService.lambda$4(ReportService.java:240)
	at java.base/java.util.Optional.orElseThrow(Optional.java:403)
	at com.takecare.backend.report.service.ReportService.getReportBySession(ReportService.java:240)
	at java.base/jdk.internal.reflect.NativeMethodAccessorImpl.invoke0(Native Method)
	at java.base/jdk.internal.reflect.NativeMethodAccessorImpl.invoke(NativeMethodAccessorImpl.java:77)
	at java.base/jdk.internal.reflect.DelegatingMethodAccessorImpl.invoke(DelegatingMethodAccessorImpl.java:43)
	at java.base/java.lang.reflect.Method.invoke(Method.java:569)
	at org.springframework.aop.support.AopUtils.invokeJoinpointUsingReflection(AopUtils.java:360)
	at org.springframework.aop.framework.ReflectiveMethodInvocation.invokeJoinpoint(ReflectiveMethodInvocation.java:196)
	at org.springframework.aop.framework.ReflectiveMethodInvocation.proceed(ReflectiveMethodInvocation.java:163)
	at org.springframework.transaction.interceptor.TransactionAspectSupport.invokeWithinTransaction(TransactionAspectSupport.java:380)
	at org.springframework.transaction.interceptor.TransactionInterceptor.invoke(TransactionInterceptor.java:119)
	at org.springframework.aop.framework.ReflectiveMethodInvocation.proceed(ReflectiveMethodInvocation.java:184)
	at org.springframework.aop.framework.CglibAopProxy$DynamicAdvisedInterceptor.intercept(CglibAopProxy.java:728)
	at com.takecare.backend.report.service.ReportService$$SpringCGLIB$$0.getReportBySession(<generated>)
	at com.takecare.backend.report.controller.ReportController.getReportBySession(ReportController.java:131)
	at java.base/jdk.internal.reflect.NativeMethodAccessorImpl.invoke0(Native Method)
	at java.base/jdk.internal.reflect.NativeMethodAccessorImpl.invoke(NativeMethodAccessorImpl.java:77)
	at java.base/jdk.internal.reflect.DelegatingMethodAccessorImpl.invoke(DelegatingMethodAccessorImpl.java:43)
	at java.base/java.lang.reflect.Method.invoke(Method.java:569)
	at org.springframework.web.method.support.InvocableHandlerMethod.doInvoke(InvocableHandlerMethod.java:258)
	at org.springframework.web.method.support.InvocableHandlerMethod.invokeForRequest(InvocableHandlerMethod.java:191)
	at org.springframework.web.servlet.mvc.method.annotation.ServletInvocableHandlerMethod.invokeAndHandle(ServletInvocableHandlerMethod.java:118)
	at org.springframework.web.servlet.mvc.method.annotation.RequestMappingHandlerAdapter.invokeHandlerMethod(RequestMappingHandlerAdapter.java:991)
	at org.springframework.web.servlet.mvc.method.annotation.RequestMappingHandlerAdapter.handleInternal(RequestMappingHandlerAdapter.java:896)
	at org.springframework.web.servlet.mvc.method.AbstractHandlerMethodAdapter.handle(AbstractHandlerMethodAdapter.java:87)
	at org.springframework.web.servlet.DispatcherServlet.doDispatch(DispatcherServlet.java:1089)
	at org.springframework.web.servlet.DispatcherServlet.doService(DispatcherServlet.java:979)
	at org.springframework.web.servlet.FrameworkServlet.processRequest(FrameworkServlet.java:1014)
	at org.springframework.web.servlet.FrameworkServlet.doGet(FrameworkServlet.java:903)
	at jakarta.servlet.http.HttpServlet.service(HttpServlet.java:564)
	at org.springframework.web.servlet.FrameworkServlet.service(FrameworkServlet.java:885)
	at jakarta.servlet.http.HttpServlet.service(HttpServlet.java:658)
	at org.apache.catalina.core.ApplicationFilterChain.internalDoFilter(ApplicationFilterChain.java:193)
	at org.apache.catalina.core.ApplicationFilterChain.doFilter(ApplicationFilterChain.java:138)
	at org.apache.tomcat.websocket.server.WsFilter.doFilter(WsFilter.java:51)
	at org.apache.catalina.core.ApplicationFilterChain.internalDoFilter(ApplicationFilterChain.java:162)
	at org.apache.catalina.core.ApplicationFilterChain.doFilter(ApplicationFilterChain.java:138)
	at org.springframework.web.filter.CompositeFilter$VirtualFilterChain.doFilter(CompositeFilter.java:108)
	at org.springframework.web.filter.CompositeFilter$VirtualFilterChain.doFilter(CompositeFilter.java:108)
	at org.springframework.security.web.FilterChainProxy.lambda$doFilterInternal$3(FilterChainProxy.java:231)
	at org.springframework.security.web.FilterChainProxy$VirtualFilterChain.doFilter(FilterChainProxy.java:365)
	at org.springframework.security.web.access.intercept.AuthorizationFilter.doFilter(AuthorizationFilter.java:101)
	at org.springframework.security.web.FilterChainProxy$VirtualFilterChain.doFilter(FilterChainProxy.java:374)
	at org.springframework.security.web.access.ExceptionTranslationFilter.doFilter(ExceptionTranslationFilter.java:125)
	at org.springframework.security.web.access.ExceptionTranslationFilter.doFilter(ExceptionTranslationFilter.java:119)
	at org.springframework.security.web.FilterChainProxy$VirtualFilterChain.doFilter(FilterChainProxy.java:374)
	at org.springframework.security.web.authentication.AnonymousAuthenticationFilter.doFilter(AnonymousAuthenticationFilter.java:100)
	at org.springframework.security.web.FilterChainProxy$VirtualFilterChain.doFilter(FilterChainProxy.java:374)
	at org.springframework.security.web.servletapi.SecurityContextHolderAwareRequestFilter.doFilter(SecurityContextHolderAwareRequestFilter.java:179)
	at org.springframework.security.web.FilterChainProxy$VirtualFilterChain.doFilter(FilterChainProxy.java:374)
	at org.springframework.security.web.savedrequest.RequestCacheAwareFilter.doFilter(RequestCacheAwareFilter.java:63)
	at org.springframework.security.web.FilterChainProxy$VirtualFilterChain.doFilter(FilterChainProxy.java:374)
	at org.springframework.security.web.authentication.logout.LogoutFilter.doFilter(LogoutFilter.java:107)
	at org.springframework.security.web.authentication.logout.LogoutFilter.doFilter(LogoutFilter.java:93)
	at org.springframework.security.web.FilterChainProxy$VirtualFilterChain.doFilter(FilterChainProxy.java:374)
	at org.springframework.web.filter.CorsFilter.doFilterInternal(CorsFilter.java:91)
	at org.springframework.web.filter.OncePerRequestFilter.doFilter(OncePerRequestFilter.java:116)
	at org.springframework.security.web.FilterChainProxy$VirtualFilterChain.doFilter(FilterChainProxy.java:374)
	at org.springframework.security.web.header.HeaderWriterFilter.doHeadersAfter(HeaderWriterFilter.java:90)
	at org.springframework.security.web.header.HeaderWriterFilter.doFilterInternal(HeaderWriterFilter.java:75)
	at org.springframework.web.filter.OncePerRequestFilter.doFilter(OncePerRequestFilter.java:116)
	at org.springframework.security.web.FilterChainProxy$VirtualFilterChain.doFilter(FilterChainProxy.java:374)
	at org.springframework.security.web.context.SecurityContextHolderFilter.doFilter(SecurityContextHolderFilter.java:82)
	at org.springframework.security.web.context.SecurityContextHolderFilter.doFilter(SecurityContextHolderFilter.java:69)
	at org.springframework.security.web.FilterChainProxy$VirtualFilterChain.doFilter(FilterChainProxy.java:374)
	at org.springframework.security.web.context.request.async.WebAsyncManagerIntegrationFilter.doFilterInternal(WebAsyncManagerIntegrationFilter.java:62)
	at org.springframework.web.filter.OncePerRequestFilter.doFilter(OncePerRequestFilter.java:116)
	at org.springframework.security.web.FilterChainProxy$VirtualFilterChain.doFilter(FilterChainProxy.java:374)
	at org.springframework.security.web.session.DisableEncodeUrlFilter.doFilterInternal(DisableEncodeUrlFilter.java:42)
	at org.springframework.web.filter.OncePerRequestFilter.doFilter(OncePerRequestFilter.java:116)
	at org.springframework.security.web.FilterChainProxy$VirtualFilterChain.doFilter(FilterChainProxy.java:374)
	at org.springframework.security.web.FilterChainProxy.doFilterInternal(FilterChainProxy.java:233)
	at org.springframework.security.web.FilterChainProxy.doFilter(FilterChainProxy.java:191)
	at org.springframework.web.filter.CompositeFilter$VirtualFilterChain.doFilter(CompositeFilter.java:113)
	at org.springframework.web.filter.ServletRequestPathFilter.doFilter(ServletRequestPathFilter.java:52)
	at org.springframework.web.filter.CompositeFilter$VirtualFilterChain.doFilter(CompositeFilter.java:113)
	at org.springframework.web.filter.CompositeFilter.doFilter(CompositeFilter.java:74)
	at org.springframework.security.config.annotation.web.configuration.WebSecurityConfiguration$CompositeFilterChainProxy.doFilter(WebSecurityConfiguration.java:319)
	at org.springframework.web.filter.CompositeFilter$VirtualFilterChain.doFilter(CompositeFilter.java:113)
	at org.springframework.web.servlet.handler.HandlerMappingIntrospector.lambda$createCacheFilter$4(HandlerMappingIntrospector.java:267)
	at org.springframework.web.filter.CompositeFilter$VirtualFilterChain.doFilter(CompositeFilter.java:113)
	at org.springframework.web.filter.CompositeFilter.doFilter(CompositeFilter.java:74)
	at org.springframework.security.config.annotation.web.configuration.WebMvcSecurityConfiguration$CompositeFilterChainProxy.doFilter(WebMvcSecurityConfiguration.java:240)
	at org.springframework.web.filter.DelegatingFilterProxy.invokeDelegate(DelegatingFilterProxy.java:362)
	at org.springframework.web.filter.DelegatingFilterProxy.doFilter(DelegatingFilterProxy.java:278)
	at org.apache.catalina.core.ApplicationFilterChain.internalDoFilter(ApplicationFilterChain.java:162)
	at org.apache.catalina.core.ApplicationFilterChain.doFilter(ApplicationFilterChain.java:138)
	at org.springframework.web.filter.RequestContextFilter.doFilterInternal(RequestContextFilter.java:100)
	at org.springframework.web.filter.OncePerRequestFilter.doFilter(OncePerRequestFilter.java:116)
	at org.apache.catalina.core.ApplicationFilterChain.internalDoFilter(ApplicationFilterChain.java:162)
	at org.apache.catalina.core.ApplicationFilterChain.doFilter(ApplicationFilterChain.java:138)
	at org.springframework.web.filter.FormContentFilter.doFilterInternal(FormContentFilter.java:93)
	at org.springframework.web.filter.OncePerRequestFilter.doFilter(OncePerRequestFilter.java:116)
	at org.apache.catalina.core.ApplicationFilterChain.internalDoFilter(ApplicationFilterChain.java:162)
	at org.apache.catalina.core.ApplicationFilterChain.doFilter(ApplicationFilterChain.java:138)
	at org.springframework.web.filter.CharacterEncodingFilter.doFilterInternal(CharacterEncodingFilter.java:201)
	at org.springframework.web.filter.OncePerRequestFilter.doFilter(OncePerRequestFilter.java:116)
	at org.apache.catalina.core.ApplicationFilterChain.internalDoFilter(ApplicationFilterChain.java:162)
	at org.apache.catalina.core.ApplicationFilterChain.doFilter(ApplicationFilterChain.java:138)
	at org.apache.catalina.core.StandardWrapperValve.invoke(StandardWrapperValve.java:165)
	at org.apache.catalina.core.StandardContextValve.invoke(StandardContextValve.java:88)
	at org.apache.catalina.authenticator.AuthenticatorBase.invoke(AuthenticatorBase.java:492)
	at org.apache.catalina.core.StandardHostValve.invoke(StandardHostValve.java:113)
	at org.apache.catalina.valves.ErrorReportValve.invoke(ErrorReportValve.java:83)
	at org.apache.catalina.core.StandardEngineValve.invoke(StandardEngineValve.java:72)
	at org.apache.catalina.connector.CoyoteAdapter.service(CoyoteAdapter.java:342)
	at org.apache.coyote.http11.Http11Processor.service(Http11Processor.java:399)
	at org.apache.coyote.AbstractProcessorLight.process(AbstractProcessorLight.java:63)
	at org.apache.coyote.AbstractProtocol$ConnectionHandler.process(AbstractProtocol.java:903)
	at org.apache.tomcat.util.net.NioEndpoint$SocketProcessor.doRun(NioEndpoint.java:1775)
	at org.apache.tomcat.util.net.SocketProcessorBase.run(SocketProcessorBase.java:52)
	at org.apache.tomcat.util.threads.ThreadPoolExecutor.runWorker(ThreadPoolExecutor.java:973)
	at org.apache.tomcat.util.threads.ThreadPoolExecutor$Worker.run(ThreadPoolExecutor.java:491)
	at org.apache.tomcat.util.threads.TaskThread$WrappingRunnable.run(TaskThread.java:63)
	at java.base/java.lang.Thread.run(Thread.java:840)
2026-05-26 03:54:02 [http-nio-8080-exec-2] ERROR c.t.b.report.service.ReportService - Error fetching report for sessionId=17 specialistId=17
java.util.NoSuchElementException: Reporte no encontrado
	at com.takecare.backend.report.service.ReportService.lambda$4(ReportService.java:240)
	at java.base/java.util.Optional.orElseThrow(Optional.java:403)
	at com.takecare.backend.report.service.ReportService.getReportBySession(ReportService.java:240)
	at java.base/jdk.internal.reflect.NativeMethodAccessorImpl.invoke0(Native Method)
	at java.base/jdk.internal.reflect.NativeMethodAccessorImpl.invoke(NativeMethodAccessorImpl.java:77)
	at java.base/jdk.internal.reflect.DelegatingMethodAccessorImpl.invoke(DelegatingMethodAccessorImpl.java:43)
	at java.base/java.lang.reflect.Method.invoke(Method.java:569)
	at org.springframework.aop.support.AopUtils.invokeJoinpointUsingReflection(AopUtils.java:360)
	at org.springframework.aop.framework.ReflectiveMethodInvocation.invokeJoinpoint(ReflectiveMethodInvocation.java:196)
	at org.springframework.aop.framework.ReflectiveMethodInvocation.proceed(ReflectiveMethodInvocation.java:163)
	at org.springframework.transaction.interceptor.TransactionAspectSupport.invokeWithinTransaction(TransactionAspectSupport.java:380)
	at org.springframework.transaction.interceptor.TransactionInterceptor.invoke(TransactionInterceptor.java:119)
	at org.springframework.aop.framework.ReflectiveMethodInvocation.proceed(ReflectiveMethodInvocation.java:184)
	at org.springframework.aop.framework.CglibAopProxy$DynamicAdvisedInterceptor.intercept(CglibAopProxy.java:728)
	at com.takecare.backend.report.service.ReportService$$SpringCGLIB$$0.getReportBySession(<generated>)
	at com.takecare.backend.report.controller.ReportController.getReportBySession(ReportController.java:131)
	at jdk.internal.reflect.GeneratedMethodAccessor194.invoke(Unknown Source)
	at java.base/jdk.internal.reflect.DelegatingMethodAccessorImpl.invoke(DelegatingMethodAccessorImpl.java:43)
	at java.base/java.lang.reflect.Method.invoke(Method.java:569)
	at org.springframework.web.method.support.InvocableHandlerMethod.doInvoke(InvocableHandlerMethod.java:258)
	at org.springframework.web.method.support.InvocableHandlerMethod.invokeForRequest(InvocableHandlerMethod.java:191)
	at org.springframework.web.servlet.mvc.method.annotation.ServletInvocableHandlerMethod.invokeAndHandle(ServletInvocableHandlerMethod.java:118)
	at org.springframework.web.servlet.mvc.method.annotation.RequestMappingHandlerAdapter.invokeHandlerMethod(RequestMappingHandlerAdapter.java:991)
	at org.springframework.web.servlet.mvc.method.annotation.RequestMappingHandlerAdapter.handleInternal(RequestMappingHandlerAdapter.java:896)
	at org.springframework.web.servlet.mvc.method.AbstractHandlerMethodAdapter.handle(AbstractHandlerMethodAdapter.java:87)
	at org.springframework.web.servlet.DispatcherServlet.doDispatch(DispatcherServlet.java:1089)
	at org.springframework.web.servlet.DispatcherServlet.doService(DispatcherServlet.java:979)
	at org.springframework.web.servlet.FrameworkServlet.processRequest(FrameworkServlet.java:1014)
	at org.springframework.web.servlet.FrameworkServlet.doGet(FrameworkServlet.java:903)
	at jakarta.servlet.http.HttpServlet.service(HttpServlet.java:564)
	at org.springframework.web.servlet.FrameworkServlet.service(FrameworkServlet.java:885)
	at jakarta.servlet.http.HttpServlet.service(HttpServlet.java:658)
	at org.apache.catalina.core.ApplicationFilterChain.internalDoFilter(ApplicationFilterChain.java:193)
	at org.apache.catalina.core.ApplicationFilterChain.doFilter(ApplicationFilterChain.java:138)
	at org.apache.tomcat.websocket.server.WsFilter.doFilter(WsFilter.java:51)
	at org.apache.catalina.core.ApplicationFilterChain.internalDoFilter(ApplicationFilterChain.java:162)
	at org.apache.catalina.core.ApplicationFilterChain.doFilter(ApplicationFilterChain.java:138)
	at org.springframework.web.filter.CompositeFilter$VirtualFilterChain.doFilter(CompositeFilter.java:108)
	at org.springframework.web.filter.CompositeFilter$VirtualFilterChain.doFilter(CompositeFilter.java:108)
	at org.springframework.security.web.FilterChainProxy.lambda$doFilterInternal$3(FilterChainProxy.java:231)
	at org.springframework.security.web.FilterChainProxy$VirtualFilterChain.doFilter(FilterChainProxy.java:365)
	at org.springframework.security.web.access.intercept.AuthorizationFilter.doFilter(AuthorizationFilter.java:101)
	at org.springframework.security.web.FilterChainProxy$VirtualFilterChain.doFilter(FilterChainProxy.java:374)
	at org.springframework.security.web.access.ExceptionTranslationFilter.doFilter(ExceptionTranslationFilter.java:125)
	at org.springframework.security.web.access.ExceptionTranslationFilter.doFilter(ExceptionTranslationFilter.java:119)
	at org.springframework.security.web.FilterChainProxy$VirtualFilterChain.doFilter(FilterChainProxy.java:374)
	at org.springframework.security.web.authentication.AnonymousAuthenticationFilter.doFilter(AnonymousAuthenticationFilter.java:100)
	at org.springframework.security.web.FilterChainProxy$VirtualFilterChain.doFilter(FilterChainProxy.java:374)
	at org.springframework.security.web.servletapi.SecurityContextHolderAwareRequestFilter.doFilter(SecurityContextHolderAwareRequestFilter.java:179)
	at org.springframework.security.web.FilterChainProxy$VirtualFilterChain.doFilter(FilterChainProxy.java:374)
	at org.springframework.security.web.savedrequest.RequestCacheAwareFilter.doFilter(RequestCacheAwareFilter.java:63)
	at org.springframework.security.web.FilterChainProxy$VirtualFilterChain.doFilter(FilterChainProxy.java:374)
	at org.springframework.security.web.authentication.logout.LogoutFilter.doFilter(LogoutFilter.java:107)
	at org.springframework.security.web.authentication.logout.LogoutFilter.doFilter(LogoutFilter.java:93)
	at org.springframework.security.web.FilterChainProxy$VirtualFilterChain.doFilter(FilterChainProxy.java:374)
	at org.springframework.web.filter.CorsFilter.doFilterInternal(CorsFilter.java:91)
	at org.springframework.web.filter.OncePerRequestFilter.doFilter(OncePerRequestFilter.java:116)
	at org.springframework.security.web.FilterChainProxy$VirtualFilterChain.doFilter(FilterChainProxy.java:374)
	at org.springframework.security.web.header.HeaderWriterFilter.doHeadersAfter(HeaderWriterFilter.java:90)
	at org.springframework.security.web.header.HeaderWriterFilter.doFilterInternal(HeaderWriterFilter.java:75)
	at org.springframework.web.filter.OncePerRequestFilter.doFilter(OncePerRequestFilter.java:116)
	at org.springframework.security.web.FilterChainProxy$VirtualFilterChain.doFilter(FilterChainProxy.java:374)
	at org.springframework.security.web.context.SecurityContextHolderFilter.doFilter(SecurityContextHolderFilter.java:82)
	at org.springframework.security.web.context.SecurityContextHolderFilter.doFilter(SecurityContextHolderFilter.java:69)
	at org.springframework.security.web.FilterChainProxy$VirtualFilterChain.doFilter(FilterChainProxy.java:374)
	at org.springframework.security.web.context.request.async.WebAsyncManagerIntegrationFilter.doFilterInternal(WebAsyncManagerIntegrationFilter.java:62)
	at org.springframework.web.filter.OncePerRequestFilter.doFilter(OncePerRequestFilter.java:116)
	at org.springframework.security.web.FilterChainProxy$VirtualFilterChain.doFilter(FilterChainProxy.java:374)
	at org.springframework.security.web.session.DisableEncodeUrlFilter.doFilterInternal(DisableEncodeUrlFilter.java:42)
	at org.springframework.web.filter.OncePerRequestFilter.doFilter(OncePerRequestFilter.java:116)
	at org.springframework.security.web.FilterChainProxy$VirtualFilterChain.doFilter(FilterChainProxy.java:374)
	at org.springframework.security.web.FilterChainProxy.doFilterInternal(FilterChainProxy.java:233)
	at org.springframework.security.web.FilterChainProxy.doFilter(FilterChainProxy.java:191)
	at org.springframework.web.filter.CompositeFilter$VirtualFilterChain.doFilter(CompositeFilter.java:113)
	at org.springframework.web.filter.ServletRequestPathFilter.doFilter(ServletRequestPathFilter.java:52)
	at org.springframework.web.filter.CompositeFilter$VirtualFilterChain.doFilter(CompositeFilter.java:113)
	at org.springframework.web.filter.CompositeFilter.doFilter(CompositeFilter.java:74)
	at org.springframework.security.config.annotation.web.configuration.WebSecurityConfiguration$CompositeFilterChainProxy.doFilter(WebSecurityConfiguration.java:319)
	at org.springframework.web.filter.CompositeFilter$VirtualFilterChain.doFilter(CompositeFilter.java:113)
	at org.springframework.web.servlet.handler.HandlerMappingIntrospector.lambda$createCacheFilter$4(HandlerMappingIntrospector.java:267)
	at org.springframework.web.filter.CompositeFilter$VirtualFilterChain.doFilter(CompositeFilter.java:113)
	at org.springframework.web.filter.CompositeFilter.doFilter(CompositeFilter.java:74)
	at org.springframework.security.config.annotation.web.configuration.WebMvcSecurityConfiguration$CompositeFilterChainProxy.doFilter(WebMvcSecurityConfiguration.java:240)
	at org.springframework.web.filter.DelegatingFilterProxy.invokeDelegate(DelegatingFilterProxy.java:362)
	at org.springframework.web.filter.DelegatingFilterProxy.doFilter(DelegatingFilterProxy.java:278)
	at org.apache.catalina.core.ApplicationFilterChain.internalDoFilter(ApplicationFilterChain.java:162)
	at org.apache.catalina.core.ApplicationFilterChain.doFilter(ApplicationFilterChain.java:138)
	at org.springframework.web.filter.RequestContextFilter.doFilterInternal(RequestContextFilter.java:100)
	at org.springframework.web.filter.OncePerRequestFilter.doFilter(OncePerRequestFilter.java:116)
	at org.apache.catalina.core.ApplicationFilterChain.internalDoFilter(ApplicationFilterChain.java:162)
	at org.apache.catalina.core.ApplicationFilterChain.doFilter(ApplicationFilterChain.java:138)
	at org.springframework.web.filter.FormContentFilter.doFilterInternal(FormContentFilter.java:93)
	at org.springframework.web.filter.OncePerRequestFilter.doFilter(OncePerRequestFilter.java:116)
	at org.apache.catalina.core.ApplicationFilterChain.internalDoFilter(ApplicationFilterChain.java:162)
	at org.apache.catalina.core.ApplicationFilterChain.doFilter(ApplicationFilterChain.java:138)
	at org.springframework.web.filter.CharacterEncodingFilter.doFilterInternal(CharacterEncodingFilter.java:201)
	at org.springframework.web.filter.OncePerRequestFilter.doFilter(OncePerRequestFilter.java:116)
	at org.apache.catalina.core.ApplicationFilterChain.internalDoFilter(ApplicationFilterChain.java:162)
	at org.apache.catalina.core.ApplicationFilterChain.doFilter(ApplicationFilterChain.java:138)
	at org.apache.catalina.core.StandardWrapperValve.invoke(StandardWrapperValve.java:165)
	at org.apache.catalina.core.StandardContextValve.invoke(StandardContextValve.java:88)
	at org.apache.catalina.authenticator.AuthenticatorBase.invoke(AuthenticatorBase.java:492)
	at org.apache.catalina.core.StandardHostValve.invoke(StandardHostValve.java:113)
	at org.apache.catalina.valves.ErrorReportValve.invoke(ErrorReportValve.java:83)
	at org.apache.catalina.core.StandardEngineValve.invoke(StandardEngineValve.java:72)
	at org.apache.catalina.connector.CoyoteAdapter.service(CoyoteAdapter.java:342)
	at org.apache.coyote.http11.Http11Processor.service(Http11Processor.java:399)
	at org.apache.coyote.AbstractProcessorLight.process(AbstractProcessorLight.java:63)
	at org.apache.coyote.AbstractProtocol$ConnectionHandler.process(AbstractProtocol.java:903)
	at org.apache.tomcat.util.net.NioEndpoint$SocketProcessor.doRun(NioEndpoint.java:1775)
	at org.apache.tomcat.util.net.SocketProcessorBase.run(SocketProcessorBase.java:52)
	at org.apache.tomcat.util.threads.ThreadPoolExecutor.runWorker(ThreadPoolExecutor.java:973)
	at org.apache.tomcat.util.threads.ThreadPoolExecutor$Worker.run(ThreadPoolExecutor.java:491)
	at org.apache.tomcat.util.threads.TaskThread$WrappingRunnable.run(TaskThread.java:63)
	at java.base/java.lang.Thread.run(Thread.java:840)
2026-05-26 03:54:02 [http-nio-8080-exec-1] ERROR c.t.b.report.service.ReportService - Error fetching report for sessionId=18 specialistId=17
java.util.NoSuchElementException: Reporte no encontrado
	at com.takecare.backend.report.service.ReportService.lambda$4(ReportService.java:240)
	at java.base/java.util.Optional.orElseThrow(Optional.java:403)
	at com.takecare.backend.report.service.ReportService.getReportBySession(ReportService.java:240)
	at java.base/jdk.internal.reflect.NativeMethodAccessorImpl.invoke0(Native Method)
	at java.base/jdk.internal.reflect.NativeMethodAccessorImpl.invoke(NativeMethodAccessorImpl.java:77)
	at java.base/jdk.internal.reflect.DelegatingMethodAccessorImpl.invoke(DelegatingMethodAccessorImpl.java:43)
	at java.base/java.lang.reflect.Method.invoke(Method.java:569)
	at org.springframework.aop.support.AopUtils.invokeJoinpointUsingReflection(AopUtils.java:360)
	at org.springframework.aop.framework.ReflectiveMethodInvocation.invokeJoinpoint(ReflectiveMethodInvocation.java:196)
	at org.springframework.aop.framework.ReflectiveMethodInvocation.proceed(ReflectiveMethodInvocation.java:163)
	at org.springframework.transaction.interceptor.TransactionAspectSupport.invokeWithinTransaction(TransactionAspectSupport.java:380)
	at org.springframework.transaction.interceptor.TransactionInterceptor.invoke(TransactionInterceptor.java:119)
	at org.springframework.aop.framework.ReflectiveMethodInvocation.proceed(ReflectiveMethodInvocation.java:184)
	at org.springframework.aop.framework.CglibAopProxy$DynamicAdvisedInterceptor.intercept(CglibAopProxy.java:728)
	at com.takecare.backend.report.service.ReportService$$SpringCGLIB$$0.getReportBySession(<generated>)
	at com.takecare.backend.report.controller.ReportController.getReportBySession(ReportController.java:131)
	at jdk.internal.reflect.GeneratedMethodAccessor194.invoke(Unknown Source)
	at java.base/jdk.internal.reflect.DelegatingMethodAccessorImpl.invoke(DelegatingMethodAccessorImpl.java:43)
	at java.base/java.lang.reflect.Method.invoke(Method.java:569)
	at org.springframework.web.method.support.InvocableHandlerMethod.doInvoke(InvocableHandlerMethod.java:258)
	at org.springframework.web.method.support.InvocableHandlerMethod.invokeForRequest(InvocableHandlerMethod.java:191)
	at org.springframework.web.servlet.mvc.method.annotation.ServletInvocableHandlerMethod.invokeAndHandle(ServletInvocableHandlerMethod.java:118)
	at org.springframework.web.servlet.mvc.method.annotation.RequestMappingHandlerAdapter.invokeHandlerMethod(RequestMappingHandlerAdapter.java:991)
	at org.springframework.web.servlet.mvc.method.annotation.RequestMappingHandlerAdapter.handleInternal(RequestMappingHandlerAdapter.java:896)
	at org.springframework.web.servlet.mvc.method.AbstractHandlerMethodAdapter.handle(AbstractHandlerMethodAdapter.java:87)
	at org.springframework.web.servlet.DispatcherServlet.doDispatch(DispatcherServlet.java:1089)
	at org.springframework.web.servlet.DispatcherServlet.doService(DispatcherServlet.java:979)
	at org.springframework.web.servlet.FrameworkServlet.processRequest(FrameworkServlet.java:1014)
	at org.springframework.web.servlet.FrameworkServlet.doGet(FrameworkServlet.java:903)
	at jakarta.servlet.http.HttpServlet.service(HttpServlet.java:564)
	at org.springframework.web.servlet.FrameworkServlet.service(FrameworkServlet.java:885)
	at jakarta.servlet.http.HttpServlet.service(HttpServlet.java:658)
	at org.apache.catalina.core.ApplicationFilterChain.internalDoFilter(ApplicationFilterChain.java:193)
	at org.apache.catalina.core.ApplicationFilterChain.doFilter(ApplicationFilterChain.java:138)
	at org.apache.tomcat.websocket.server.WsFilter.doFilter(WsFilter.java:51)
	at org.apache.catalina.core.ApplicationFilterChain.internalDoFilter(ApplicationFilterChain.java:162)
	at org.apache.catalina.core.ApplicationFilterChain.doFilter(ApplicationFilterChain.java:138)
	at org.springframework.web.filter.CompositeFilter$VirtualFilterChain.doFilter(CompositeFilter.java:108)
	at org.springframework.web.filter.CompositeFilter$VirtualFilterChain.doFilter(CompositeFilter.java:108)
	at org.springframework.security.web.FilterChainProxy.lambda$doFilterInternal$3(FilterChainProxy.java:231)
	at org.springframework.security.web.FilterChainProxy$VirtualFilterChain.doFilter(FilterChainProxy.java:365)
	at org.springframework.security.web.access.intercept.AuthorizationFilter.doFilter(AuthorizationFilter.java:101)
	at org.springframework.security.web.FilterChainProxy$VirtualFilterChain.doFilter(FilterChainProxy.java:374)
	at org.springframework.security.web.access.ExceptionTranslationFilter.doFilter(ExceptionTranslationFilter.java:125)
	at org.springframework.security.web.access.ExceptionTranslationFilter.doFilter(ExceptionTranslationFilter.java:119)
	at org.springframework.security.web.FilterChainProxy$VirtualFilterChain.doFilter(FilterChainProxy.java:374)
	at org.springframework.security.web.authentication.AnonymousAuthenticationFilter.doFilter(AnonymousAuthenticationFilter.java:100)
	at org.springframework.security.web.FilterChainProxy$VirtualFilterChain.doFilter(FilterChainProxy.java:374)
	at org.springframework.security.web.servletapi.SecurityContextHolderAwareRequestFilter.doFilter(SecurityContextHolderAwareRequestFilter.java:179)
	at org.springframework.security.web.FilterChainProxy$VirtualFilterChain.doFilter(FilterChainProxy.java:374)
	at org.springframework.security.web.savedrequest.RequestCacheAwareFilter.doFilter(RequestCacheAwareFilter.java:63)
	at org.springframework.security.web.FilterChainProxy$VirtualFilterChain.doFilter(FilterChainProxy.java:374)
	at org.springframework.security.web.authentication.logout.LogoutFilter.doFilter(LogoutFilter.java:107)
	at org.springframework.security.web.authentication.logout.LogoutFilter.doFilter(LogoutFilter.java:93)
	at org.springframework.security.web.FilterChainProxy$VirtualFilterChain.doFilter(FilterChainProxy.java:374)
	at org.springframework.web.filter.CorsFilter.doFilterInternal(CorsFilter.java:91)
	at org.springframework.web.filter.OncePerRequestFilter.doFilter(OncePerRequestFilter.java:116)
	at org.springframework.security.web.FilterChainProxy$VirtualFilterChain.doFilter(FilterChainProxy.java:374)
	at org.springframework.security.web.header.HeaderWriterFilter.doHeadersAfter(HeaderWriterFilter.java:90)
	at org.springframework.security.web.header.HeaderWriterFilter.doFilterInternal(HeaderWriterFilter.java:75)
	at org.springframework.web.filter.OncePerRequestFilter.doFilter(OncePerRequestFilter.java:116)
	at org.springframework.security.web.FilterChainProxy$VirtualFilterChain.doFilter(FilterChainProxy.java:374)
	at org.springframework.security.web.context.SecurityContextHolderFilter.doFilter(SecurityContextHolderFilter.java:82)
	at org.springframework.security.web.context.SecurityContextHolderFilter.doFilter(SecurityContextHolderFilter.java:69)
	at org.springframework.security.web.FilterChainProxy$VirtualFilterChain.doFilter(FilterChainProxy.java:374)
	at org.springframework.security.web.context.request.async.WebAsyncManagerIntegrationFilter.doFilterInternal(WebAsyncManagerIntegrationFilter.java:62)
	at org.springframework.web.filter.OncePerRequestFilter.doFilter(OncePerRequestFilter.java:116)
	at org.springframework.security.web.FilterChainProxy$VirtualFilterChain.doFilter(FilterChainProxy.java:374)
	at org.springframework.security.web.session.DisableEncodeUrlFilter.doFilterInternal(DisableEncodeUrlFilter.java:42)
	at org.springframework.web.filter.OncePerRequestFilter.doFilter(OncePerRequestFilter.java:116)
	at org.springframework.security.web.FilterChainProxy$VirtualFilterChain.doFilter(FilterChainProxy.java:374)
	at org.springframework.security.web.FilterChainProxy.doFilterInternal(FilterChainProxy.java:233)
	at org.springframework.security.web.FilterChainProxy.doFilter(FilterChainProxy.java:191)
	at org.springframework.web.filter.CompositeFilter$VirtualFilterChain.doFilter(CompositeFilter.java:113)
	at org.springframework.web.filter.ServletRequestPathFilter.doFilter(ServletRequestPathFilter.java:52)
	at org.springframework.web.filter.CompositeFilter$VirtualFilterChain.doFilter(CompositeFilter.java:113)
	at org.springframework.web.filter.CompositeFilter.doFilter(CompositeFilter.java:74)
	at org.springframework.security.config.annotation.web.configuration.WebSecurityConfiguration$CompositeFilterChainProxy.doFilter(WebSecurityConfiguration.java:319)
	at org.springframework.web.filter.CompositeFilter$VirtualFilterChain.doFilter(CompositeFilter.java:113)
	at org.springframework.web.servlet.handler.HandlerMappingIntrospector.lambda$createCacheFilter$4(HandlerMappingIntrospector.java:267)
	at org.springframework.web.filter.CompositeFilter$VirtualFilterChain.doFilter(CompositeFilter.java:113)
	at org.springframework.web.filter.CompositeFilter.doFilter(CompositeFilter.java:74)
	at org.springframework.security.config.annotation.web.configuration.WebMvcSecurityConfiguration$CompositeFilterChainProxy.doFilter(WebMvcSecurityConfiguration.java:240)
	at org.springframework.web.filter.DelegatingFilterProxy.invokeDelegate(DelegatingFilterProxy.java:362)
	at org.springframework.web.filter.DelegatingFilterProxy.doFilter(DelegatingFilterProxy.java:278)
	at org.apache.catalina.core.ApplicationFilterChain.internalDoFilter(ApplicationFilterChain.java:162)
	at org.apache.catalina.core.ApplicationFilterChain.doFilter(ApplicationFilterChain.java:138)
	at org.springframework.web.filter.RequestContextFilter.doFilterInternal(RequestContextFilter.java:100)
	at org.springframework.web.filter.OncePerRequestFilter.doFilter(OncePerRequestFilter.java:116)
	at org.apache.catalina.core.ApplicationFilterChain.internalDoFilter(ApplicationFilterChain.java:162)
	at org.apache.catalina.core.ApplicationFilterChain.doFilter(ApplicationFilterChain.java:138)
	at org.springframework.web.filter.FormContentFilter.doFilterInternal(FormContentFilter.java:93)
	at org.springframework.web.filter.OncePerRequestFilter.doFilter(OncePerRequestFilter.java:116)
	at org.apache.catalina.core.ApplicationFilterChain.internalDoFilter(ApplicationFilterChain.java:162)
	at org.apache.catalina.core.ApplicationFilterChain.doFilter(ApplicationFilterChain.java:138)
	at org.springframework.web.filter.CharacterEncodingFilter.doFilterInternal(CharacterEncodingFilter.java:201)
	at org.springframework.web.filter.OncePerRequestFilter.doFilter(OncePerRequestFilter.java:116)
	at org.apache.catalina.core.ApplicationFilterChain.internalDoFilter(ApplicationFilterChain.java:162)
	at org.apache.catalina.core.ApplicationFilterChain.doFilter(ApplicationFilterChain.java:138)
	at org.apache.catalina.core.StandardWrapperValve.invoke(StandardWrapperValve.java:165)
	at org.apache.catalina.core.StandardContextValve.invoke(StandardContextValve.java:88)
	at org.apache.catalina.authenticator.AuthenticatorBase.invoke(AuthenticatorBase.java:492)
	at org.apache.catalina.core.StandardHostValve.invoke(StandardHostValve.java:113)
	at org.apache.catalina.valves.ErrorReportValve.invoke(ErrorReportValve.java:83)
	at org.apache.catalina.core.StandardEngineValve.invoke(StandardEngineValve.java:72)
	at org.apache.catalina.connector.CoyoteAdapter.service(CoyoteAdapter.java:342)
	at org.apache.coyote.http11.Http11Processor.service(Http11Processor.java:399)
	at org.apache.coyote.AbstractProcessorLight.process(AbstractProcessorLight.java:63)
	at org.apache.coyote.AbstractProtocol$ConnectionHandler.process(AbstractProtocol.java:903)
	at org.apache.tomcat.util.net.NioEndpoint$SocketProcessor.doRun(NioEndpoint.java:1775)
	at org.apache.tomcat.util.net.SocketProcessorBase.run(SocketProcessorBase.java:52)
	at org.apache.tomcat.util.threads.ThreadPoolExecutor.runWorker(ThreadPoolExecutor.java:973)
	at org.apache.tomcat.util.threads.ThreadPoolExecutor$Worker.run(ThreadPoolExecutor.java:491)
	at org.apache.tomcat.util.threads.TaskThread$WrappingRunnable.run(TaskThread.java:63)
	at java.base/java.lang.Thread.run(Thread.java:840)
2026-05-26 03:54:03 [http-nio-8080-exec-6] WARN  c.t.b.c.c.CalificationController - GET patient rating - not found: Calificación no encontrada
2026-05-26 03:54:03 [http-nio-8080-exec-6] DEBUG o.s.w.s.m.m.a.HttpEntityMethodProcessor - Using 'application/json', given [application/json, text/plain, */*] and supported [application/json, application/*+json, application/yaml]
2026-05-26 03:54:03 [http-nio-8080-exec-6] DEBUG o.s.w.s.m.m.a.HttpEntityMethodProcessor - Writing [{message=Calificación no encontrada}]
2026-05-26 03:54:03 [http-nio-8080-exec-10] WARN  c.t.b.c.c.CalificationController - GET patient rating - not found: Calificación no encontrada
2026-05-26 03:54:03 [http-nio-8080-exec-10] DEBUG o.s.w.s.m.m.a.HttpEntityMethodProcessor - Using 'application/json', given [application/json, text/plain, */*] and supported [application/json, application/*+json, application/yaml]
2026-05-26 03:54:03 [http-nio-8080-exec-10] DEBUG o.s.w.s.m.m.a.HttpEntityMethodProcessor - Writing [{message=Calificación no encontrada}]
2026-05-26 03:54:03 [http-nio-8080-exec-6] DEBUG o.s.web.servlet.DispatcherServlet - Completed 404 NOT_FOUND
2026-05-26 03:54:03 [http-nio-8080-exec-10] DEBUG o.s.web.servlet.DispatcherServlet - Completed 404 NOT_FOUND
2026-05-26 03:54:03 [http-nio-8080-exec-4] WARN  c.t.b.r.controller.ReportController - GET /reports/session/specialist - not found: Reporte no encontrado
2026-05-26 03:54:03 [http-nio-8080-exec-2] WARN  c.t.b.r.controller.ReportController - GET /reports/session/specialist - not found: Reporte no encontrado
2026-05-26 03:54:03 [http-nio-8080-exec-4] DEBUG o.s.w.s.m.m.a.HttpEntityMethodProcessor - Using 'application/json', given [application/json, text/plain, */*] and supported [application/json, application/*+json, application/yaml]
2026-05-26 03:54:03 [http-nio-8080-exec-2] DEBUG o.s.w.s.m.m.a.HttpEntityMethodProcessor - Using 'application/json', given [application/json, text/plain, */*] and supported [application/json, application/*+json, application/yaml]
2026-05-26 03:54:03 [http-nio-8080-exec-4] DEBUG o.s.w.s.m.m.a.HttpEntityMethodProcessor - Writing [{message=Reporte no encontrado}]
2026-05-26 03:54:03 [http-nio-8080-exec-2] DEBUG o.s.w.s.m.m.a.HttpEntityMethodProcessor - Writing [{message=Reporte no encontrado}]
2026-05-26 03:54:03 [http-nio-8080-exec-4] DEBUG o.s.web.servlet.DispatcherServlet - Completed 404 NOT_FOUND
2026-05-26 03:54:03 [http-nio-8080-exec-2] DEBUG o.s.web.servlet.DispatcherServlet - Completed 404 NOT_FOUND
2026-05-26 03:54:03 [http-nio-8080-exec-1] WARN  c.t.b.r.controller.ReportController - GET /reports/session/specialist - not found: Reporte no encontrado
2026-05-26 03:54:03 [http-nio-8080-exec-5] WARN  c.t.b.r.controller.ReportController - GET /reports/session/specialist - not found: Reporte no encontrado
2026-05-26 03:54:03 [http-nio-8080-exec-5] DEBUG o.s.w.s.m.m.a.HttpEntityMethodProcessor - Using 'application/json', given [application/json, text/plain, */*] and supported [application/json, application/*+json, application/yaml]
2026-05-26 03:54:03 [http-nio-8080-exec-1] DEBUG o.s.w.s.m.m.a.HttpEntityMethodProcessor - Using 'application/json', given [application/json, text/plain, */*] and supported [application/json, application/*+json, application/yaml]
2026-05-26 03:54:03 [http-nio-8080-exec-5] DEBUG o.s.w.s.m.m.a.HttpEntityMethodProcessor - Writing [{message=Reporte no encontrado}]
2026-05-26 03:54:03 [http-nio-8080-exec-1] DEBUG o.s.w.s.m.m.a.HttpEntityMethodProcessor - Writing [{message=Reporte no encontrado}]
2026-05-26 03:54:03 [http-nio-8080-exec-1] DEBUG o.s.web.servlet.DispatcherServlet - Completed 404 NOT_FOUND
2026-05-26 03:54:03 [http-nio-8080-exec-5] DEBUG o.s.web.servlet.DispatcherServlet - Completed 404 NOT_FOUND
2026-05-26 03:54:39 [http-nio-8080-exec-7] DEBUG o.s.web.servlet.DispatcherServlet - GET "/api/v1/notifications/specialist/17", parameters={}
2026-05-26 03:54:39 [http-nio-8080-exec-9] DEBUG o.s.web.servlet.DispatcherServlet - GET "/api/v1/notifications/specialist/17/unread-count", parameters={}
2026-05-26 03:54:39 [http-nio-8080-exec-7] DEBUG o.s.w.s.m.m.a.RequestMappingHandlerMapping - Mapped to com.takecare.backend.notification.controller.NotificationController#listBySpecialist(Integer)
2026-05-26 03:54:39 [http-nio-8080-exec-9] DEBUG o.s.w.s.m.m.a.RequestMappingHandlerMapping - Mapped to com.takecare.backend.notification.controller.NotificationController#unreadCount(Integer)
2026-05-26 03:54:39 [http-nio-8080-exec-9] INFO  c.t.b.n.c.NotificationController - GET /api/v1/notifications/specialist/17/unread-count
2026-05-26 03:54:39 [http-nio-8080-exec-7] INFO  c.t.b.n.c.NotificationController - GET /api/v1/notifications/specialist/17 - listing notifications
2026-05-26 03:54:40 [http-nio-8080-exec-7] INFO  c.t.b.n.service.NotificationService - Listing notifications for specialist id: 17
2026-05-26 03:54:42 [http-nio-8080-exec-9] DEBUG o.s.w.s.m.m.a.HttpEntityMethodProcessor - Using 'application/json', given [application/json, text/plain, */*] and supported [application/json, application/*+json, application/yaml]
2026-05-26 03:54:42 [http-nio-8080-exec-9] DEBUG o.s.w.s.m.m.a.HttpEntityMethodProcessor - Writing [com.takecare.backend.notification.dto.UnreadNotificationCountDto@22603780]
2026-05-26 03:54:42 [http-nio-8080-exec-9] DEBUG o.s.web.servlet.DispatcherServlet - Completed 200 OK
2026-05-26 03:54:42 [http-nio-8080-exec-3] DEBUG o.s.web.servlet.DispatcherServlet - GET "/api/v1/notifications/specialist/17/unread-count", parameters={}
2026-05-26 03:54:42 [http-nio-8080-exec-3] DEBUG o.s.w.s.m.m.a.RequestMappingHandlerMapping - Mapped to com.takecare.backend.notification.controller.NotificationController#unreadCount(Integer)
2026-05-26 03:54:42 [http-nio-8080-exec-3] INFO  c.t.b.n.c.NotificationController - GET /api/v1/notifications/specialist/17/unread-count
2026-05-26 03:54:42 [http-nio-8080-exec-7] DEBUG o.s.w.s.m.m.a.HttpEntityMethodProcessor - Using 'application/json', given [application/json, text/plain, */*] and supported [application/json, application/*+json, application/yaml]
2026-05-26 03:54:42 [http-nio-8080-exec-7] DEBUG o.s.w.s.m.m.a.HttpEntityMethodProcessor - Writing [[com.takecare.backend.notification.dto.NotificationResponseDto@6a8902e6, com.takecare.backend.notifi (truncated)...]
2026-05-26 03:54:42 [http-nio-8080-exec-7] DEBUG o.s.web.servlet.DispatcherServlet - Completed 200 OK
2026-05-26 03:54:42 [http-nio-8080-exec-8] DEBUG o.s.web.servlet.DispatcherServlet - GET "/api/v1/notifications/specialist/17", parameters={}
2026-05-26 03:54:42 [http-nio-8080-exec-8] DEBUG o.s.w.s.m.m.a.RequestMappingHandlerMapping - Mapped to com.takecare.backend.notification.controller.NotificationController#listBySpecialist(Integer)
2026-05-26 03:54:42 [http-nio-8080-exec-8] INFO  c.t.b.n.c.NotificationController - GET /api/v1/notifications/specialist/17 - listing notifications
2026-05-26 03:54:43 [http-nio-8080-exec-8] INFO  c.t.b.n.service.NotificationService - Listing notifications for specialist id: 17
2026-05-26 03:54:45 [http-nio-8080-exec-3] DEBUG o.s.w.s.m.m.a.HttpEntityMethodProcessor - Using 'application/json', given [application/json, text/plain, */*] and supported [application/json, application/*+json, application/yaml]
2026-05-26 03:54:45 [http-nio-8080-exec-3] DEBUG o.s.w.s.m.m.a.HttpEntityMethodProcessor - Writing [com.takecare.backend.notification.dto.UnreadNotificationCountDto@6ba4b5a5]
2026-05-26 03:54:45 [http-nio-8080-exec-3] DEBUG o.s.web.servlet.DispatcherServlet - Completed 200 OK
2026-05-26 03:54:45 [http-nio-8080-exec-8] DEBUG o.s.w.s.m.m.a.HttpEntityMethodProcessor - Using 'application/json', given [application/json, text/plain, */*] and supported [application/json, application/*+json, application/yaml]
2026-05-26 03:54:45 [http-nio-8080-exec-8] DEBUG o.s.w.s.m.m.a.HttpEntityMethodProcessor - Writing [[com.takecare.backend.notification.dto.NotificationResponseDto@6dd99d30, com.takecare.backend.notifi (truncated)...]
2026-05-26 03:54:45 [http-nio-8080-exec-8] DEBUG o.s.web.servlet.DispatcherServlet - Completed 200 OK
2026-05-26 03:54:46 [http-nio-8080-exec-6] DEBUG o.s.web.servlet.DispatcherServlet - PUT "/api/v1/notifications/38/read-status", parameters={}
2026-05-26 03:54:46 [http-nio-8080-exec-6] DEBUG o.s.w.s.m.m.a.RequestMappingHandlerMapping - Mapped to com.takecare.backend.notification.controller.NotificationController#updateReadStatus(Integer, UpdateNotificationStatusRequestDto)
2026-05-26 03:54:46 [http-nio-8080-exec-6] DEBUG o.s.w.s.m.m.a.RequestResponseBodyMethodProcessor - Read "application/json;charset=UTF-8" to [com.takecare.backend.notification.dto.UpdateNotificationStatusRequestDto@4b122c13]
2026-05-26 03:54:46 [http-nio-8080-exec-6] INFO  c.t.b.n.c.NotificationController - PUT /api/v1/notifications/38/read-status
2026-05-26 03:54:47 [http-nio-8080-exec-6] INFO  c.t.b.n.service.NotificationService - Notification id: 38 updated to status: 1
2026-05-26 03:54:48 [http-nio-8080-exec-6] DEBUG org.springframework.web.SimpLogging - Processing MESSAGE destination=/topic/notifications/specialist/17 session=null payload={"eventType":"NOTIFICATION_STATUS_UPDATED","unreadCount":0,"notification":{"id":...(truncated)
2026-05-26 03:54:48 [http-nio-8080-exec-6] INFO  c.t.b.n.service.NotificationService - Notification event NOTIFICATION_STATUS_UPDATED sent to topic /topic/notifications/specialist/17
2026-05-26 03:54:49 [http-nio-8080-exec-6] DEBUG o.s.w.s.m.m.a.HttpEntityMethodProcessor - Using 'application/json', given [application/json, text/plain, */*] and supported [application/json, application/*+json, application/yaml]
2026-05-26 03:54:49 [http-nio-8080-exec-6] DEBUG o.s.w.s.m.m.a.HttpEntityMethodProcessor - Writing [com.takecare.backend.notification.dto.NotificationResponseDto@4c6cf947]
2026-05-26 03:54:49 [http-nio-8080-exec-6] DEBUG o.s.web.servlet.DispatcherServlet - Completed 200 OK
2026-05-26 03:55:00 [http-nio-8080-exec-2] DEBUG o.s.web.servlet.DispatcherServlet - PATCH "/api/v1/sessions/18/status", parameters={}
2026-05-26 03:55:00 [http-nio-8080-exec-2] DEBUG o.s.w.s.m.m.a.RequestMappingHandlerMapping - Mapped to com.takecare.backend.session.controller.SessionController#updateSessionStatus(Integer, UpdateSessionStatusRequestDTO)
2026-05-26 03:55:00 [http-nio-8080-exec-2] DEBUG o.s.w.s.m.m.a.RequestResponseBodyMethodProcessor - Read "application/json;charset=UTF-8" to [com.takecare.backend.session.dto.UpdateSessionStatusRequestDTO@19ed7b98]
2026-05-26 03:55:00 [http-nio-8080-exec-2] INFO  c.t.b.s.controller.SessionController - PATCH session status - id=18 specialistId=17 action=accept
2026-05-26 03:55:01 [http-nio-8080-exec-2] INFO  c.t.b.session.service.SessionService - PATCH session status. sessionId=18, specialistId=17, action=accept
2026-05-26 03:55:01 [http-nio-8080-exec-2] INFO  c.t.b.n.service.NotificationService - Notification created successfully with id: 39 for specialist id: 17
2026-05-26 03:55:02 [http-nio-8080-exec-2] DEBUG org.springframework.web.SimpLogging - Processing MESSAGE destination=/topic/notifications/specialist/17 session=null payload={"eventType":"NOTIFICATION_CREATED","unreadCount":1,"notification":{"id":39,"ses...(truncated)
2026-05-26 03:55:02 [http-nio-8080-exec-2] INFO  c.t.b.n.service.NotificationService - Notification event NOTIFICATION_CREATED sent to topic /topic/notifications/specialist/17
2026-05-26 03:55:02 [http-nio-8080-exec-2] INFO  c.t.b.session.service.SessionService - Session status updated. sessionId=18, newStatus=2, scheduleStatus=1
2026-05-26 03:55:03 [http-nio-8080-exec-2] INFO  c.t.b.s.controller.SessionController - PATCH session status completed - id=18 status=2
2026-05-26 03:55:03 [http-nio-8080-exec-2] DEBUG o.s.w.s.m.m.a.HttpEntityMethodProcessor - Using 'application/json', given [application/json, text/plain, */*] and supported [application/json, application/*+json, application/yaml]
2026-05-26 03:55:03 [http-nio-8080-exec-2] DEBUG o.s.w.s.m.m.a.HttpEntityMethodProcessor - Writing [com.takecare.backend.session.dto.SessionStatusResponseDTO@6c2b3f00]
2026-05-26 03:55:03 [http-nio-8080-exec-2] DEBUG o.s.web.servlet.DispatcherServlet - Completed 200 OK
2026-05-26 03:55:13 [http-nio-8080-exec-7] DEBUG o.s.web.servlet.DispatcherServlet - POST "/api/v1/auth/login", parameters={}
2026-05-26 03:55:13 [http-nio-8080-exec-7] DEBUG o.s.w.s.m.m.a.RequestMappingHandlerMapping - Mapped to com.takecare.backend.auth.controller.AuthController#login(LoginRequestDTO)
2026-05-26 03:55:13 [http-nio-8080-exec-7] DEBUG o.s.w.s.m.m.a.RequestResponseBodyMethodProcessor - Read "application/json;charset=UTF-8" to [com.takecare.backend.auth.DTO.LoginRequestDTO@73263bdd]
2026-05-26 03:55:14 [http-nio-8080-exec-7] DEBUG o.s.w.s.m.m.a.HttpEntityMethodProcessor - Using 'application/json', given [application/json, text/plain, */*] and supported [application/json, application/*+json, application/yaml]
2026-05-26 03:55:14 [http-nio-8080-exec-7] DEBUG o.s.w.s.m.m.a.HttpEntityMethodProcessor - Writing [com.takecare.backend.auth.DTO.ApiResponseDTO@7e72dc91]
2026-05-26 03:55:14 [http-nio-8080-exec-7] DEBUG o.s.web.servlet.DispatcherServlet - Completed 200 OK
2026-05-26 03:55:16 [http-nio-8080-exec-3] DEBUG o.s.web.servlet.DispatcherServlet - GET "/api/v1/sessions/patient/13", parameters={}
2026-05-26 03:55:16 [http-nio-8080-exec-3] DEBUG o.s.w.s.m.m.a.RequestMappingHandlerMapping - Mapped to com.takecare.backend.session.controller.SessionController#listByPatient(Integer)
2026-05-26 03:55:16 [http-nio-8080-exec-3] INFO  c.t.b.s.controller.SessionController - GET sessions by patientId=13
2026-05-26 03:55:22 [http-nio-8080-exec-3] DEBUG o.s.w.s.m.m.a.HttpEntityMethodProcessor - Using 'application/json', given [application/json, text/plain, */*] and supported [application/json, application/*+json, application/yaml]
2026-05-26 03:55:22 [http-nio-8080-exec-3] DEBUG o.s.w.s.m.m.a.HttpEntityMethodProcessor - Writing [[com.takecare.backend.session.dto.SessionResponseDTO@66c163ef, com.takecare.backend.session.dto.Sess (truncated)...]
2026-05-26 03:55:22 [http-nio-8080-exec-3] DEBUG o.s.web.servlet.DispatcherServlet - Completed 200 OK
2026-05-26 13:06:29 [restartedMain] INFO  c.t.backend.TakeCareApplication - Starting TakeCareApplication using Java 17.0.18 with PID 5252 (C:\Users\usser\Desktop\Uni\TallerSISINFO\takecare\backend\target\classes started by usser in C:\Users\usser\Desktop\Uni\TallerSISINFO\takecare\backend)
2026-05-26 13:06:29 [restartedMain] INFO  c.t.backend.TakeCareApplication - No active profile set, falling back to 1 default profile: "default"
2026-05-26 13:06:59 [restartedMain] INFO  c.t.b.s.s.OrientationMaterialService - Orientation materials storage ready at: C:\Users\usser\Desktop\Uni\TallerSISINFO\takecare\backend\uploads\orientation-materials
2026-05-26 13:06:59 [restartedMain] INFO  c.t.b.u.s.ClinicalDocumentService - Clinical docs storage ready at: C:\Users\usser\Desktop\Uni\TallerSISINFO\takecare\backend\uploads\clinical-docs
2026-05-26 13:06:59 [restartedMain] WARN  o.s.b.a.o.j.JpaBaseConfiguration$JpaWebConfiguration - spring.jpa.open-in-view is enabled by default. Therefore, database queries may be performed during view rendering. Explicitly configure spring.jpa.open-in-view to disable this warning
2026-05-26 13:06:59 [restartedMain] DEBUG o.s.w.s.s.s.WebSocketHandlerMapping - Patterns [/ws-takecare/**] in 'stompWebSocketHandlerMapping'
2026-05-26 13:06:59 [restartedMain] DEBUG o.s.w.s.m.m.a.RequestMappingHandlerMapping - 86 mappings in 'requestMappingHandlerMapping'
2026-05-26 13:07:00 [restartedMain] DEBUG o.s.w.s.h.SimpleUrlHandlerMapping - Patterns [/webjars/**, /**, /swagger-ui*/*swagger-initializer.js, /swagger-ui*/**] in 'resourceHandlerMapping'
2026-05-26 13:07:00 [restartedMain] WARN  o.s.b.a.s.s.UserDetailsServiceAutoConfiguration - 

Using generated security password: 9fb7714c-3144-42b6-9d7e-b79f967f98bb

This generated password is for development use only. Your security configuration must be updated before running your application in production.

2026-05-26 13:07:00 [restartedMain] DEBUG o.s.w.s.m.WebSocketAnnotationMethodMessageHandler - 
	c.t.b.a.c.AuthController:
	
2026-05-26 13:07:00 [restartedMain] DEBUG o.s.w.s.m.WebSocketAnnotationMethodMessageHandler - 
	c.t.b.c.c.CalificationController:
	
2026-05-26 13:07:00 [restartedMain] DEBUG o.s.w.s.m.WebSocketAnnotationMethodMessageHandler - 
	c.t.b.n.c.NotificationController:
	
2026-05-26 13:07:00 [restartedMain] DEBUG o.s.w.s.m.WebSocketAnnotationMethodMessageHandler - 
	c.t.b.r.c.ReportController:
	
2026-05-26 13:07:00 [restartedMain] DEBUG o.s.w.s.m.WebSocketAnnotationMethodMessageHandler - 
	c.t.b.s.c.SessionController:
	
2026-05-26 13:07:00 [restartedMain] DEBUG o.s.w.s.m.WebSocketAnnotationMethodMessageHandler - 
	c.t.b.s.c.TestController:
	
2026-05-26 13:07:00 [restartedMain] DEBUG o.s.w.s.m.WebSocketAnnotationMethodMessageHandler - 
	c.t.b.s.c.SpecialistScheduleController:
	
2026-05-26 13:07:00 [restartedMain] DEBUG o.s.w.s.m.WebSocketAnnotationMethodMessageHandler - 
	c.t.b.s.c.OrientationMaterialController:
	
2026-05-26 13:07:00 [restartedMain] DEBUG o.s.w.s.m.WebSocketAnnotationMethodMessageHandler - 
	c.t.b.s.c.SupportMaterialController:
	
2026-05-26 13:07:00 [restartedMain] DEBUG o.s.w.s.m.WebSocketAnnotationMethodMessageHandler - 
	c.t.b.u.c.AdminController:
	
2026-05-26 13:07:00 [restartedMain] DEBUG o.s.w.s.m.WebSocketAnnotationMethodMessageHandler - 
	c.t.b.u.c.ClinicalDocumentController:
	
2026-05-26 13:07:00 [restartedMain] DEBUG o.s.w.s.m.WebSocketAnnotationMethodMessageHandler - 
	c.t.b.u.c.PatientController:
	
2026-05-26 13:07:00 [restartedMain] DEBUG o.s.w.s.m.WebSocketAnnotationMethodMessageHandler - 
	c.t.b.u.c.SpecialistController:
	
2026-05-26 13:07:00 [restartedMain] DEBUG o.s.w.s.m.WebSocketAnnotationMethodMessageHandler - 
	c.t.b.u.c.UserController:
	
2026-05-26 13:07:00 [restartedMain] DEBUG o.s.w.s.m.WebSocketAnnotationMethodMessageHandler - 
	c.t.b.u.c.UserProfileController:
	
2026-05-26 13:07:00 [restartedMain] DEBUG o.s.w.s.m.WebSocketAnnotationMethodMessageHandler - 
	o.s.b.a.w.s.e.BasicErrorController:
	
2026-05-26 13:07:00 [restartedMain] DEBUG o.s.w.s.m.WebSocketAnnotationMethodMessageHandler - 
	o.s.w.a.OpenApiWebMvcResource:
	
2026-05-26 13:07:00 [restartedMain] DEBUG o.s.w.s.m.WebSocketAnnotationMethodMessageHandler - 
	o.s.w.u.SwaggerWelcomeWebMvc:
	
2026-05-26 13:07:00 [restartedMain] DEBUG o.s.w.s.m.WebSocketAnnotationMethodMessageHandler - 
	o.s.w.u.SwaggerConfigResource:
	
2026-05-26 13:07:00 [restartedMain] DEBUG o.s.w.s.m.m.a.RequestMappingHandlerAdapter - ControllerAdvice beans: 0 @ModelAttribute, 0 @InitBinder, 1 RequestBodyAdvice, 1 ResponseBodyAdvice
2026-05-26 13:07:00 [restartedMain] DEBUG o.s.w.s.m.m.a.ExceptionHandlerExceptionResolver - ControllerAdvice beans: 1 @ExceptionHandler, 1 ResponseBodyAdvice
2026-05-26 13:07:00 [restartedMain] DEBUG org.springframework.web.SimpLogging - clientOutboundChannel added SubProtocolWebSocketHandler[StompSubProtocolHandler[v10.stomp, v11.stomp, v12.stomp]]
2026-05-26 13:07:00 [restartedMain] DEBUG org.springframework.web.SimpLogging - clientInboundChannel added WebSocketAnnotationMethodMessageHandler[prefixes=[/app/]]
2026-05-26 13:07:00 [restartedMain] INFO  org.springframework.web.SimpLogging - Starting...
2026-05-26 13:07:00 [restartedMain] DEBUG org.springframework.web.SimpLogging - clientInboundChannel added SimpleBrokerMessageHandler [org.springframework.messaging.simp.broker.DefaultSubscriptionRegistry@33fab5d9]
2026-05-26 13:07:00 [restartedMain] DEBUG org.springframework.web.SimpLogging - brokerChannel added SimpleBrokerMessageHandler [org.springframework.messaging.simp.broker.DefaultSubscriptionRegistry@33fab5d9]
2026-05-26 13:07:00 [restartedMain] INFO  org.springframework.web.SimpLogging - BrokerAvailabilityEvent[available=true, SimpleBrokerMessageHandler [org.springframework.messaging.simp.broker.DefaultSubscriptionRegistry@33fab5d9]]
2026-05-26 13:07:00 [restartedMain] INFO  org.springframework.web.SimpLogging - Started.
2026-05-26 13:07:00 [restartedMain] DEBUG org.springframework.web.SimpLogging - clientInboundChannel added UserDestinationMessageHandler[DefaultUserDestinationResolver[prefix=/user/]]
2026-05-26 13:07:00 [restartedMain] DEBUG org.springframework.web.SimpLogging - brokerChannel added UserDestinationMessageHandler[DefaultUserDestinationResolver[prefix=/user/]]
2026-05-26 13:07:00 [restartedMain] INFO  c.t.backend.TakeCareApplication - Started TakeCareApplication in 31.124 seconds (process running for 31.549)
2026-05-26 13:07:10 [http-nio-8080-exec-3] INFO  o.s.web.servlet.DispatcherServlet - Initializing Servlet 'dispatcherServlet'
2026-05-26 13:07:10 [http-nio-8080-exec-3] DEBUG o.s.web.servlet.DispatcherServlet - Detected StandardServletMultipartResolver
2026-05-26 13:07:10 [http-nio-8080-exec-3] DEBUG o.s.web.servlet.DispatcherServlet - Detected AcceptHeaderLocaleResolver
2026-05-26 13:07:10 [http-nio-8080-exec-3] DEBUG o.s.web.servlet.DispatcherServlet - Detected FixedThemeResolver
2026-05-26 13:07:10 [http-nio-8080-exec-3] DEBUG o.s.web.servlet.DispatcherServlet - Detected org.springframework.web.servlet.view.DefaultRequestToViewNameTranslator@42f756ff
2026-05-26 13:07:10 [http-nio-8080-exec-3] DEBUG o.s.web.servlet.DispatcherServlet - Detected org.springframework.web.servlet.support.SessionFlashMapManager@1668e194
2026-05-26 13:07:10 [http-nio-8080-exec-3] DEBUG o.s.web.servlet.DispatcherServlet - enableLoggingRequestDetails='false': request parameters and headers will be masked to prevent unsafe logging of potentially sensitive data
2026-05-26 13:07:10 [http-nio-8080-exec-3] INFO  o.s.web.servlet.DispatcherServlet - Completed initialization in 4 ms
2026-05-26 13:07:10 [http-nio-8080-exec-1] DEBUG o.s.web.servlet.DispatcherServlet - GET "/api/v1/notifications/patient/13/unread-count", parameters={}
2026-05-26 13:07:10 [http-nio-8080-exec-3] DEBUG o.s.web.servlet.DispatcherServlet - GET "/api/v1/sessions/patient/13", parameters={}
2026-05-26 13:07:10 [http-nio-8080-exec-1] DEBUG o.s.w.s.m.m.a.RequestMappingHandlerMapping - Mapped to com.takecare.backend.notification.controller.NotificationController#patientUnreadCount(Integer)
2026-05-26 13:07:10 [http-nio-8080-exec-3] DEBUG o.s.w.s.m.m.a.RequestMappingHandlerMapping - Mapped to com.takecare.backend.session.controller.SessionController#listByPatient(Integer)
2026-05-26 13:07:10 [http-nio-8080-exec-3] INFO  c.t.b.s.controller.SessionController - GET sessions by patientId=13
2026-05-26 13:07:10 [http-nio-8080-exec-1] INFO  c.t.b.n.c.NotificationController - GET /api/v1/notifications/patient/13/unread-count
2026-05-26 13:07:12 [http-nio-8080-exec-1] DEBUG o.s.w.s.m.m.a.HttpEntityMethodProcessor - Using 'application/json', given [application/json, text/plain, */*] and supported [application/json, application/*+json, application/yaml]
2026-05-26 13:07:12 [http-nio-8080-exec-1] DEBUG o.s.w.s.m.m.a.HttpEntityMethodProcessor - Writing [com.takecare.backend.notification.dto.UnreadNotificationCountDto@1e723d54]
2026-05-26 13:07:12 [http-nio-8080-exec-1] DEBUG o.s.web.servlet.DispatcherServlet - Completed 200 OK
2026-05-26 13:07:14 [http-nio-8080-exec-3] DEBUG o.s.w.s.m.m.a.HttpEntityMethodProcessor - Using 'application/json', given [application/json, text/plain, */*] and supported [application/json, application/*+json, application/yaml]
2026-05-26 13:07:14 [http-nio-8080-exec-3] DEBUG o.s.w.s.m.m.a.HttpEntityMethodProcessor - Writing [[com.takecare.backend.session.dto.SessionResponseDTO@cedd32f, com.takecare.backend.session.dto.Sessi (truncated)...]
2026-05-26 13:07:14 [http-nio-8080-exec-3] DEBUG o.s.web.servlet.DispatcherServlet - Completed 200 OK
2026-05-26 13:07:14 [http-nio-8080-exec-2] DEBUG o.s.web.servlet.DispatcherServlet - GET "/api/v1/sessions/17/specialist-ratings", parameters={}
2026-05-26 13:07:14 [http-nio-8080-exec-4] DEBUG o.s.web.servlet.DispatcherServlet - GET "/api/v1/reports/session/17/patient/13", parameters={}
2026-05-26 13:07:14 [http-nio-8080-exec-2] DEBUG o.s.w.s.m.m.a.RequestMappingHandlerMapping - Mapped to com.takecare.backend.calification.controller.CalificationController#getSpecialistRating(Integer)
2026-05-26 13:07:14 [http-nio-8080-exec-4] DEBUG o.s.w.s.m.m.a.RequestMappingHandlerMapping - Mapped to com.takecare.backend.report.controller.ReportController#getPatientReportBySession(Integer, Integer)
2026-05-26 13:07:14 [http-nio-8080-exec-4] INFO  c.t.b.r.controller.ReportController - GET /reports/session/17/patient/13
2026-05-26 13:07:14 [http-nio-8080-exec-2] INFO  c.t.b.c.c.CalificationController - GET /api/v1/sessions/17/specialist-ratings
2026-05-26 13:07:16 [http-nio-8080-exec-2] INFO  c.t.b.c.service.CalificationService - Get patient rating. sessionId=17, specialistId=17, patientId=13
2026-05-26 13:07:16 [http-nio-8080-exec-4] ERROR c.t.b.report.service.ReportService - Error fetching patient report for sessionId=17 patientId=13
java.util.NoSuchElementException: Reporte no encontrado
	at com.takecare.backend.report.service.ReportService.lambda$7(ReportService.java:267)
	at java.base/java.util.Optional.orElseThrow(Optional.java:403)
	at com.takecare.backend.report.service.ReportService.getPatientReportBySession(ReportService.java:267)
	at java.base/jdk.internal.reflect.NativeMethodAccessorImpl.invoke0(Native Method)
	at java.base/jdk.internal.reflect.NativeMethodAccessorImpl.invoke(NativeMethodAccessorImpl.java:77)
	at java.base/jdk.internal.reflect.DelegatingMethodAccessorImpl.invoke(DelegatingMethodAccessorImpl.java:43)
	at java.base/java.lang.reflect.Method.invoke(Method.java:569)
	at org.springframework.aop.support.AopUtils.invokeJoinpointUsingReflection(AopUtils.java:360)
	at org.springframework.aop.framework.ReflectiveMethodInvocation.invokeJoinpoint(ReflectiveMethodInvocation.java:196)
	at org.springframework.aop.framework.ReflectiveMethodInvocation.proceed(ReflectiveMethodInvocation.java:163)
	at org.springframework.transaction.interceptor.TransactionAspectSupport.invokeWithinTransaction(TransactionAspectSupport.java:380)
	at org.springframework.transaction.interceptor.TransactionInterceptor.invoke(TransactionInterceptor.java:119)
	at org.springframework.aop.framework.ReflectiveMethodInvocation.proceed(ReflectiveMethodInvocation.java:184)
	at org.springframework.aop.framework.CglibAopProxy$DynamicAdvisedInterceptor.intercept(CglibAopProxy.java:728)
	at com.takecare.backend.report.service.ReportService$$SpringCGLIB$$0.getPatientReportBySession(<generated>)
	at com.takecare.backend.report.controller.ReportController.getPatientReportBySession(ReportController.java:159)
	at java.base/jdk.internal.reflect.NativeMethodAccessorImpl.invoke0(Native Method)
	at java.base/jdk.internal.reflect.NativeMethodAccessorImpl.invoke(NativeMethodAccessorImpl.java:77)
	at java.base/jdk.internal.reflect.DelegatingMethodAccessorImpl.invoke(DelegatingMethodAccessorImpl.java:43)
	at java.base/java.lang.reflect.Method.invoke(Method.java:569)
	at org.springframework.web.method.support.InvocableHandlerMethod.doInvoke(InvocableHandlerMethod.java:258)
	at org.springframework.web.method.support.InvocableHandlerMethod.invokeForRequest(InvocableHandlerMethod.java:191)
	at org.springframework.web.servlet.mvc.method.annotation.ServletInvocableHandlerMethod.invokeAndHandle(ServletInvocableHandlerMethod.java:118)
	at org.springframework.web.servlet.mvc.method.annotation.RequestMappingHandlerAdapter.invokeHandlerMethod(RequestMappingHandlerAdapter.java:991)
	at org.springframework.web.servlet.mvc.method.annotation.RequestMappingHandlerAdapter.handleInternal(RequestMappingHandlerAdapter.java:896)
	at org.springframework.web.servlet.mvc.method.AbstractHandlerMethodAdapter.handle(AbstractHandlerMethodAdapter.java:87)
	at org.springframework.web.servlet.DispatcherServlet.doDispatch(DispatcherServlet.java:1089)
	at org.springframework.web.servlet.DispatcherServlet.doService(DispatcherServlet.java:979)
	at org.springframework.web.servlet.FrameworkServlet.processRequest(FrameworkServlet.java:1014)
	at org.springframework.web.servlet.FrameworkServlet.doGet(FrameworkServlet.java:903)
	at jakarta.servlet.http.HttpServlet.service(HttpServlet.java:564)
	at org.springframework.web.servlet.FrameworkServlet.service(FrameworkServlet.java:885)
	at jakarta.servlet.http.HttpServlet.service(HttpServlet.java:658)
	at org.apache.catalina.core.ApplicationFilterChain.internalDoFilter(ApplicationFilterChain.java:193)
	at org.apache.catalina.core.ApplicationFilterChain.doFilter(ApplicationFilterChain.java:138)
	at org.apache.tomcat.websocket.server.WsFilter.doFilter(WsFilter.java:51)
	at org.apache.catalina.core.ApplicationFilterChain.internalDoFilter(ApplicationFilterChain.java:162)
	at org.apache.catalina.core.ApplicationFilterChain.doFilter(ApplicationFilterChain.java:138)
	at org.springframework.web.filter.CompositeFilter$VirtualFilterChain.doFilter(CompositeFilter.java:108)
	at org.springframework.web.filter.CompositeFilter$VirtualFilterChain.doFilter(CompositeFilter.java:108)
	at org.springframework.security.web.FilterChainProxy.lambda$doFilterInternal$3(FilterChainProxy.java:231)
	at org.springframework.security.web.FilterChainProxy$VirtualFilterChain.doFilter(FilterChainProxy.java:365)
	at org.springframework.security.web.access.intercept.AuthorizationFilter.doFilter(AuthorizationFilter.java:101)
	at org.springframework.security.web.FilterChainProxy$VirtualFilterChain.doFilter(FilterChainProxy.java:374)
	at org.springframework.security.web.access.ExceptionTranslationFilter.doFilter(ExceptionTranslationFilter.java:125)
	at org.springframework.security.web.access.ExceptionTranslationFilter.doFilter(ExceptionTranslationFilter.java:119)
	at org.springframework.security.web.FilterChainProxy$VirtualFilterChain.doFilter(FilterChainProxy.java:374)
	at org.springframework.security.web.authentication.AnonymousAuthenticationFilter.doFilter(AnonymousAuthenticationFilter.java:100)
	at org.springframework.security.web.FilterChainProxy$VirtualFilterChain.doFilter(FilterChainProxy.java:374)
	at org.springframework.security.web.servletapi.SecurityContextHolderAwareRequestFilter.doFilter(SecurityContextHolderAwareRequestFilter.java:179)
	at org.springframework.security.web.FilterChainProxy$VirtualFilterChain.doFilter(FilterChainProxy.java:374)
	at org.springframework.security.web.savedrequest.RequestCacheAwareFilter.doFilter(RequestCacheAwareFilter.java:63)
	at org.springframework.security.web.FilterChainProxy$VirtualFilterChain.doFilter(FilterChainProxy.java:374)
	at org.springframework.security.web.authentication.logout.LogoutFilter.doFilter(LogoutFilter.java:107)
	at org.springframework.security.web.authentication.logout.LogoutFilter.doFilter(LogoutFilter.java:93)
	at org.springframework.security.web.FilterChainProxy$VirtualFilterChain.doFilter(FilterChainProxy.java:374)
	at org.springframework.web.filter.CorsFilter.doFilterInternal(CorsFilter.java:91)
	at org.springframework.web.filter.OncePerRequestFilter.doFilter(OncePerRequestFilter.java:116)
	at org.springframework.security.web.FilterChainProxy$VirtualFilterChain.doFilter(FilterChainProxy.java:374)
	at org.springframework.security.web.header.HeaderWriterFilter.doHeadersAfter(HeaderWriterFilter.java:90)
	at org.springframework.security.web.header.HeaderWriterFilter.doFilterInternal(HeaderWriterFilter.java:75)
	at org.springframework.web.filter.OncePerRequestFilter.doFilter(OncePerRequestFilter.java:116)
	at org.springframework.security.web.FilterChainProxy$VirtualFilterChain.doFilter(FilterChainProxy.java:374)
	at org.springframework.security.web.context.SecurityContextHolderFilter.doFilter(SecurityContextHolderFilter.java:82)
	at org.springframework.security.web.context.SecurityContextHolderFilter.doFilter(SecurityContextHolderFilter.java:69)
	at org.springframework.security.web.FilterChainProxy$VirtualFilterChain.doFilter(FilterChainProxy.java:374)
	at org.springframework.security.web.context.request.async.WebAsyncManagerIntegrationFilter.doFilterInternal(WebAsyncManagerIntegrationFilter.java:62)
	at org.springframework.web.filter.OncePerRequestFilter.doFilter(OncePerRequestFilter.java:116)
	at org.springframework.security.web.FilterChainProxy$VirtualFilterChain.doFilter(FilterChainProxy.java:374)
	at org.springframework.security.web.session.DisableEncodeUrlFilter.doFilterInternal(DisableEncodeUrlFilter.java:42)
	at org.springframework.web.filter.OncePerRequestFilter.doFilter(OncePerRequestFilter.java:116)
	at org.springframework.security.web.FilterChainProxy$VirtualFilterChain.doFilter(FilterChainProxy.java:374)
	at org.springframework.security.web.FilterChainProxy.doFilterInternal(FilterChainProxy.java:233)
	at org.springframework.security.web.FilterChainProxy.doFilter(FilterChainProxy.java:191)
	at org.springframework.web.filter.CompositeFilter$VirtualFilterChain.doFilter(CompositeFilter.java:113)
	at org.springframework.web.filter.ServletRequestPathFilter.doFilter(ServletRequestPathFilter.java:52)
	at org.springframework.web.filter.CompositeFilter$VirtualFilterChain.doFilter(CompositeFilter.java:113)
	at org.springframework.web.filter.CompositeFilter.doFilter(CompositeFilter.java:74)
	at org.springframework.security.config.annotation.web.configuration.WebSecurityConfiguration$CompositeFilterChainProxy.doFilter(WebSecurityConfiguration.java:319)
	at org.springframework.web.filter.CompositeFilter$VirtualFilterChain.doFilter(CompositeFilter.java:113)
	at org.springframework.web.servlet.handler.HandlerMappingIntrospector.lambda$createCacheFilter$4(HandlerMappingIntrospector.java:267)
	at org.springframework.web.filter.CompositeFilter$VirtualFilterChain.doFilter(CompositeFilter.java:113)
	at org.springframework.web.filter.CompositeFilter.doFilter(CompositeFilter.java:74)
	at org.springframework.security.config.annotation.web.configuration.WebMvcSecurityConfiguration$CompositeFilterChainProxy.doFilter(WebMvcSecurityConfiguration.java:240)
	at org.springframework.web.filter.DelegatingFilterProxy.invokeDelegate(DelegatingFilterProxy.java:362)
	at org.springframework.web.filter.DelegatingFilterProxy.doFilter(DelegatingFilterProxy.java:278)
	at org.apache.catalina.core.ApplicationFilterChain.internalDoFilter(ApplicationFilterChain.java:162)
	at org.apache.catalina.core.ApplicationFilterChain.doFilter(ApplicationFilterChain.java:138)
	at org.springframework.web.filter.RequestContextFilter.doFilterInternal(RequestContextFilter.java:100)
	at org.springframework.web.filter.OncePerRequestFilter.doFilter(OncePerRequestFilter.java:116)
	at org.apache.catalina.core.ApplicationFilterChain.internalDoFilter(ApplicationFilterChain.java:162)
	at org.apache.catalina.core.ApplicationFilterChain.doFilter(ApplicationFilterChain.java:138)
	at org.springframework.web.filter.FormContentFilter.doFilterInternal(FormContentFilter.java:93)
	at org.springframework.web.filter.OncePerRequestFilter.doFilter(OncePerRequestFilter.java:116)
	at org.apache.catalina.core.ApplicationFilterChain.internalDoFilter(ApplicationFilterChain.java:162)
	at org.apache.catalina.core.ApplicationFilterChain.doFilter(ApplicationFilterChain.java:138)
	at org.springframework.web.filter.CharacterEncodingFilter.doFilterInternal(CharacterEncodingFilter.java:201)
	at org.springframework.web.filter.OncePerRequestFilter.doFilter(OncePerRequestFilter.java:116)
	at org.apache.catalina.core.ApplicationFilterChain.internalDoFilter(ApplicationFilterChain.java:162)
	at org.apache.catalina.core.ApplicationFilterChain.doFilter(ApplicationFilterChain.java:138)
	at org.apache.catalina.core.StandardWrapperValve.invoke(StandardWrapperValve.java:165)
	at org.apache.catalina.core.StandardContextValve.invoke(StandardContextValve.java:88)
	at org.apache.catalina.authenticator.AuthenticatorBase.invoke(AuthenticatorBase.java:492)
	at org.apache.catalina.core.StandardHostValve.invoke(StandardHostValve.java:113)
	at org.apache.catalina.valves.ErrorReportValve.invoke(ErrorReportValve.java:83)
	at org.apache.catalina.core.StandardEngineValve.invoke(StandardEngineValve.java:72)
	at org.apache.catalina.connector.CoyoteAdapter.service(CoyoteAdapter.java:342)
	at org.apache.coyote.http11.Http11Processor.service(Http11Processor.java:399)
	at org.apache.coyote.AbstractProcessorLight.process(AbstractProcessorLight.java:63)
	at org.apache.coyote.AbstractProtocol$ConnectionHandler.process(AbstractProtocol.java:903)
	at org.apache.tomcat.util.net.NioEndpoint$SocketProcessor.doRun(NioEndpoint.java:1775)
	at org.apache.tomcat.util.net.SocketProcessorBase.run(SocketProcessorBase.java:52)
	at org.apache.tomcat.util.threads.ThreadPoolExecutor.runWorker(ThreadPoolExecutor.java:973)
	at org.apache.tomcat.util.threads.ThreadPoolExecutor$Worker.run(ThreadPoolExecutor.java:491)
	at org.apache.tomcat.util.threads.TaskThread$WrappingRunnable.run(TaskThread.java:63)
	at java.base/java.lang.Thread.run(Thread.java:840)
2026-05-26 13:07:16 [http-nio-8080-exec-2] WARN  c.t.b.c.service.CalificationService - Get patient rating failed. sessionId=17, error=Calificación no encontrada
2026-05-26 13:07:17 [http-nio-8080-exec-4] WARN  c.t.b.r.controller.ReportController - GET /reports/session/patient - not found: Reporte no encontrado
2026-05-26 13:07:17 [http-nio-8080-exec-4] DEBUG o.s.w.s.m.m.a.HttpEntityMethodProcessor - Using 'application/json', given [application/json, text/plain, */*] and supported [application/json, application/*+json, application/yaml]
2026-05-26 13:07:17 [http-nio-8080-exec-4] DEBUG o.s.w.s.m.m.a.HttpEntityMethodProcessor - Writing [{message=Reporte no encontrado}]
2026-05-26 13:07:17 [http-nio-8080-exec-4] DEBUG o.s.web.servlet.DispatcherServlet - Completed 404 NOT_FOUND
2026-05-26 13:07:17 [http-nio-8080-exec-2] WARN  c.t.b.c.c.CalificationController - GET specialist rating - not found: Calificación no encontrada
2026-05-26 13:07:17 [http-nio-8080-exec-2] DEBUG o.s.w.s.m.m.a.HttpEntityMethodProcessor - Using 'application/json', given [application/json, text/plain, */*] and supported [application/json, application/*+json, application/yaml]
2026-05-26 13:07:17 [http-nio-8080-exec-2] DEBUG o.s.w.s.m.m.a.HttpEntityMethodProcessor - Writing [{message=Calificación no encontrada}]
2026-05-26 13:07:17 [http-nio-8080-exec-2] DEBUG o.s.web.servlet.DispatcherServlet - Completed 404 NOT_FOUND
2026-05-26 13:07:29 [http-nio-8080-exec-6] DEBUG o.s.web.servlet.DispatcherServlet - POST "/api/v1/sessions/17/specialist-ratings", parameters={}
2026-05-26 13:07:29 [http-nio-8080-exec-6] DEBUG o.s.w.s.m.m.a.RequestMappingHandlerMapping - Mapped to com.takecare.backend.calification.controller.CalificationController#createSpecialistRating(Integer, CreateCalificationRequestDTO)
2026-05-26 13:07:29 [http-nio-8080-exec-6] DEBUG o.s.w.s.m.m.a.RequestResponseBodyMethodProcessor - Read "application/json;charset=UTF-8" to [com.takecare.backend.calification.dto.CreateCalificationRequestDTO@63fca947]
2026-05-26 13:07:29 [http-nio-8080-exec-6] INFO  c.t.b.c.c.CalificationController - POST /api/v1/sessions/17/specialist-ratings
2026-05-26 13:07:30 [http-nio-8080-exec-6] INFO  c.t.b.c.service.CalificationService - Create patient rating. sessionId=17, specialistId=17, patientId=13
2026-05-26 13:07:31 [http-nio-8080-exec-6] INFO  c.t.b.c.service.CalificationService - Patient rating created. calificationId=24, sessionId=17, specialistId=17, patientId=13
2026-05-26 13:07:31 [http-nio-8080-exec-6] INFO  c.t.b.c.service.CalificationService - Specialist 17 reputation updated to 3.00
2026-05-26 13:07:32 [http-nio-8080-exec-6] DEBUG o.s.w.s.m.m.a.HttpEntityMethodProcessor - Using 'application/json', given [application/json, text/plain, */*] and supported [application/json, application/*+json, application/yaml]
2026-05-26 13:07:32 [http-nio-8080-exec-6] DEBUG o.s.w.s.m.m.a.HttpEntityMethodProcessor - Writing [com.takecare.backend.calification.dto.CalificationResponseDTO@7f50ac2d]
2026-05-26 13:07:32 [http-nio-8080-exec-6] DEBUG o.s.web.servlet.DispatcherServlet - Completed 201 CREATED
2026-05-26 13:07:55 [http-nio-8080-exec-8] DEBUG o.s.web.servlet.DispatcherServlet - POST "/api/v1/reports/patient", parameters={}
2026-05-26 13:07:55 [http-nio-8080-exec-8] DEBUG o.s.w.s.m.m.a.RequestMappingHandlerMapping - Mapped to com.takecare.backend.report.controller.ReportController#createPatientReport(CreatePatientReportRequestDTO)
2026-05-26 13:07:55 [http-nio-8080-exec-8] DEBUG o.s.w.s.m.m.a.RequestResponseBodyMethodProcessor - Read "application/json;charset=UTF-8" to [com.takecare.backend.report.dto.CreatePatientReportRequestDTO@55601153]
2026-05-26 13:07:55 [http-nio-8080-exec-8] INFO  c.t.b.r.controller.ReportController - POST /reports/patient - sessionId=17 patientId=13
2026-05-26 13:07:56 [http-nio-8080-exec-8] INFO  c.t.b.report.service.ReportService - Creating patient report for sessionId=17 by patientId=13
2026-05-26 13:07:57 [http-nio-8080-exec-8] INFO  c.t.b.report.service.ReportService - Patient report created. reportId=10 sessionId=17 reporterId=13 reportedId=17
2026-05-26 13:07:58 [http-nio-8080-exec-8] DEBUG o.s.w.s.m.m.a.HttpEntityMethodProcessor - Using 'application/json', given [application/json, text/plain, */*] and supported [application/json, application/*+json, application/yaml]
2026-05-26 13:07:58 [http-nio-8080-exec-8] DEBUG o.s.w.s.m.m.a.HttpEntityMethodProcessor - Writing [com.takecare.backend.report.dto.ReportResponseDTO@a7ca6a1]
2026-05-26 13:07:58 [http-nio-8080-exec-8] DEBUG o.s.web.servlet.DispatcherServlet - Completed 201 CREATED
2026-05-26 13:08:00 [MessageBroker-2] INFO  o.s.w.s.c.WebSocketMessageBrokerStats - WebSocketSession[0 current WS(0)-HttpStream(0)-HttpPoll(0), 0 total, 0 closed abnormally (0 connect failure, 0 send limit, 0 transport error)], stompSubProtocol[processed CONNECT(0)-CONNECTED(0)-DISCONNECT(0)], stompBrokerRelay[null], inboundChannel[pool size = 0, active threads = 0, queued tasks = 0, completed tasks = 0], outboundChannel[pool size = 0, active threads = 0, queued tasks = 0, completed tasks = 0], sockJsScheduler[pool size = 3, active threads = 1, queued tasks = 1, completed tasks = 1]
2026-05-26 13:08:09 [http-nio-8080-exec-9] DEBUG o.s.web.servlet.DispatcherServlet - GET "/api/v1/notifications/patient/13/unread-count", parameters={}
2026-05-26 13:08:09 [http-nio-8080-exec-9] DEBUG o.s.w.s.m.m.a.RequestMappingHandlerMapping - Mapped to com.takecare.backend.notification.controller.NotificationController#patientUnreadCount(Integer)
2026-05-26 13:08:09 [http-nio-8080-exec-9] INFO  c.t.b.n.c.NotificationController - GET /api/v1/notifications/patient/13/unread-count
2026-05-26 13:08:09 [http-nio-8080-exec-10] DEBUG o.s.web.servlet.DispatcherServlet - GET "/api/v1/specialists/search", parameters={}
2026-05-26 13:08:09 [http-nio-8080-exec-10] DEBUG o.s.w.s.m.m.a.RequestMappingHandlerMapping - Mapped to com.takecare.backend.user.controller.SpecialistController#searchSpecialists(String, String, String, String, String)
2026-05-26 13:08:09 [http-nio-8080-exec-10] INFO  c.t.b.u.c.SpecialistController - GET /api/v1/specialists/search | search=null | name=null | category=null | city=null | availability=null
2026-05-26 13:08:09 [http-nio-8080-exec-10] INFO  c.t.b.s.s.SpecialistSearchService - Buscando especialistas | search=null | name=null | category=null | city=null | availability=null
2026-05-26 13:08:10 [http-nio-8080-exec-10] INFO  c.t.b.s.s.SpecialistSearchService - Filtro aplicado | resultados=9
2026-05-26 13:08:11 [http-nio-8080-exec-9] DEBUG o.s.w.s.m.m.a.HttpEntityMethodProcessor - Using 'application/json', given [application/json, text/plain, */*] and supported [application/json, application/*+json, application/yaml]
2026-05-26 13:08:11 [http-nio-8080-exec-9] DEBUG o.s.w.s.m.m.a.HttpEntityMethodProcessor - Writing [com.takecare.backend.notification.dto.UnreadNotificationCountDto@17fe120b]
2026-05-26 13:08:11 [http-nio-8080-exec-9] DEBUG o.s.web.servlet.DispatcherServlet - Completed 200 OK
2026-05-26 13:08:16 [http-nio-8080-exec-10] INFO  c.t.b.u.c.SpecialistController - GET /api/v1/specialists/search | total=9
2026-05-26 13:08:16 [http-nio-8080-exec-10] DEBUG o.s.w.s.m.m.a.HttpEntityMethodProcessor - Using 'application/json', given [application/json, text/plain, */*] and supported [application/json, application/*+json, application/yaml]
2026-05-26 13:08:16 [http-nio-8080-exec-10] DEBUG o.s.w.s.m.m.a.HttpEntityMethodProcessor - Writing [[com.takecare.backend.specialities.dto.SpecialistFilterResponseDTO@a89a8f9, com.takecare.backend.spe (truncated)...]
2026-05-26 13:08:16 [http-nio-8080-exec-10] DEBUG o.s.web.servlet.DispatcherServlet - Completed 200 OK
2026-05-26 13:08:25 [http-nio-8080-exec-1] DEBUG o.s.web.servlet.DispatcherServlet - GET "/api/v1/notifications/patient/13/unread-count", parameters={}
2026-05-26 13:08:25 [http-nio-8080-exec-1] DEBUG o.s.w.s.m.m.a.RequestMappingHandlerMapping - Mapped to com.takecare.backend.notification.controller.NotificationController#patientUnreadCount(Integer)
2026-05-26 13:08:25 [http-nio-8080-exec-1] INFO  c.t.b.n.c.NotificationController - GET /api/v1/notifications/patient/13/unread-count
2026-05-26 13:08:25 [http-nio-8080-exec-3] DEBUG o.s.web.servlet.DispatcherServlet - GET "/api/v1/specialists", parameters={}
2026-05-26 13:08:25 [http-nio-8080-exec-3] DEBUG o.s.w.s.m.m.a.RequestMappingHandlerMapping - Mapped to com.takecare.backend.user.controller.SpecialistController#getAllSpecialists(String, String, String)
2026-05-26 13:08:25 [http-nio-8080-exec-3] INFO  c.t.b.u.c.SpecialistController - GET /api/v1/specialists - Fetching visible specialists with search: null
2026-05-26 13:08:25 [http-nio-8080-exec-3] INFO  c.t.b.user.service.SpecialistService - Fetching visible specialists with search: null
2026-05-26 13:08:26 [http-nio-8080-exec-3] INFO  c.t.b.user.service.SpecialistService - Found 7 visible specialists
2026-05-26 13:08:26 [http-nio-8080-exec-3] INFO  c.t.b.u.c.SpecialistController - GET /api/v1/specialists - Found 7 visible specialists
2026-05-26 13:08:26 [http-nio-8080-exec-3] DEBUG o.s.w.s.m.m.a.HttpEntityMethodProcessor - Using 'application/json', given [application/json, text/plain, */*] and supported [application/json, application/*+json, application/yaml]
2026-05-26 13:08:26 [http-nio-8080-exec-3] DEBUG o.s.w.s.m.m.a.HttpEntityMethodProcessor - Writing [[com.takecare.backend.user.dto.SpecialistListItemResponseDto@26328dc3, com.takecare.backend.user.dto (truncated)...]
2026-05-26 13:08:26 [http-nio-8080-exec-3] DEBUG o.s.web.servlet.DispatcherServlet - Completed 200 OK
2026-05-26 13:08:26 [http-nio-8080-exec-4] DEBUG o.s.web.servlet.DispatcherServlet - GET "/api/v1/specialists/17/profile", parameters={}
2026-05-26 13:08:26 [http-nio-8080-exec-4] DEBUG o.s.w.s.m.m.a.RequestMappingHandlerMapping - Mapped to com.takecare.backend.user.controller.SpecialistController#getSpecialistProfile(Integer)
2026-05-26 13:08:26 [http-nio-8080-exec-4] INFO  c.t.b.u.c.SpecialistController - GET /api/v1/specialists/17/profile - Fetching specialist profile
2026-05-26 13:08:26 [http-nio-8080-exec-4] INFO  c.t.b.u.s.SpecialistProfileService - Fetching profile for specialist id: 17
2026-05-26 13:08:28 [http-nio-8080-exec-1] DEBUG o.s.w.s.m.m.a.HttpEntityMethodProcessor - Using 'application/json', given [application/json, text/plain, */*] and supported [application/json, application/*+json, application/yaml]
2026-05-26 13:08:28 [http-nio-8080-exec-1] DEBUG o.s.w.s.m.m.a.HttpEntityMethodProcessor - Writing [com.takecare.backend.notification.dto.UnreadNotificationCountDto@7f51f8bc]
2026-05-26 13:08:28 [http-nio-8080-exec-1] DEBUG o.s.web.servlet.DispatcherServlet - Completed 200 OK
2026-05-26 13:08:28 [http-nio-8080-exec-4] INFO  c.t.b.u.s.SpecialistProfileService - Profile found for specialist id: 17
2026-05-26 13:08:28 [http-nio-8080-exec-4] INFO  c.t.b.u.c.SpecialistController - GET /api/v1/specialists/17/profile - Specialist profile found
2026-05-26 13:08:28 [http-nio-8080-exec-4] DEBUG o.s.w.s.m.m.a.HttpEntityMethodProcessor - Using 'application/json', given [application/json, text/plain, */*] and supported [application/json, application/*+json, application/yaml]
2026-05-26 13:08:28 [http-nio-8080-exec-4] DEBUG o.s.w.s.m.m.a.HttpEntityMethodProcessor - Writing [com.takecare.backend.user.dto.SpecialistProfileDTO@4cd96302]
2026-05-26 13:08:28 [http-nio-8080-exec-4] DEBUG o.s.web.servlet.DispatcherServlet - Completed 200 OK
2026-05-26 13:08:28 [http-nio-8080-exec-2] DEBUG o.s.web.servlet.DispatcherServlet - GET "/api/v1/specialists/17/support-materials", parameters={}
2026-05-26 13:08:28 [http-nio-8080-exec-2] DEBUG o.s.w.s.m.m.a.RequestMappingHandlerMapping - Mapped to com.takecare.backend.supportmaterial.controller.SupportMaterialController#listSupportMaterialsBySpecialist(Integer)
2026-05-26 13:08:28 [http-nio-8080-exec-2] INFO  c.t.b.s.c.SupportMaterialController - GET /api/v1/specialists/17/support-materials
2026-05-26 13:08:30 [http-nio-8080-exec-2] INFO  c.t.b.s.s.OrientationMaterialService - Fetching support materials by specialist 17
2026-05-26 13:08:31 [http-nio-8080-exec-2] INFO  c.t.b.s.s.OrientationMaterialService - No support materials found for specialist 17
2026-05-26 13:08:31 [http-nio-8080-exec-2] INFO  c.t.b.s.c.SupportMaterialController - GET /api/v1/specialists/17/support-materials | total=0
2026-05-26 13:08:31 [http-nio-8080-exec-2] DEBUG o.s.w.s.m.m.a.HttpEntityMethodProcessor - Using 'application/json', given [application/json, text/plain, */*] and supported [application/json, application/*+json, application/yaml]
2026-05-26 13:08:31 [http-nio-8080-exec-2] DEBUG o.s.w.s.m.m.a.HttpEntityMethodProcessor - Writing [SupportMaterialListResponseDto[totalDocuments=0, materials=[]]]
2026-05-26 13:08:31 [http-nio-8080-exec-2] DEBUG o.s.web.servlet.DispatcherServlet - Completed 200 OK
2026-05-26 13:08:34 [http-nio-8080-exec-5] DEBUG o.s.web.servlet.DispatcherServlet - GET "/api/v1/notifications/patient/13/unread-count", parameters={}
2026-05-26 13:08:34 [http-nio-8080-exec-5] DEBUG o.s.w.s.m.m.a.RequestMappingHandlerMapping - Mapped to com.takecare.backend.notification.controller.NotificationController#patientUnreadCount(Integer)
2026-05-26 13:08:34 [http-nio-8080-exec-5] INFO  c.t.b.n.c.NotificationController - GET /api/v1/notifications/patient/13/unread-count
2026-05-26 13:08:34 [http-nio-8080-exec-6] DEBUG o.s.web.servlet.DispatcherServlet - GET "/api/v1/specialists/search?search=Omar%20Salinas", parameters={masked}
2026-05-26 13:08:34 [http-nio-8080-exec-6] DEBUG o.s.w.s.m.m.a.RequestMappingHandlerMapping - Mapped to com.takecare.backend.user.controller.SpecialistController#searchSpecialists(String, String, String, String, String)
2026-05-26 13:08:34 [http-nio-8080-exec-6] INFO  c.t.b.u.c.SpecialistController - GET /api/v1/specialists/search | search=Omar Salinas | name=null | category=null | city=null | availability=null
2026-05-26 13:08:34 [http-nio-8080-exec-6] INFO  c.t.b.s.s.SpecialistSearchService - Buscando especialistas | search=Omar Salinas | name=null | category=null | city=null | availability=null
2026-05-26 13:08:35 [http-nio-8080-exec-6] INFO  c.t.b.s.s.SpecialistSearchService - Filtro aplicado | resultados=1
2026-05-26 13:08:35 [http-nio-8080-exec-6] INFO  c.t.b.u.c.SpecialistController - GET /api/v1/specialists/search | total=1
2026-05-26 13:08:35 [http-nio-8080-exec-6] DEBUG o.s.w.s.m.m.a.HttpEntityMethodProcessor - Using 'application/json', given [application/json, text/plain, */*] and supported [application/json, application/*+json, application/yaml]
2026-05-26 13:08:35 [http-nio-8080-exec-6] DEBUG o.s.w.s.m.m.a.HttpEntityMethodProcessor - Writing [[com.takecare.backend.specialities.dto.SpecialistFilterResponseDTO@3a63badb]]
2026-05-26 13:08:35 [http-nio-8080-exec-6] DEBUG o.s.web.servlet.DispatcherServlet - Completed 200 OK
2026-05-26 13:08:36 [http-nio-8080-exec-5] DEBUG o.s.w.s.m.m.a.HttpEntityMethodProcessor - Using 'application/json', given [application/json, text/plain, */*] and supported [application/json, application/*+json, application/yaml]
2026-05-26 13:08:36 [http-nio-8080-exec-5] DEBUG o.s.w.s.m.m.a.HttpEntityMethodProcessor - Writing [com.takecare.backend.notification.dto.UnreadNotificationCountDto@1859368a]
2026-05-26 13:08:36 [http-nio-8080-exec-5] DEBUG o.s.web.servlet.DispatcherServlet - Completed 200 OK
2026-05-26 13:08:37 [http-nio-8080-exec-7] DEBUG o.s.web.servlet.DispatcherServlet - GET "/api/v1/notifications/patient/13/unread-count", parameters={}
2026-05-26 13:08:37 [http-nio-8080-exec-8] DEBUG o.s.web.servlet.DispatcherServlet - GET "/api/v1/specialists", parameters={}
2026-05-26 13:08:37 [http-nio-8080-exec-8] DEBUG o.s.w.s.m.m.a.RequestMappingHandlerMapping - Mapped to com.takecare.backend.user.controller.SpecialistController#getAllSpecialists(String, String, String)
2026-05-26 13:08:37 [http-nio-8080-exec-7] DEBUG o.s.w.s.m.m.a.RequestMappingHandlerMapping - Mapped to com.takecare.backend.notification.controller.NotificationController#patientUnreadCount(Integer)
2026-05-26 13:08:37 [http-nio-8080-exec-8] INFO  c.t.b.u.c.SpecialistController - GET /api/v1/specialists - Fetching visible specialists with search: null
2026-05-26 13:08:37 [http-nio-8080-exec-7] INFO  c.t.b.n.c.NotificationController - GET /api/v1/notifications/patient/13/unread-count
2026-05-26 13:08:37 [http-nio-8080-exec-8] INFO  c.t.b.user.service.SpecialistService - Fetching visible specialists with search: null
2026-05-26 13:08:38 [http-nio-8080-exec-8] INFO  c.t.b.user.service.SpecialistService - Found 7 visible specialists
2026-05-26 13:08:38 [http-nio-8080-exec-8] INFO  c.t.b.u.c.SpecialistController - GET /api/v1/specialists - Found 7 visible specialists
2026-05-26 13:08:38 [http-nio-8080-exec-8] DEBUG o.s.w.s.m.m.a.HttpEntityMethodProcessor - Using 'application/json', given [application/json, text/plain, */*] and supported [application/json, application/*+json, application/yaml]
2026-05-26 13:08:38 [http-nio-8080-exec-8] DEBUG o.s.w.s.m.m.a.HttpEntityMethodProcessor - Writing [[com.takecare.backend.user.dto.SpecialistListItemResponseDto@70288b36, com.takecare.backend.user.dto (truncated)...]
2026-05-26 13:08:38 [http-nio-8080-exec-8] DEBUG o.s.web.servlet.DispatcherServlet - Completed 200 OK
2026-05-26 13:08:38 [http-nio-8080-exec-9] DEBUG o.s.web.servlet.DispatcherServlet - GET "/api/v1/specialists/17/profile", parameters={}
2026-05-26 13:08:38 [http-nio-8080-exec-9] DEBUG o.s.w.s.m.m.a.RequestMappingHandlerMapping - Mapped to com.takecare.backend.user.controller.SpecialistController#getSpecialistProfile(Integer)
2026-05-26 13:08:38 [http-nio-8080-exec-9] INFO  c.t.b.u.c.SpecialistController - GET /api/v1/specialists/17/profile - Fetching specialist profile
2026-05-26 13:08:38 [http-nio-8080-exec-9] INFO  c.t.b.u.s.SpecialistProfileService - Fetching profile for specialist id: 17
2026-05-26 13:08:40 [http-nio-8080-exec-7] DEBUG o.s.w.s.m.m.a.HttpEntityMethodProcessor - Using 'application/json', given [application/json, text/plain, */*] and supported [application/json, application/*+json, application/yaml]
2026-05-26 13:08:40 [http-nio-8080-exec-7] DEBUG o.s.w.s.m.m.a.HttpEntityMethodProcessor - Writing [com.takecare.backend.notification.dto.UnreadNotificationCountDto@2b908559]
2026-05-26 13:08:40 [http-nio-8080-exec-7] DEBUG o.s.web.servlet.DispatcherServlet - Completed 200 OK
2026-05-26 13:08:40 [http-nio-8080-exec-9] INFO  c.t.b.u.s.SpecialistProfileService - Profile found for specialist id: 17
2026-05-26 13:08:40 [http-nio-8080-exec-9] INFO  c.t.b.u.c.SpecialistController - GET /api/v1/specialists/17/profile - Specialist profile found
2026-05-26 13:08:40 [http-nio-8080-exec-9] DEBUG o.s.w.s.m.m.a.HttpEntityMethodProcessor - Using 'application/json', given [application/json, text/plain, */*] and supported [application/json, application/*+json, application/yaml]
2026-05-26 13:08:40 [http-nio-8080-exec-9] DEBUG o.s.w.s.m.m.a.HttpEntityMethodProcessor - Writing [com.takecare.backend.user.dto.SpecialistProfileDTO@42f39416]
2026-05-26 13:08:40 [http-nio-8080-exec-9] DEBUG o.s.web.servlet.DispatcherServlet - Completed 200 OK
2026-05-26 13:08:40 [http-nio-8080-exec-10] DEBUG o.s.web.servlet.DispatcherServlet - GET "/api/v1/specialists/17/support-materials", parameters={}
2026-05-26 13:08:40 [http-nio-8080-exec-10] DEBUG o.s.w.s.m.m.a.RequestMappingHandlerMapping - Mapped to com.takecare.backend.supportmaterial.controller.SupportMaterialController#listSupportMaterialsBySpecialist(Integer)
2026-05-26 13:08:40 [http-nio-8080-exec-10] INFO  c.t.b.s.c.SupportMaterialController - GET /api/v1/specialists/17/support-materials
2026-05-26 13:08:42 [http-nio-8080-exec-10] INFO  c.t.b.s.s.OrientationMaterialService - Fetching support materials by specialist 17
2026-05-26 13:08:43 [http-nio-8080-exec-10] INFO  c.t.b.s.s.OrientationMaterialService - No support materials found for specialist 17
2026-05-26 13:08:43 [http-nio-8080-exec-10] INFO  c.t.b.s.c.SupportMaterialController - GET /api/v1/specialists/17/support-materials | total=0
2026-05-26 13:08:43 [http-nio-8080-exec-10] DEBUG o.s.w.s.m.m.a.HttpEntityMethodProcessor - Using 'application/json', given [application/json, text/plain, */*] and supported [application/json, application/*+json, application/yaml]
2026-05-26 13:08:43 [http-nio-8080-exec-10] DEBUG o.s.w.s.m.m.a.HttpEntityMethodProcessor - Writing [SupportMaterialListResponseDto[totalDocuments=0, materials=[]]]
2026-05-26 13:08:43 [http-nio-8080-exec-10] DEBUG o.s.web.servlet.DispatcherServlet - Completed 200 OK
2026-05-26 13:09:05 [http-nio-8080-exec-3] DEBUG o.s.web.servlet.DispatcherServlet - GET "/api/v1/notifications/patient/13/unread-count", parameters={}
2026-05-26 13:09:05 [http-nio-8080-exec-3] DEBUG o.s.w.s.m.m.a.RequestMappingHandlerMapping - Mapped to com.takecare.backend.notification.controller.NotificationController#patientUnreadCount(Integer)
2026-05-26 13:09:05 [http-nio-8080-exec-3] INFO  c.t.b.n.c.NotificationController - GET /api/v1/notifications/patient/13/unread-count
2026-05-26 13:09:05 [http-nio-8080-exec-1] DEBUG o.s.web.servlet.DispatcherServlet - GET "/api/v1/sessions/patient/13", parameters={}
2026-05-26 13:09:05 [http-nio-8080-exec-1] DEBUG o.s.w.s.m.m.a.RequestMappingHandlerMapping - Mapped to com.takecare.backend.session.controller.SessionController#listByPatient(Integer)
2026-05-26 13:09:05 [http-nio-8080-exec-1] INFO  c.t.b.s.controller.SessionController - GET sessions by patientId=13
2026-05-26 13:09:07 [http-nio-8080-exec-3] DEBUG o.s.w.s.m.m.a.HttpEntityMethodProcessor - Using 'application/json', given [application/json, text/plain, */*] and supported [application/json, application/*+json, application/yaml]
2026-05-26 13:09:07 [http-nio-8080-exec-3] DEBUG o.s.w.s.m.m.a.HttpEntityMethodProcessor - Writing [com.takecare.backend.notification.dto.UnreadNotificationCountDto@3519f55d]
2026-05-26 13:09:07 [http-nio-8080-exec-3] DEBUG o.s.web.servlet.DispatcherServlet - Completed 200 OK
2026-05-26 13:09:09 [http-nio-8080-exec-1] DEBUG o.s.w.s.m.m.a.HttpEntityMethodProcessor - Using 'application/json', given [application/json, text/plain, */*] and supported [application/json, application/*+json, application/yaml]
2026-05-26 13:09:09 [http-nio-8080-exec-1] DEBUG o.s.w.s.m.m.a.HttpEntityMethodProcessor - Writing [[com.takecare.backend.session.dto.SessionResponseDTO@4173aa41, com.takecare.backend.session.dto.Sess (truncated)...]
2026-05-26 13:09:09 [http-nio-8080-exec-1] DEBUG o.s.web.servlet.DispatcherServlet - Completed 200 OK
2026-05-26 13:09:10 [http-nio-8080-exec-4] DEBUG o.s.web.servlet.DispatcherServlet - GET "/api/v1/notifications/patient/13/unread-count", parameters={}
2026-05-26 13:09:10 [http-nio-8080-exec-4] DEBUG o.s.w.s.m.m.a.RequestMappingHandlerMapping - Mapped to com.takecare.backend.notification.controller.NotificationController#patientUnreadCount(Integer)
2026-05-26 13:09:10 [http-nio-8080-exec-4] INFO  c.t.b.n.c.NotificationController - GET /api/v1/notifications/patient/13/unread-count
2026-05-26 13:09:10 [http-nio-8080-exec-2] DEBUG o.s.web.servlet.DispatcherServlet - GET "/api/v1/sessions/patient/13", parameters={}
2026-05-26 13:09:10 [http-nio-8080-exec-2] DEBUG o.s.w.s.m.m.a.RequestMappingHandlerMapping - Mapped to com.takecare.backend.session.controller.SessionController#listByPatient(Integer)
2026-05-26 13:09:10 [http-nio-8080-exec-2] INFO  c.t.b.s.controller.SessionController - GET sessions by patientId=13
2026-05-26 13:09:13 [http-nio-8080-exec-4] DEBUG o.s.w.s.m.m.a.HttpEntityMethodProcessor - Using 'application/json', given [application/json, text/plain, */*] and supported [application/json, application/*+json, application/yaml]
2026-05-26 13:09:13 [http-nio-8080-exec-4] DEBUG o.s.w.s.m.m.a.HttpEntityMethodProcessor - Writing [com.takecare.backend.notification.dto.UnreadNotificationCountDto@9db4462]
2026-05-26 13:09:13 [http-nio-8080-exec-4] DEBUG o.s.web.servlet.DispatcherServlet - Completed 200 OK
2026-05-26 13:09:15 [http-nio-8080-exec-2] DEBUG o.s.w.s.m.m.a.HttpEntityMethodProcessor - Using 'application/json', given [application/json, text/plain, */*] and supported [application/json, application/*+json, application/yaml]
2026-05-26 13:09:15 [http-nio-8080-exec-2] DEBUG o.s.w.s.m.m.a.HttpEntityMethodProcessor - Writing [[com.takecare.backend.session.dto.SessionResponseDTO@700087d, com.takecare.backend.session.dto.Sessi (truncated)...]
2026-05-26 13:09:15 [http-nio-8080-exec-2] DEBUG o.s.web.servlet.DispatcherServlet - Completed 200 OK
2026-05-26 13:09:15 [http-nio-8080-exec-5] DEBUG o.s.web.servlet.DispatcherServlet - GET "/api/v1/reports/session/17/patient/13", parameters={}
2026-05-26 13:09:15 [http-nio-8080-exec-6] DEBUG o.s.web.servlet.DispatcherServlet - GET "/api/v1/sessions/17/specialist-ratings", parameters={}
2026-05-26 13:09:15 [http-nio-8080-exec-6] DEBUG o.s.w.s.m.m.a.RequestMappingHandlerMapping - Mapped to com.takecare.backend.calification.controller.CalificationController#getSpecialistRating(Integer)
2026-05-26 13:09:15 [http-nio-8080-exec-5] DEBUG o.s.w.s.m.m.a.RequestMappingHandlerMapping - Mapped to com.takecare.backend.report.controller.ReportController#getPatientReportBySession(Integer, Integer)
2026-05-26 13:09:15 [http-nio-8080-exec-6] INFO  c.t.b.c.c.CalificationController - GET /api/v1/sessions/17/specialist-ratings
2026-05-26 13:09:15 [http-nio-8080-exec-5] INFO  c.t.b.r.controller.ReportController - GET /reports/session/17/patient/13
2026-05-26 13:09:16 [http-nio-8080-exec-6] INFO  c.t.b.c.service.CalificationService - Get patient rating. sessionId=17, specialistId=17, patientId=13
2026-05-26 13:09:17 [http-nio-8080-exec-6] DEBUG o.s.w.s.m.m.a.HttpEntityMethodProcessor - Using 'application/json', given [application/json, text/plain, */*] and supported [application/json, application/*+json, application/yaml]
2026-05-26 13:09:17 [http-nio-8080-exec-6] DEBUG o.s.w.s.m.m.a.HttpEntityMethodProcessor - Writing [com.takecare.backend.calification.dto.CalificationResponseDTO@3141de74]
2026-05-26 13:09:17 [http-nio-8080-exec-6] DEBUG o.s.web.servlet.DispatcherServlet - Completed 200 OK
2026-05-26 13:09:17 [http-nio-8080-exec-8] DEBUG o.s.web.servlet.DispatcherServlet - GET "/api/v1/notifications/patient/13/unread-count", parameters={}
2026-05-26 13:09:17 [http-nio-8080-exec-8] DEBUG o.s.w.s.m.m.a.RequestMappingHandlerMapping - Mapped to com.takecare.backend.notification.controller.NotificationController#patientUnreadCount(Integer)
2026-05-26 13:09:17 [http-nio-8080-exec-8] INFO  c.t.b.n.c.NotificationController - GET /api/v1/notifications/patient/13/unread-count
2026-05-26 13:09:17 [http-nio-8080-exec-7] DEBUG o.s.web.servlet.DispatcherServlet - GET "/api/v1/sessions/patient/13", parameters={}
2026-05-26 13:09:17 [http-nio-8080-exec-7] DEBUG o.s.w.s.m.m.a.RequestMappingHandlerMapping - Mapped to com.takecare.backend.session.controller.SessionController#listByPatient(Integer)
2026-05-26 13:09:17 [http-nio-8080-exec-7] INFO  c.t.b.s.controller.SessionController - GET sessions by patientId=13
2026-05-26 13:09:18 [http-nio-8080-exec-5] DEBUG o.s.w.s.m.m.a.HttpEntityMethodProcessor - Using 'application/json', given [application/json, text/plain, */*] and supported [application/json, application/*+json, application/yaml]
2026-05-26 13:09:18 [http-nio-8080-exec-5] DEBUG o.s.w.s.m.m.a.HttpEntityMethodProcessor - Writing [com.takecare.backend.report.dto.ReportResponseDTO@4fc8488]
2026-05-26 13:09:18 [http-nio-8080-exec-5] DEBUG o.s.web.servlet.DispatcherServlet - Completed 200 OK
2026-05-26 13:09:19 [http-nio-8080-exec-8] DEBUG o.s.w.s.m.m.a.HttpEntityMethodProcessor - Using 'application/json', given [application/json, text/plain, */*] and supported [application/json, application/*+json, application/yaml]
2026-05-26 13:09:19 [http-nio-8080-exec-8] DEBUG o.s.w.s.m.m.a.HttpEntityMethodProcessor - Writing [com.takecare.backend.notification.dto.UnreadNotificationCountDto@1ded8e6d]
2026-05-26 13:09:19 [http-nio-8080-exec-8] DEBUG o.s.web.servlet.DispatcherServlet - Completed 200 OK
2026-05-26 13:09:22 [http-nio-8080-exec-7] DEBUG o.s.w.s.m.m.a.HttpEntityMethodProcessor - Using 'application/json', given [application/json, text/plain, */*] and supported [application/json, application/*+json, application/yaml]
2026-05-26 13:09:22 [http-nio-8080-exec-7] DEBUG o.s.w.s.m.m.a.HttpEntityMethodProcessor - Writing [[com.takecare.backend.session.dto.SessionResponseDTO@6fd4f989, com.takecare.backend.session.dto.Sess (truncated)...]
2026-05-26 13:09:22 [http-nio-8080-exec-7] DEBUG o.s.web.servlet.DispatcherServlet - Completed 200 OK
2026-05-26 13:09:24 [http-nio-8080-exec-9] DEBUG o.s.web.servlet.DispatcherServlet - GET "/api/v1/notifications/patient/13/unread-count", parameters={}
2026-05-26 13:09:24 [http-nio-8080-exec-9] DEBUG o.s.w.s.m.m.a.RequestMappingHandlerMapping - Mapped to com.takecare.backend.notification.controller.NotificationController#patientUnreadCount(Integer)
2026-05-26 13:09:24 [http-nio-8080-exec-10] DEBUG o.s.web.servlet.DispatcherServlet - GET "/api/v1/sessions/patient/13", parameters={}
2026-05-26 13:09:24 [http-nio-8080-exec-9] INFO  c.t.b.n.c.NotificationController - GET /api/v1/notifications/patient/13/unread-count
2026-05-26 13:09:24 [http-nio-8080-exec-10] DEBUG o.s.w.s.m.m.a.RequestMappingHandlerMapping - Mapped to com.takecare.backend.session.controller.SessionController#listByPatient(Integer)
2026-05-26 13:09:24 [http-nio-8080-exec-10] INFO  c.t.b.s.controller.SessionController - GET sessions by patientId=13
2026-05-26 13:09:27 [http-nio-8080-exec-9] DEBUG o.s.w.s.m.m.a.HttpEntityMethodProcessor - Using 'application/json', given [application/json, text/plain, */*] and supported [application/json, application/*+json, application/yaml]
2026-05-26 13:09:27 [http-nio-8080-exec-9] DEBUG o.s.w.s.m.m.a.HttpEntityMethodProcessor - Writing [com.takecare.backend.notification.dto.UnreadNotificationCountDto@500c8192]
2026-05-26 13:09:27 [http-nio-8080-exec-9] DEBUG o.s.web.servlet.DispatcherServlet - Completed 200 OK
2026-05-26 13:09:29 [http-nio-8080-exec-10] DEBUG o.s.w.s.m.m.a.HttpEntityMethodProcessor - Using 'application/json', given [application/json, text/plain, */*] and supported [application/json, application/*+json, application/yaml]
2026-05-26 13:09:29 [http-nio-8080-exec-10] DEBUG o.s.w.s.m.m.a.HttpEntityMethodProcessor - Writing [[com.takecare.backend.session.dto.SessionResponseDTO@3a555921, com.takecare.backend.session.dto.Sess (truncated)...]
2026-05-26 13:09:29 [http-nio-8080-exec-10] DEBUG o.s.web.servlet.DispatcherServlet - Completed 200 OK
2026-05-26 13:09:29 [http-nio-8080-exec-1] DEBUG o.s.web.servlet.DispatcherServlet - GET "/api/v1/reports/session/17/patient/13", parameters={}
2026-05-26 13:09:29 [http-nio-8080-exec-3] DEBUG o.s.web.servlet.DispatcherServlet - GET "/api/v1/sessions/17/specialist-ratings", parameters={}
2026-05-26 13:09:29 [http-nio-8080-exec-3] DEBUG o.s.w.s.m.m.a.RequestMappingHandlerMapping - Mapped to com.takecare.backend.calification.controller.CalificationController#getSpecialistRating(Integer)
2026-05-26 13:09:29 [http-nio-8080-exec-1] DEBUG o.s.w.s.m.m.a.RequestMappingHandlerMapping - Mapped to com.takecare.backend.report.controller.ReportController#getPatientReportBySession(Integer, Integer)
2026-05-26 13:09:29 [http-nio-8080-exec-3] INFO  c.t.b.c.c.CalificationController - GET /api/v1/sessions/17/specialist-ratings
2026-05-26 13:09:29 [http-nio-8080-exec-1] INFO  c.t.b.r.controller.ReportController - GET /reports/session/17/patient/13
2026-05-26 13:09:30 [http-nio-8080-exec-3] INFO  c.t.b.c.service.CalificationService - Get patient rating. sessionId=17, specialistId=17, patientId=13
2026-05-26 13:09:31 [http-nio-8080-exec-3] DEBUG o.s.w.s.m.m.a.HttpEntityMethodProcessor - Using 'application/json', given [application/json, text/plain, */*] and supported [application/json, application/*+json, application/yaml]
2026-05-26 13:09:31 [http-nio-8080-exec-3] DEBUG o.s.w.s.m.m.a.HttpEntityMethodProcessor - Writing [com.takecare.backend.calification.dto.CalificationResponseDTO@46eca85e]
2026-05-26 13:09:31 [http-nio-8080-exec-3] DEBUG o.s.web.servlet.DispatcherServlet - Completed 200 OK
2026-05-26 13:09:32 [http-nio-8080-exec-1] DEBUG o.s.w.s.m.m.a.HttpEntityMethodProcessor - Using 'application/json', given [application/json, text/plain, */*] and supported [application/json, application/*+json, application/yaml]
2026-05-26 13:09:32 [http-nio-8080-exec-1] DEBUG o.s.w.s.m.m.a.HttpEntityMethodProcessor - Writing [com.takecare.backend.report.dto.ReportResponseDTO@640f9257]
2026-05-26 13:09:32 [http-nio-8080-exec-1] DEBUG o.s.web.servlet.DispatcherServlet - Completed 200 OK
2026-05-26 13:38:00 [MessageBroker-4] INFO  o.s.w.s.c.WebSocketMessageBrokerStats - WebSocketSession[0 current WS(0)-HttpStream(0)-HttpPoll(0), 0 total, 0 closed abnormally (0 connect failure, 0 send limit, 0 transport error)], stompSubProtocol[processed CONNECT(0)-CONNECTED(0)-DISCONNECT(0)], stompBrokerRelay[null], inboundChannel[pool size = 0, active threads = 0, queued tasks = 0, completed tasks = 0], outboundChannel[pool size = 0, active threads = 0, queued tasks = 0, completed tasks = 0], sockJsScheduler[pool size = 10, active threads = 1, queued tasks = 1, completed tasks = 8]
2026-05-26 13:42:07 [http-nio-8080-exec-8] DEBUG o.s.web.servlet.DispatcherServlet - POST "/api/v1/auth/login", parameters={}
2026-05-26 13:42:07 [http-nio-8080-exec-8] DEBUG o.s.w.s.m.m.a.RequestMappingHandlerMapping - Mapped to com.takecare.backend.auth.controller.AuthController#login(LoginRequestDTO)
2026-05-26 13:42:07 [http-nio-8080-exec-8] DEBUG o.s.w.s.m.m.a.RequestResponseBodyMethodProcessor - Read "application/json;charset=UTF-8" to [com.takecare.backend.auth.DTO.LoginRequestDTO@49b1ce39]
2026-05-26 13:42:08 [http-nio-8080-exec-8] DEBUG o.s.w.s.m.m.a.HttpEntityMethodProcessor - Using 'application/json', given [application/json, text/plain, */*] and supported [application/json, application/*+json, application/yaml]
2026-05-26 13:42:08 [http-nio-8080-exec-8] DEBUG o.s.w.s.m.m.a.HttpEntityMethodProcessor - Writing [com.takecare.backend.auth.DTO.ApiResponseDTO@715ef0b0]
2026-05-26 13:42:08 [http-nio-8080-exec-8] DEBUG o.s.web.servlet.DispatcherServlet - Completed 200 OK
2026-05-26 13:42:08 [http-nio-8080-exec-7] DEBUG o.s.web.servlet.DispatcherServlet - GET "/api/v1/notifications/specialist/17/unread-count", parameters={}
2026-05-26 13:42:08 [http-nio-8080-exec-7] DEBUG o.s.w.s.m.m.a.RequestMappingHandlerMapping - Mapped to com.takecare.backend.notification.controller.NotificationController#unreadCount(Integer)
2026-05-26 13:42:08 [http-nio-8080-exec-7] INFO  c.t.b.n.c.NotificationController - GET /api/v1/notifications/specialist/17/unread-count
2026-05-26 13:42:08 [http-nio-8080-exec-9] DEBUG o.s.web.servlet.DispatcherServlet - GET "/api/v1/sessions/specialist/17", parameters={}
2026-05-26 13:42:08 [http-nio-8080-exec-9] DEBUG o.s.w.s.m.m.a.RequestMappingHandlerMapping - Mapped to com.takecare.backend.session.controller.SessionController#listBySpecialist(Integer)
2026-05-26 13:42:08 [http-nio-8080-exec-9] INFO  c.t.b.s.controller.SessionController - GET sessions by specialistId=17
2026-05-26 13:42:10 [http-nio-8080-exec-10] DEBUG o.s.web.servlet.DispatcherServlet - GET "/api/v1/schedules/specialist/17/range?startDate=2026-05-26&endDate=2026-06-01", parameters={masked}
2026-05-26 13:42:10 [http-nio-8080-exec-10] DEBUG o.s.w.s.m.m.a.RequestMappingHandlerMapping - Mapped to com.takecare.backend.specialistschedule.controller.SpecialistScheduleController#getSchedulesByDateRange(Integer, LocalDate, LocalDate)
2026-05-26 13:42:11 [http-nio-8080-exec-10] DEBUG o.s.w.s.m.m.a.HttpEntityMethodProcessor - Using 'application/json', given [application/json, text/plain, */*] and supported [application/json, application/*+json, application/yaml]
2026-05-26 13:42:11 [http-nio-8080-exec-10] DEBUG o.s.w.s.m.m.a.HttpEntityMethodProcessor - Writing [[com.takecare.backend.specialistschedule.dto.SpecialistScheduleResponseDTO@617e0544, com.takecare.ba (truncated)...]
2026-05-26 13:42:11 [http-nio-8080-exec-10] DEBUG o.s.web.servlet.DispatcherServlet - Completed 200 OK
2026-05-26 13:42:11 [http-nio-8080-exec-7] DEBUG o.s.w.s.m.m.a.HttpEntityMethodProcessor - Using 'application/json', given [application/json, text/plain, */*] and supported [application/json, application/*+json, application/yaml]
2026-05-26 13:42:11 [http-nio-8080-exec-7] DEBUG o.s.w.s.m.m.a.HttpEntityMethodProcessor - Writing [com.takecare.backend.notification.dto.UnreadNotificationCountDto@1733c8d6]
2026-05-26 13:42:11 [http-nio-8080-exec-7] DEBUG o.s.web.servlet.DispatcherServlet - Completed 200 OK
2026-05-26 13:42:11 [http-nio-8080-exec-3] DEBUG o.s.web.servlet.DispatcherServlet - GET "/api/v1/notifications/specialist/17/unread-count", parameters={}
2026-05-26 13:42:11 [http-nio-8080-exec-3] DEBUG o.s.w.s.m.m.a.RequestMappingHandlerMapping - Mapped to com.takecare.backend.notification.controller.NotificationController#unreadCount(Integer)
2026-05-26 13:42:11 [http-nio-8080-exec-3] INFO  c.t.b.n.c.NotificationController - GET /api/v1/notifications/specialist/17/unread-count
2026-05-26 13:42:11 [http-nio-8080-exec-9] DEBUG o.s.w.s.m.m.a.HttpEntityMethodProcessor - Using 'application/json', given [application/json, text/plain, */*] and supported [application/json, application/*+json, application/yaml]
2026-05-26 13:42:11 [http-nio-8080-exec-9] DEBUG o.s.w.s.m.m.a.HttpEntityMethodProcessor - Writing [[com.takecare.backend.session.dto.SessionResponseDTO@502b8f72, com.takecare.backend.session.dto.Sess (truncated)...]
2026-05-26 13:42:11 [http-nio-8080-exec-9] DEBUG o.s.web.servlet.DispatcherServlet - Completed 200 OK
2026-05-26 13:42:11 [http-nio-8080-exec-1] DEBUG o.s.web.servlet.DispatcherServlet - GET "/api/v1/sessions/specialist/17", parameters={}
2026-05-26 13:42:11 [http-nio-8080-exec-1] DEBUG o.s.w.s.m.m.a.RequestMappingHandlerMapping - Mapped to com.takecare.backend.session.controller.SessionController#listBySpecialist(Integer)
2026-05-26 13:42:11 [http-nio-8080-exec-1] INFO  c.t.b.s.controller.SessionController - GET sessions by specialistId=17
2026-05-26 13:42:13 [http-nio-8080-exec-3] DEBUG o.s.w.s.m.m.a.HttpEntityMethodProcessor - Using 'application/json', given [application/json, text/plain, */*] and supported [application/json, application/*+json, application/yaml]
2026-05-26 13:42:13 [http-nio-8080-exec-3] DEBUG o.s.w.s.m.m.a.HttpEntityMethodProcessor - Writing [com.takecare.backend.notification.dto.UnreadNotificationCountDto@67a37e3]
2026-05-26 13:42:13 [http-nio-8080-exec-3] DEBUG o.s.web.servlet.DispatcherServlet - Completed 200 OK
2026-05-26 13:42:13 [http-nio-8080-exec-4] DEBUG o.s.web.servlet.DispatcherServlet - GET "/api/v1/notifications/specialist/17/unread-count", parameters={}
2026-05-26 13:42:13 [http-nio-8080-exec-4] DEBUG o.s.w.s.m.m.a.RequestMappingHandlerMapping - Mapped to com.takecare.backend.notification.controller.NotificationController#unreadCount(Integer)
2026-05-26 13:42:13 [http-nio-8080-exec-4] INFO  c.t.b.n.c.NotificationController - GET /api/v1/notifications/specialist/17/unread-count
2026-05-26 13:42:13 [http-nio-8080-exec-1] DEBUG o.s.w.s.m.m.a.HttpEntityMethodProcessor - Using 'application/json', given [application/json, text/plain, */*] and supported [application/json, application/*+json, application/yaml]
2026-05-26 13:42:13 [http-nio-8080-exec-1] DEBUG o.s.w.s.m.m.a.HttpEntityMethodProcessor - Writing [[com.takecare.backend.session.dto.SessionResponseDTO@386d57f9, com.takecare.backend.session.dto.Sess (truncated)...]
2026-05-26 13:42:13 [http-nio-8080-exec-1] DEBUG o.s.web.servlet.DispatcherServlet - Completed 200 OK
2026-05-26 13:42:13 [http-nio-8080-exec-6] DEBUG o.s.web.servlet.DispatcherServlet - GET "/api/v1/sessions/18/patient-ratings", parameters={}
2026-05-26 13:42:13 [http-nio-8080-exec-2] DEBUG o.s.web.servlet.DispatcherServlet - GET "/api/v1/sessions/17/patient-ratings", parameters={}
2026-05-26 13:42:13 [http-nio-8080-exec-6] DEBUG o.s.w.s.m.m.a.RequestMappingHandlerMapping - Mapped to com.takecare.backend.calification.controller.CalificationController#getPatientRating(Integer)
2026-05-26 13:42:13 [http-nio-8080-exec-2] DEBUG o.s.w.s.m.m.a.RequestMappingHandlerMapping - Mapped to com.takecare.backend.calification.controller.CalificationController#getPatientRating(Integer)
2026-05-26 13:42:13 [http-nio-8080-exec-6] INFO  c.t.b.c.c.CalificationController - GET /api/v1/sessions/18/patient-ratings
2026-05-26 13:42:13 [http-nio-8080-exec-2] INFO  c.t.b.c.c.CalificationController - GET /api/v1/sessions/17/patient-ratings
2026-05-26 13:42:13 [http-nio-8080-exec-5] DEBUG o.s.web.servlet.DispatcherServlet - GET "/api/v1/sessions/16/patient-ratings", parameters={}
2026-05-26 13:42:13 [http-nio-8080-exec-5] DEBUG o.s.w.s.m.m.a.RequestMappingHandlerMapping - Mapped to com.takecare.backend.calification.controller.CalificationController#getPatientRating(Integer)
2026-05-26 13:42:13 [http-nio-8080-exec-5] INFO  c.t.b.c.c.CalificationController - GET /api/v1/sessions/16/patient-ratings
2026-05-26 13:42:13 [http-nio-8080-exec-10] DEBUG o.s.web.servlet.DispatcherServlet - GET "/api/v1/reports/session/17/specialist/17", parameters={}
2026-05-26 13:42:13 [http-nio-8080-exec-8] DEBUG o.s.web.servlet.DispatcherServlet - GET "/api/v1/reports/session/18/specialist/17", parameters={}
2026-05-26 13:42:13 [http-nio-8080-exec-10] DEBUG o.s.w.s.m.m.a.RequestMappingHandlerMapping - Mapped to com.takecare.backend.report.controller.ReportController#getReportBySession(Integer, Integer)
2026-05-26 13:42:13 [http-nio-8080-exec-8] DEBUG o.s.w.s.m.m.a.RequestMappingHandlerMapping - Mapped to com.takecare.backend.report.controller.ReportController#getReportBySession(Integer, Integer)
2026-05-26 13:42:13 [http-nio-8080-exec-8] INFO  c.t.b.r.controller.ReportController - GET /reports/session/18/specialist/17
2026-05-26 13:42:13 [http-nio-8080-exec-10] INFO  c.t.b.r.controller.ReportController - GET /reports/session/17/specialist/17
2026-05-26 13:42:14 [http-nio-8080-exec-2] INFO  c.t.b.c.service.CalificationService - Get specialist rating. sessionId=17, specialistId=17, patientId=13
2026-05-26 13:42:14 [http-nio-8080-exec-6] INFO  c.t.b.c.service.CalificationService - Get specialist rating. sessionId=18, specialistId=17, patientId=13
2026-05-26 13:42:14 [http-nio-8080-exec-5] INFO  c.t.b.c.service.CalificationService - Get specialist rating. sessionId=16, specialistId=17, patientId=13
2026-05-26 13:42:14 [http-nio-8080-exec-2] WARN  c.t.b.c.service.CalificationService - Get specialist rating failed. sessionId=17, error=Calificación no encontrada
2026-05-26 13:42:15 [http-nio-8080-exec-8] ERROR c.t.b.report.service.ReportService - Error fetching report for sessionId=18 specialistId=17
java.util.NoSuchElementException: Reporte no encontrado
	at com.takecare.backend.report.service.ReportService.lambda$4(ReportService.java:240)
	at java.base/java.util.Optional.orElseThrow(Optional.java:403)
	at com.takecare.backend.report.service.ReportService.getReportBySession(ReportService.java:240)
	at java.base/jdk.internal.reflect.NativeMethodAccessorImpl.invoke0(Native Method)
	at java.base/jdk.internal.reflect.NativeMethodAccessorImpl.invoke(NativeMethodAccessorImpl.java:77)
	at java.base/jdk.internal.reflect.DelegatingMethodAccessorImpl.invoke(DelegatingMethodAccessorImpl.java:43)
	at java.base/java.lang.reflect.Method.invoke(Method.java:569)
	at org.springframework.aop.support.AopUtils.invokeJoinpointUsingReflection(AopUtils.java:360)
	at org.springframework.aop.framework.ReflectiveMethodInvocation.invokeJoinpoint(ReflectiveMethodInvocation.java:196)
	at org.springframework.aop.framework.ReflectiveMethodInvocation.proceed(ReflectiveMethodInvocation.java:163)
	at org.springframework.transaction.interceptor.TransactionAspectSupport.invokeWithinTransaction(TransactionAspectSupport.java:380)
	at org.springframework.transaction.interceptor.TransactionInterceptor.invoke(TransactionInterceptor.java:119)
	at org.springframework.aop.framework.ReflectiveMethodInvocation.proceed(ReflectiveMethodInvocation.java:184)
	at org.springframework.aop.framework.CglibAopProxy$DynamicAdvisedInterceptor.intercept(CglibAopProxy.java:728)
	at com.takecare.backend.report.service.ReportService$$SpringCGLIB$$0.getReportBySession(<generated>)
	at com.takecare.backend.report.controller.ReportController.getReportBySession(ReportController.java:131)
	at java.base/jdk.internal.reflect.NativeMethodAccessorImpl.invoke0(Native Method)
	at java.base/jdk.internal.reflect.NativeMethodAccessorImpl.invoke(NativeMethodAccessorImpl.java:77)
	at java.base/jdk.internal.reflect.DelegatingMethodAccessorImpl.invoke(DelegatingMethodAccessorImpl.java:43)
	at java.base/java.lang.reflect.Method.invoke(Method.java:569)
	at org.springframework.web.method.support.InvocableHandlerMethod.doInvoke(InvocableHandlerMethod.java:258)
	at org.springframework.web.method.support.InvocableHandlerMethod.invokeForRequest(InvocableHandlerMethod.java:191)
	at org.springframework.web.servlet.mvc.method.annotation.ServletInvocableHandlerMethod.invokeAndHandle(ServletInvocableHandlerMethod.java:118)
	at org.springframework.web.servlet.mvc.method.annotation.RequestMappingHandlerAdapter.invokeHandlerMethod(RequestMappingHandlerAdapter.java:991)
	at org.springframework.web.servlet.mvc.method.annotation.RequestMappingHandlerAdapter.handleInternal(RequestMappingHandlerAdapter.java:896)
	at org.springframework.web.servlet.mvc.method.AbstractHandlerMethodAdapter.handle(AbstractHandlerMethodAdapter.java:87)
	at org.springframework.web.servlet.DispatcherServlet.doDispatch(DispatcherServlet.java:1089)
	at org.springframework.web.servlet.DispatcherServlet.doService(DispatcherServlet.java:979)
	at org.springframework.web.servlet.FrameworkServlet.processRequest(FrameworkServlet.java:1014)
	at org.springframework.web.servlet.FrameworkServlet.doGet(FrameworkServlet.java:903)
	at jakarta.servlet.http.HttpServlet.service(HttpServlet.java:564)
	at org.springframework.web.servlet.FrameworkServlet.service(FrameworkServlet.java:885)
	at jakarta.servlet.http.HttpServlet.service(HttpServlet.java:658)
	at org.apache.catalina.core.ApplicationFilterChain.internalDoFilter(ApplicationFilterChain.java:193)
	at org.apache.catalina.core.ApplicationFilterChain.doFilter(ApplicationFilterChain.java:138)
	at org.apache.tomcat.websocket.server.WsFilter.doFilter(WsFilter.java:51)
	at org.apache.catalina.core.ApplicationFilterChain.internalDoFilter(ApplicationFilterChain.java:162)
	at org.apache.catalina.core.ApplicationFilterChain.doFilter(ApplicationFilterChain.java:138)
	at org.springframework.web.filter.CompositeFilter$VirtualFilterChain.doFilter(CompositeFilter.java:108)
	at org.springframework.web.filter.CompositeFilter$VirtualFilterChain.doFilter(CompositeFilter.java:108)
	at org.springframework.security.web.FilterChainProxy.lambda$doFilterInternal$3(FilterChainProxy.java:231)
	at org.springframework.security.web.FilterChainProxy$VirtualFilterChain.doFilter(FilterChainProxy.java:365)
	at org.springframework.security.web.access.intercept.AuthorizationFilter.doFilter(AuthorizationFilter.java:101)
	at org.springframework.security.web.FilterChainProxy$VirtualFilterChain.doFilter(FilterChainProxy.java:374)
	at org.springframework.security.web.access.ExceptionTranslationFilter.doFilter(ExceptionTranslationFilter.java:125)
	at org.springframework.security.web.access.ExceptionTranslationFilter.doFilter(ExceptionTranslationFilter.java:119)
	at org.springframework.security.web.FilterChainProxy$VirtualFilterChain.doFilter(FilterChainProxy.java:374)
	at org.springframework.security.web.authentication.AnonymousAuthenticationFilter.doFilter(AnonymousAuthenticationFilter.java:100)
	at org.springframework.security.web.FilterChainProxy$VirtualFilterChain.doFilter(FilterChainProxy.java:374)
	at org.springframework.security.web.servletapi.SecurityContextHolderAwareRequestFilter.doFilter(SecurityContextHolderAwareRequestFilter.java:179)
	at org.springframework.security.web.FilterChainProxy$VirtualFilterChain.doFilter(FilterChainProxy.java:374)
	at org.springframework.security.web.savedrequest.RequestCacheAwareFilter.doFilter(RequestCacheAwareFilter.java:63)
	at org.springframework.security.web.FilterChainProxy$VirtualFilterChain.doFilter(FilterChainProxy.java:374)
	at org.springframework.security.web.authentication.logout.LogoutFilter.doFilter(LogoutFilter.java:107)
	at org.springframework.security.web.authentication.logout.LogoutFilter.doFilter(LogoutFilter.java:93)
	at org.springframework.security.web.FilterChainProxy$VirtualFilterChain.doFilter(FilterChainProxy.java:374)
	at org.springframework.web.filter.CorsFilter.doFilterInternal(CorsFilter.java:91)
	at org.springframework.web.filter.OncePerRequestFilter.doFilter(OncePerRequestFilter.java:116)
	at org.springframework.security.web.FilterChainProxy$VirtualFilterChain.doFilter(FilterChainProxy.java:374)
	at org.springframework.security.web.header.HeaderWriterFilter.doHeadersAfter(HeaderWriterFilter.java:90)
	at org.springframework.security.web.header.HeaderWriterFilter.doFilterInternal(HeaderWriterFilter.java:75)
	at org.springframework.web.filter.OncePerRequestFilter.doFilter(OncePerRequestFilter.java:116)
	at org.springframework.security.web.FilterChainProxy$VirtualFilterChain.doFilter(FilterChainProxy.java:374)
	at org.springframework.security.web.context.SecurityContextHolderFilter.doFilter(SecurityContextHolderFilter.java:82)
	at org.springframework.security.web.context.SecurityContextHolderFilter.doFilter(SecurityContextHolderFilter.java:69)
	at org.springframework.security.web.FilterChainProxy$VirtualFilterChain.doFilter(FilterChainProxy.java:374)
	at org.springframework.security.web.context.request.async.WebAsyncManagerIntegrationFilter.doFilterInternal(WebAsyncManagerIntegrationFilter.java:62)
	at org.springframework.web.filter.OncePerRequestFilter.doFilter(OncePerRequestFilter.java:116)
	at org.springframework.security.web.FilterChainProxy$VirtualFilterChain.doFilter(FilterChainProxy.java:374)
	at org.springframework.security.web.session.DisableEncodeUrlFilter.doFilterInternal(DisableEncodeUrlFilter.java:42)
	at org.springframework.web.filter.OncePerRequestFilter.doFilter(OncePerRequestFilter.java:116)
	at org.springframework.security.web.FilterChainProxy$VirtualFilterChain.doFilter(FilterChainProxy.java:374)
	at org.springframework.security.web.FilterChainProxy.doFilterInternal(FilterChainProxy.java:233)
	at org.springframework.security.web.FilterChainProxy.doFilter(FilterChainProxy.java:191)
	at org.springframework.web.filter.CompositeFilter$VirtualFilterChain.doFilter(CompositeFilter.java:113)
	at org.springframework.web.filter.ServletRequestPathFilter.doFilter(ServletRequestPathFilter.java:52)
	at org.springframework.web.filter.CompositeFilter$VirtualFilterChain.doFilter(CompositeFilter.java:113)
	at org.springframework.web.filter.CompositeFilter.doFilter(CompositeFilter.java:74)
	at org.springframework.security.config.annotation.web.configuration.WebSecurityConfiguration$CompositeFilterChainProxy.doFilter(WebSecurityConfiguration.java:319)
	at org.springframework.web.filter.CompositeFilter$VirtualFilterChain.doFilter(CompositeFilter.java:113)
	at org.springframework.web.servlet.handler.HandlerMappingIntrospector.lambda$createCacheFilter$4(HandlerMappingIntrospector.java:267)
	at org.springframework.web.filter.CompositeFilter$VirtualFilterChain.doFilter(CompositeFilter.java:113)
	at org.springframework.web.filter.CompositeFilter.doFilter(CompositeFilter.java:74)
	at org.springframework.security.config.annotation.web.configuration.WebMvcSecurityConfiguration$CompositeFilterChainProxy.doFilter(WebMvcSecurityConfiguration.java:240)
	at org.springframework.web.filter.DelegatingFilterProxy.invokeDelegate(DelegatingFilterProxy.java:362)
	at org.springframework.web.filter.DelegatingFilterProxy.doFilter(DelegatingFilterProxy.java:278)
	at org.apache.catalina.core.ApplicationFilterChain.internalDoFilter(ApplicationFilterChain.java:162)
	at org.apache.catalina.core.ApplicationFilterChain.doFilter(ApplicationFilterChain.java:138)
	at org.springframework.web.filter.RequestContextFilter.doFilterInternal(RequestContextFilter.java:100)
	at org.springframework.web.filter.OncePerRequestFilter.doFilter(OncePerRequestFilter.java:116)
	at org.apache.catalina.core.ApplicationFilterChain.internalDoFilter(ApplicationFilterChain.java:162)
	at org.apache.catalina.core.ApplicationFilterChain.doFilter(ApplicationFilterChain.java:138)
	at org.springframework.web.filter.FormContentFilter.doFilterInternal(FormContentFilter.java:93)
	at org.springframework.web.filter.OncePerRequestFilter.doFilter(OncePerRequestFilter.java:116)
	at org.apache.catalina.core.ApplicationFilterChain.internalDoFilter(ApplicationFilterChain.java:162)
	at org.apache.catalina.core.ApplicationFilterChain.doFilter(ApplicationFilterChain.java:138)
	at org.springframework.web.filter.CharacterEncodingFilter.doFilterInternal(CharacterEncodingFilter.java:201)
	at org.springframework.web.filter.OncePerRequestFilter.doFilter(OncePerRequestFilter.java:116)
	at org.apache.catalina.core.ApplicationFilterChain.internalDoFilter(ApplicationFilterChain.java:162)
	at org.apache.catalina.core.ApplicationFilterChain.doFilter(ApplicationFilterChain.java:138)
	at org.apache.catalina.core.StandardWrapperValve.invoke(StandardWrapperValve.java:165)
	at org.apache.catalina.core.StandardContextValve.invoke(StandardContextValve.java:88)
	at org.apache.catalina.authenticator.AuthenticatorBase.invoke(AuthenticatorBase.java:492)
	at org.apache.catalina.core.StandardHostValve.invoke(StandardHostValve.java:113)
	at org.apache.catalina.valves.ErrorReportValve.invoke(ErrorReportValve.java:83)
	at org.apache.catalina.core.StandardEngineValve.invoke(StandardEngineValve.java:72)
	at org.apache.catalina.connector.CoyoteAdapter.service(CoyoteAdapter.java:342)
	at org.apache.coyote.http11.Http11Processor.service(Http11Processor.java:399)
	at org.apache.coyote.AbstractProcessorLight.process(AbstractProcessorLight.java:63)
	at org.apache.coyote.AbstractProtocol$ConnectionHandler.process(AbstractProtocol.java:903)
	at org.apache.tomcat.util.net.NioEndpoint$SocketProcessor.doRun(NioEndpoint.java:1775)
	at org.apache.tomcat.util.net.SocketProcessorBase.run(SocketProcessorBase.java:52)
	at org.apache.tomcat.util.threads.ThreadPoolExecutor.runWorker(ThreadPoolExecutor.java:973)
	at org.apache.tomcat.util.threads.ThreadPoolExecutor$Worker.run(ThreadPoolExecutor.java:491)
	at org.apache.tomcat.util.threads.TaskThread$WrappingRunnable.run(TaskThread.java:63)
	at java.base/java.lang.Thread.run(Thread.java:840)
2026-05-26 13:42:15 [http-nio-8080-exec-6] WARN  c.t.b.c.service.CalificationService - Get specialist rating failed. sessionId=18, error=Calificación no encontrada
2026-05-26 13:42:15 [http-nio-8080-exec-5] WARN  c.t.b.c.service.CalificationService - Get specialist rating failed. sessionId=16, error=Calificación no encontrada
2026-05-26 13:42:15 [http-nio-8080-exec-10] ERROR c.t.b.report.service.ReportService - Error fetching report for sessionId=17 specialistId=17
java.util.NoSuchElementException: Reporte no encontrado
	at com.takecare.backend.report.service.ReportService.lambda$4(ReportService.java:240)
	at java.base/java.util.Optional.orElseThrow(Optional.java:403)
	at com.takecare.backend.report.service.ReportService.getReportBySession(ReportService.java:240)
	at java.base/jdk.internal.reflect.NativeMethodAccessorImpl.invoke0(Native Method)
	at java.base/jdk.internal.reflect.NativeMethodAccessorImpl.invoke(NativeMethodAccessorImpl.java:77)
	at java.base/jdk.internal.reflect.DelegatingMethodAccessorImpl.invoke(DelegatingMethodAccessorImpl.java:43)
	at java.base/java.lang.reflect.Method.invoke(Method.java:569)
	at org.springframework.aop.support.AopUtils.invokeJoinpointUsingReflection(AopUtils.java:360)
	at org.springframework.aop.framework.ReflectiveMethodInvocation.invokeJoinpoint(ReflectiveMethodInvocation.java:196)
	at org.springframework.aop.framework.ReflectiveMethodInvocation.proceed(ReflectiveMethodInvocation.java:163)
	at org.springframework.transaction.interceptor.TransactionAspectSupport.invokeWithinTransaction(TransactionAspectSupport.java:380)
	at org.springframework.transaction.interceptor.TransactionInterceptor.invoke(TransactionInterceptor.java:119)
	at org.springframework.aop.framework.ReflectiveMethodInvocation.proceed(ReflectiveMethodInvocation.java:184)
	at org.springframework.aop.framework.CglibAopProxy$DynamicAdvisedInterceptor.intercept(CglibAopProxy.java:728)
	at com.takecare.backend.report.service.ReportService$$SpringCGLIB$$0.getReportBySession(<generated>)
	at com.takecare.backend.report.controller.ReportController.getReportBySession(ReportController.java:131)
	at java.base/jdk.internal.reflect.NativeMethodAccessorImpl.invoke0(Native Method)
	at java.base/jdk.internal.reflect.NativeMethodAccessorImpl.invoke(NativeMethodAccessorImpl.java:77)
	at java.base/jdk.internal.reflect.DelegatingMethodAccessorImpl.invoke(DelegatingMethodAccessorImpl.java:43)
	at java.base/java.lang.reflect.Method.invoke(Method.java:569)
	at org.springframework.web.method.support.InvocableHandlerMethod.doInvoke(InvocableHandlerMethod.java:258)
	at org.springframework.web.method.support.InvocableHandlerMethod.invokeForRequest(InvocableHandlerMethod.java:191)
	at org.springframework.web.servlet.mvc.method.annotation.ServletInvocableHandlerMethod.invokeAndHandle(ServletInvocableHandlerMethod.java:118)
	at org.springframework.web.servlet.mvc.method.annotation.RequestMappingHandlerAdapter.invokeHandlerMethod(RequestMappingHandlerAdapter.java:991)
	at org.springframework.web.servlet.mvc.method.annotation.RequestMappingHandlerAdapter.handleInternal(RequestMappingHandlerAdapter.java:896)
	at org.springframework.web.servlet.mvc.method.AbstractHandlerMethodAdapter.handle(AbstractHandlerMethodAdapter.java:87)
	at org.springframework.web.servlet.DispatcherServlet.doDispatch(DispatcherServlet.java:1089)
	at org.springframework.web.servlet.DispatcherServlet.doService(DispatcherServlet.java:979)
	at org.springframework.web.servlet.FrameworkServlet.processRequest(FrameworkServlet.java:1014)
	at org.springframework.web.servlet.FrameworkServlet.doGet(FrameworkServlet.java:903)
	at jakarta.servlet.http.HttpServlet.service(HttpServlet.java:564)
	at org.springframework.web.servlet.FrameworkServlet.service(FrameworkServlet.java:885)
	at jakarta.servlet.http.HttpServlet.service(HttpServlet.java:658)
	at org.apache.catalina.core.ApplicationFilterChain.internalDoFilter(ApplicationFilterChain.java:193)
	at org.apache.catalina.core.ApplicationFilterChain.doFilter(ApplicationFilterChain.java:138)
	at org.apache.tomcat.websocket.server.WsFilter.doFilter(WsFilter.java:51)
	at org.apache.catalina.core.ApplicationFilterChain.internalDoFilter(ApplicationFilterChain.java:162)
	at org.apache.catalina.core.ApplicationFilterChain.doFilter(ApplicationFilterChain.java:138)
	at org.springframework.web.filter.CompositeFilter$VirtualFilterChain.doFilter(CompositeFilter.java:108)
	at org.springframework.web.filter.CompositeFilter$VirtualFilterChain.doFilter(CompositeFilter.java:108)
	at org.springframework.security.web.FilterChainProxy.lambda$doFilterInternal$3(FilterChainProxy.java:231)
	at org.springframework.security.web.FilterChainProxy$VirtualFilterChain.doFilter(FilterChainProxy.java:365)
	at org.springframework.security.web.access.intercept.AuthorizationFilter.doFilter(AuthorizationFilter.java:101)
	at org.springframework.security.web.FilterChainProxy$VirtualFilterChain.doFilter(FilterChainProxy.java:374)
	at org.springframework.security.web.access.ExceptionTranslationFilter.doFilter(ExceptionTranslationFilter.java:125)
	at org.springframework.security.web.access.ExceptionTranslationFilter.doFilter(ExceptionTranslationFilter.java:119)
	at org.springframework.security.web.FilterChainProxy$VirtualFilterChain.doFilter(FilterChainProxy.java:374)
	at org.springframework.security.web.authentication.AnonymousAuthenticationFilter.doFilter(AnonymousAuthenticationFilter.java:100)
	at org.springframework.security.web.FilterChainProxy$VirtualFilterChain.doFilter(FilterChainProxy.java:374)
	at org.springframework.security.web.servletapi.SecurityContextHolderAwareRequestFilter.doFilter(SecurityContextHolderAwareRequestFilter.java:179)
	at org.springframework.security.web.FilterChainProxy$VirtualFilterChain.doFilter(FilterChainProxy.java:374)
	at org.springframework.security.web.savedrequest.RequestCacheAwareFilter.doFilter(RequestCacheAwareFilter.java:63)
	at org.springframework.security.web.FilterChainProxy$VirtualFilterChain.doFilter(FilterChainProxy.java:374)
	at org.springframework.security.web.authentication.logout.LogoutFilter.doFilter(LogoutFilter.java:107)
	at org.springframework.security.web.authentication.logout.LogoutFilter.doFilter(LogoutFilter.java:93)
	at org.springframework.security.web.FilterChainProxy$VirtualFilterChain.doFilter(FilterChainProxy.java:374)
	at org.springframework.web.filter.CorsFilter.doFilterInternal(CorsFilter.java:91)
	at org.springframework.web.filter.OncePerRequestFilter.doFilter(OncePerRequestFilter.java:116)
	at org.springframework.security.web.FilterChainProxy$VirtualFilterChain.doFilter(FilterChainProxy.java:374)
	at org.springframework.security.web.header.HeaderWriterFilter.doHeadersAfter(HeaderWriterFilter.java:90)
	at org.springframework.security.web.header.HeaderWriterFilter.doFilterInternal(HeaderWriterFilter.java:75)
	at org.springframework.web.filter.OncePerRequestFilter.doFilter(OncePerRequestFilter.java:116)
	at org.springframework.security.web.FilterChainProxy$VirtualFilterChain.doFilter(FilterChainProxy.java:374)
	at org.springframework.security.web.context.SecurityContextHolderFilter.doFilter(SecurityContextHolderFilter.java:82)
	at org.springframework.security.web.context.SecurityContextHolderFilter.doFilter(SecurityContextHolderFilter.java:69)
	at org.springframework.security.web.FilterChainProxy$VirtualFilterChain.doFilter(FilterChainProxy.java:374)
	at org.springframework.security.web.context.request.async.WebAsyncManagerIntegrationFilter.doFilterInternal(WebAsyncManagerIntegrationFilter.java:62)
	at org.springframework.web.filter.OncePerRequestFilter.doFilter(OncePerRequestFilter.java:116)
	at org.springframework.security.web.FilterChainProxy$VirtualFilterChain.doFilter(FilterChainProxy.java:374)
	at org.springframework.security.web.session.DisableEncodeUrlFilter.doFilterInternal(DisableEncodeUrlFilter.java:42)
	at org.springframework.web.filter.OncePerRequestFilter.doFilter(OncePerRequestFilter.java:116)
	at org.springframework.security.web.FilterChainProxy$VirtualFilterChain.doFilter(FilterChainProxy.java:374)
	at org.springframework.security.web.FilterChainProxy.doFilterInternal(FilterChainProxy.java:233)
	at org.springframework.security.web.FilterChainProxy.doFilter(FilterChainProxy.java:191)
	at org.springframework.web.filter.CompositeFilter$VirtualFilterChain.doFilter(CompositeFilter.java:113)
	at org.springframework.web.filter.ServletRequestPathFilter.doFilter(ServletRequestPathFilter.java:52)
	at org.springframework.web.filter.CompositeFilter$VirtualFilterChain.doFilter(CompositeFilter.java:113)
	at org.springframework.web.filter.CompositeFilter.doFilter(CompositeFilter.java:74)
	at org.springframework.security.config.annotation.web.configuration.WebSecurityConfiguration$CompositeFilterChainProxy.doFilter(WebSecurityConfiguration.java:319)
	at org.springframework.web.filter.CompositeFilter$VirtualFilterChain.doFilter(CompositeFilter.java:113)
	at org.springframework.web.servlet.handler.HandlerMappingIntrospector.lambda$createCacheFilter$4(HandlerMappingIntrospector.java:267)
	at org.springframework.web.filter.CompositeFilter$VirtualFilterChain.doFilter(CompositeFilter.java:113)
	at org.springframework.web.filter.CompositeFilter.doFilter(CompositeFilter.java:74)
	at org.springframework.security.config.annotation.web.configuration.WebMvcSecurityConfiguration$CompositeFilterChainProxy.doFilter(WebMvcSecurityConfiguration.java:240)
	at org.springframework.web.filter.DelegatingFilterProxy.invokeDelegate(DelegatingFilterProxy.java:362)
	at org.springframework.web.filter.DelegatingFilterProxy.doFilter(DelegatingFilterProxy.java:278)
	at org.apache.catalina.core.ApplicationFilterChain.internalDoFilter(ApplicationFilterChain.java:162)
	at org.apache.catalina.core.ApplicationFilterChain.doFilter(ApplicationFilterChain.java:138)
	at org.springframework.web.filter.RequestContextFilter.doFilterInternal(RequestContextFilter.java:100)
	at org.springframework.web.filter.OncePerRequestFilter.doFilter(OncePerRequestFilter.java:116)
	at org.apache.catalina.core.ApplicationFilterChain.internalDoFilter(ApplicationFilterChain.java:162)
	at org.apache.catalina.core.ApplicationFilterChain.doFilter(ApplicationFilterChain.java:138)
	at org.springframework.web.filter.FormContentFilter.doFilterInternal(FormContentFilter.java:93)
	at org.springframework.web.filter.OncePerRequestFilter.doFilter(OncePerRequestFilter.java:116)
	at org.apache.catalina.core.ApplicationFilterChain.internalDoFilter(ApplicationFilterChain.java:162)
	at org.apache.catalina.core.ApplicationFilterChain.doFilter(ApplicationFilterChain.java:138)
	at org.springframework.web.filter.CharacterEncodingFilter.doFilterInternal(CharacterEncodingFilter.java:201)
	at org.springframework.web.filter.OncePerRequestFilter.doFilter(OncePerRequestFilter.java:116)
	at org.apache.catalina.core.ApplicationFilterChain.internalDoFilter(ApplicationFilterChain.java:162)
	at org.apache.catalina.core.ApplicationFilterChain.doFilter(ApplicationFilterChain.java:138)
	at org.apache.catalina.core.StandardWrapperValve.invoke(StandardWrapperValve.java:165)
	at org.apache.catalina.core.StandardContextValve.invoke(StandardContextValve.java:88)
	at org.apache.catalina.authenticator.AuthenticatorBase.invoke(AuthenticatorBase.java:492)
	at org.apache.catalina.core.StandardHostValve.invoke(StandardHostValve.java:113)
	at org.apache.catalina.valves.ErrorReportValve.invoke(ErrorReportValve.java:83)
	at org.apache.catalina.core.StandardEngineValve.invoke(StandardEngineValve.java:72)
	at org.apache.catalina.connector.CoyoteAdapter.service(CoyoteAdapter.java:342)
	at org.apache.coyote.http11.Http11Processor.service(Http11Processor.java:399)
	at org.apache.coyote.AbstractProcessorLight.process(AbstractProcessorLight.java:63)
	at org.apache.coyote.AbstractProtocol$ConnectionHandler.process(AbstractProtocol.java:903)
	at org.apache.tomcat.util.net.NioEndpoint$SocketProcessor.doRun(NioEndpoint.java:1775)
	at org.apache.tomcat.util.net.SocketProcessorBase.run(SocketProcessorBase.java:52)
	at org.apache.tomcat.util.threads.ThreadPoolExecutor.runWorker(ThreadPoolExecutor.java:973)
	at org.apache.tomcat.util.threads.ThreadPoolExecutor$Worker.run(ThreadPoolExecutor.java:491)
	at org.apache.tomcat.util.threads.TaskThread$WrappingRunnable.run(TaskThread.java:63)
	at java.base/java.lang.Thread.run(Thread.java:840)
2026-05-26 13:42:15 [http-nio-8080-exec-4] DEBUG o.s.w.s.m.m.a.HttpEntityMethodProcessor - Using 'application/json', given [application/json, text/plain, */*] and supported [application/json, application/*+json, application/yaml]
2026-05-26 13:42:15 [http-nio-8080-exec-4] DEBUG o.s.w.s.m.m.a.HttpEntityMethodProcessor - Writing [com.takecare.backend.notification.dto.UnreadNotificationCountDto@631bb301]
2026-05-26 13:42:15 [http-nio-8080-exec-4] DEBUG o.s.web.servlet.DispatcherServlet - Completed 200 OK
2026-05-26 13:42:15 [http-nio-8080-exec-7] DEBUG o.s.web.servlet.DispatcherServlet - GET "/api/v1/reports/session/16/specialist/17", parameters={}
2026-05-26 13:42:15 [http-nio-8080-exec-7] DEBUG o.s.w.s.m.m.a.RequestMappingHandlerMapping - Mapped to com.takecare.backend.report.controller.ReportController#getReportBySession(Integer, Integer)
2026-05-26 13:42:15 [http-nio-8080-exec-7] INFO  c.t.b.r.controller.ReportController - GET /reports/session/16/specialist/17
2026-05-26 13:42:16 [http-nio-8080-exec-2] WARN  c.t.b.c.c.CalificationController - GET patient rating - not found: Calificación no encontrada
2026-05-26 13:42:16 [http-nio-8080-exec-2] DEBUG o.s.w.s.m.m.a.HttpEntityMethodProcessor - Using 'application/json', given [application/json, text/plain, */*] and supported [application/json, application/*+json, application/yaml]
2026-05-26 13:42:16 [http-nio-8080-exec-2] DEBUG o.s.w.s.m.m.a.HttpEntityMethodProcessor - Writing [{message=Calificación no encontrada}]
2026-05-26 13:42:16 [http-nio-8080-exec-2] DEBUG o.s.web.servlet.DispatcherServlet - Completed 404 NOT_FOUND
2026-05-26 13:42:16 [http-nio-8080-exec-9] DEBUG o.s.web.servlet.DispatcherServlet - GET "/api/v1/reports/session/15/specialist/17", parameters={}
2026-05-26 13:42:16 [http-nio-8080-exec-9] DEBUG o.s.w.s.m.m.a.RequestMappingHandlerMapping - Mapped to com.takecare.backend.report.controller.ReportController#getReportBySession(Integer, Integer)
2026-05-26 13:42:16 [http-nio-8080-exec-9] INFO  c.t.b.r.controller.ReportController - GET /reports/session/15/specialist/17
2026-05-26 13:42:16 [http-nio-8080-exec-8] WARN  c.t.b.r.controller.ReportController - GET /reports/session/specialist - not found: Reporte no encontrado
2026-05-26 13:42:16 [http-nio-8080-exec-8] DEBUG o.s.w.s.m.m.a.HttpEntityMethodProcessor - Using 'application/json', given [application/json, text/plain, */*] and supported [application/json, application/*+json, application/yaml]
2026-05-26 13:42:16 [http-nio-8080-exec-8] DEBUG o.s.w.s.m.m.a.HttpEntityMethodProcessor - Writing [{message=Reporte no encontrado}]
2026-05-26 13:42:16 [http-nio-8080-exec-8] DEBUG o.s.web.servlet.DispatcherServlet - Completed 404 NOT_FOUND
2026-05-26 13:42:16 [http-nio-8080-exec-6] WARN  c.t.b.c.c.CalificationController - GET patient rating - not found: Calificación no encontrada
2026-05-26 13:42:16 [http-nio-8080-exec-6] DEBUG o.s.w.s.m.m.a.HttpEntityMethodProcessor - Using 'application/json', given [application/json, text/plain, */*] and supported [application/json, application/*+json, application/yaml]
2026-05-26 13:42:16 [http-nio-8080-exec-6] DEBUG o.s.w.s.m.m.a.HttpEntityMethodProcessor - Writing [{message=Calificación no encontrada}]
2026-05-26 13:42:16 [http-nio-8080-exec-6] DEBUG o.s.web.servlet.DispatcherServlet - Completed 404 NOT_FOUND
2026-05-26 13:42:16 [http-nio-8080-exec-5] WARN  c.t.b.c.c.CalificationController - GET patient rating - not found: Calificación no encontrada
2026-05-26 13:42:16 [http-nio-8080-exec-5] DEBUG o.s.w.s.m.m.a.HttpEntityMethodProcessor - Using 'application/json', given [application/json, text/plain, */*] and supported [application/json, application/*+json, application/yaml]
2026-05-26 13:42:16 [http-nio-8080-exec-5] DEBUG o.s.w.s.m.m.a.HttpEntityMethodProcessor - Writing [{message=Calificación no encontrada}]
2026-05-26 13:42:16 [http-nio-8080-exec-5] DEBUG o.s.web.servlet.DispatcherServlet - Completed 404 NOT_FOUND
2026-05-26 13:42:16 [http-nio-8080-exec-10] WARN  c.t.b.r.controller.ReportController - GET /reports/session/specialist - not found: Reporte no encontrado
2026-05-26 13:42:16 [http-nio-8080-exec-10] DEBUG o.s.w.s.m.m.a.HttpEntityMethodProcessor - Using 'application/json', given [application/json, text/plain, */*] and supported [application/json, application/*+json, application/yaml]
2026-05-26 13:42:16 [http-nio-8080-exec-10] DEBUG o.s.w.s.m.m.a.HttpEntityMethodProcessor - Writing [{message=Reporte no encontrado}]
2026-05-26 13:42:16 [http-nio-8080-exec-10] DEBUG o.s.web.servlet.DispatcherServlet - Completed 404 NOT_FOUND
2026-05-26 13:42:17 [http-nio-8080-exec-7] ERROR c.t.b.report.service.ReportService - Error fetching report for sessionId=16 specialistId=17
java.util.NoSuchElementException: Reporte no encontrado
	at com.takecare.backend.report.service.ReportService.lambda$4(ReportService.java:240)
	at java.base/java.util.Optional.orElseThrow(Optional.java:403)
	at com.takecare.backend.report.service.ReportService.getReportBySession(ReportService.java:240)
	at java.base/jdk.internal.reflect.NativeMethodAccessorImpl.invoke0(Native Method)
	at java.base/jdk.internal.reflect.NativeMethodAccessorImpl.invoke(NativeMethodAccessorImpl.java:77)
	at java.base/jdk.internal.reflect.DelegatingMethodAccessorImpl.invoke(DelegatingMethodAccessorImpl.java:43)
	at java.base/java.lang.reflect.Method.invoke(Method.java:569)
	at org.springframework.aop.support.AopUtils.invokeJoinpointUsingReflection(AopUtils.java:360)
	at org.springframework.aop.framework.ReflectiveMethodInvocation.invokeJoinpoint(ReflectiveMethodInvocation.java:196)
	at org.springframework.aop.framework.ReflectiveMethodInvocation.proceed(ReflectiveMethodInvocation.java:163)
	at org.springframework.transaction.interceptor.TransactionAspectSupport.invokeWithinTransaction(TransactionAspectSupport.java:380)
	at org.springframework.transaction.interceptor.TransactionInterceptor.invoke(TransactionInterceptor.java:119)
	at org.springframework.aop.framework.ReflectiveMethodInvocation.proceed(ReflectiveMethodInvocation.java:184)
	at org.springframework.aop.framework.CglibAopProxy$DynamicAdvisedInterceptor.intercept(CglibAopProxy.java:728)
	at com.takecare.backend.report.service.ReportService$$SpringCGLIB$$0.getReportBySession(<generated>)
	at com.takecare.backend.report.controller.ReportController.getReportBySession(ReportController.java:131)
	at java.base/jdk.internal.reflect.NativeMethodAccessorImpl.invoke0(Native Method)
	at java.base/jdk.internal.reflect.NativeMethodAccessorImpl.invoke(NativeMethodAccessorImpl.java:77)
	at java.base/jdk.internal.reflect.DelegatingMethodAccessorImpl.invoke(DelegatingMethodAccessorImpl.java:43)
	at java.base/java.lang.reflect.Method.invoke(Method.java:569)
	at org.springframework.web.method.support.InvocableHandlerMethod.doInvoke(InvocableHandlerMethod.java:258)
	at org.springframework.web.method.support.InvocableHandlerMethod.invokeForRequest(InvocableHandlerMethod.java:191)
	at org.springframework.web.servlet.mvc.method.annotation.ServletInvocableHandlerMethod.invokeAndHandle(ServletInvocableHandlerMethod.java:118)
	at org.springframework.web.servlet.mvc.method.annotation.RequestMappingHandlerAdapter.invokeHandlerMethod(RequestMappingHandlerAdapter.java:991)
	at org.springframework.web.servlet.mvc.method.annotation.RequestMappingHandlerAdapter.handleInternal(RequestMappingHandlerAdapter.java:896)
	at org.springframework.web.servlet.mvc.method.AbstractHandlerMethodAdapter.handle(AbstractHandlerMethodAdapter.java:87)
	at org.springframework.web.servlet.DispatcherServlet.doDispatch(DispatcherServlet.java:1089)
	at org.springframework.web.servlet.DispatcherServlet.doService(DispatcherServlet.java:979)
	at org.springframework.web.servlet.FrameworkServlet.processRequest(FrameworkServlet.java:1014)
	at org.springframework.web.servlet.FrameworkServlet.doGet(FrameworkServlet.java:903)
	at jakarta.servlet.http.HttpServlet.service(HttpServlet.java:564)
	at org.springframework.web.servlet.FrameworkServlet.service(FrameworkServlet.java:885)
	at jakarta.servlet.http.HttpServlet.service(HttpServlet.java:658)
	at org.apache.catalina.core.ApplicationFilterChain.internalDoFilter(ApplicationFilterChain.java:193)
	at org.apache.catalina.core.ApplicationFilterChain.doFilter(ApplicationFilterChain.java:138)
	at org.apache.tomcat.websocket.server.WsFilter.doFilter(WsFilter.java:51)
	at org.apache.catalina.core.ApplicationFilterChain.internalDoFilter(ApplicationFilterChain.java:162)
	at org.apache.catalina.core.ApplicationFilterChain.doFilter(ApplicationFilterChain.java:138)
	at org.springframework.web.filter.CompositeFilter$VirtualFilterChain.doFilter(CompositeFilter.java:108)
	at org.springframework.web.filter.CompositeFilter$VirtualFilterChain.doFilter(CompositeFilter.java:108)
	at org.springframework.security.web.FilterChainProxy.lambda$doFilterInternal$3(FilterChainProxy.java:231)
	at org.springframework.security.web.FilterChainProxy$VirtualFilterChain.doFilter(FilterChainProxy.java:365)
	at org.springframework.security.web.access.intercept.AuthorizationFilter.doFilter(AuthorizationFilter.java:101)
	at org.springframework.security.web.FilterChainProxy$VirtualFilterChain.doFilter(FilterChainProxy.java:374)
	at org.springframework.security.web.access.ExceptionTranslationFilter.doFilter(ExceptionTranslationFilter.java:125)
	at org.springframework.security.web.access.ExceptionTranslationFilter.doFilter(ExceptionTranslationFilter.java:119)
	at org.springframework.security.web.FilterChainProxy$VirtualFilterChain.doFilter(FilterChainProxy.java:374)
	at org.springframework.security.web.authentication.AnonymousAuthenticationFilter.doFilter(AnonymousAuthenticationFilter.java:100)
	at org.springframework.security.web.FilterChainProxy$VirtualFilterChain.doFilter(FilterChainProxy.java:374)
	at org.springframework.security.web.servletapi.SecurityContextHolderAwareRequestFilter.doFilter(SecurityContextHolderAwareRequestFilter.java:179)
	at org.springframework.security.web.FilterChainProxy$VirtualFilterChain.doFilter(FilterChainProxy.java:374)
	at org.springframework.security.web.savedrequest.RequestCacheAwareFilter.doFilter(RequestCacheAwareFilter.java:63)
	at org.springframework.security.web.FilterChainProxy$VirtualFilterChain.doFilter(FilterChainProxy.java:374)
	at org.springframework.security.web.authentication.logout.LogoutFilter.doFilter(LogoutFilter.java:107)
	at org.springframework.security.web.authentication.logout.LogoutFilter.doFilter(LogoutFilter.java:93)
	at org.springframework.security.web.FilterChainProxy$VirtualFilterChain.doFilter(FilterChainProxy.java:374)
	at org.springframework.web.filter.CorsFilter.doFilterInternal(CorsFilter.java:91)
	at org.springframework.web.filter.OncePerRequestFilter.doFilter(OncePerRequestFilter.java:116)
	at org.springframework.security.web.FilterChainProxy$VirtualFilterChain.doFilter(FilterChainProxy.java:374)
	at org.springframework.security.web.header.HeaderWriterFilter.doHeadersAfter(HeaderWriterFilter.java:90)
	at org.springframework.security.web.header.HeaderWriterFilter.doFilterInternal(HeaderWriterFilter.java:75)
	at org.springframework.web.filter.OncePerRequestFilter.doFilter(OncePerRequestFilter.java:116)
	at org.springframework.security.web.FilterChainProxy$VirtualFilterChain.doFilter(FilterChainProxy.java:374)
	at org.springframework.security.web.context.SecurityContextHolderFilter.doFilter(SecurityContextHolderFilter.java:82)
	at org.springframework.security.web.context.SecurityContextHolderFilter.doFilter(SecurityContextHolderFilter.java:69)
	at org.springframework.security.web.FilterChainProxy$VirtualFilterChain.doFilter(FilterChainProxy.java:374)
	at org.springframework.security.web.context.request.async.WebAsyncManagerIntegrationFilter.doFilterInternal(WebAsyncManagerIntegrationFilter.java:62)
	at org.springframework.web.filter.OncePerRequestFilter.doFilter(OncePerRequestFilter.java:116)
	at org.springframework.security.web.FilterChainProxy$VirtualFilterChain.doFilter(FilterChainProxy.java:374)
	at org.springframework.security.web.session.DisableEncodeUrlFilter.doFilterInternal(DisableEncodeUrlFilter.java:42)
	at org.springframework.web.filter.OncePerRequestFilter.doFilter(OncePerRequestFilter.java:116)
	at org.springframework.security.web.FilterChainProxy$VirtualFilterChain.doFilter(FilterChainProxy.java:374)
	at org.springframework.security.web.FilterChainProxy.doFilterInternal(FilterChainProxy.java:233)
	at org.springframework.security.web.FilterChainProxy.doFilter(FilterChainProxy.java:191)
	at org.springframework.web.filter.CompositeFilter$VirtualFilterChain.doFilter(CompositeFilter.java:113)
	at org.springframework.web.filter.ServletRequestPathFilter.doFilter(ServletRequestPathFilter.java:52)
	at org.springframework.web.filter.CompositeFilter$VirtualFilterChain.doFilter(CompositeFilter.java:113)
	at org.springframework.web.filter.CompositeFilter.doFilter(CompositeFilter.java:74)
	at org.springframework.security.config.annotation.web.configuration.WebSecurityConfiguration$CompositeFilterChainProxy.doFilter(WebSecurityConfiguration.java:319)
	at org.springframework.web.filter.CompositeFilter$VirtualFilterChain.doFilter(CompositeFilter.java:113)
	at org.springframework.web.servlet.handler.HandlerMappingIntrospector.lambda$createCacheFilter$4(HandlerMappingIntrospector.java:267)
	at org.springframework.web.filter.CompositeFilter$VirtualFilterChain.doFilter(CompositeFilter.java:113)
	at org.springframework.web.filter.CompositeFilter.doFilter(CompositeFilter.java:74)
	at org.springframework.security.config.annotation.web.configuration.WebMvcSecurityConfiguration$CompositeFilterChainProxy.doFilter(WebMvcSecurityConfiguration.java:240)
	at org.springframework.web.filter.DelegatingFilterProxy.invokeDelegate(DelegatingFilterProxy.java:362)
	at org.springframework.web.filter.DelegatingFilterProxy.doFilter(DelegatingFilterProxy.java:278)
	at org.apache.catalina.core.ApplicationFilterChain.internalDoFilter(ApplicationFilterChain.java:162)
	at org.apache.catalina.core.ApplicationFilterChain.doFilter(ApplicationFilterChain.java:138)
	at org.springframework.web.filter.RequestContextFilter.doFilterInternal(RequestContextFilter.java:100)
	at org.springframework.web.filter.OncePerRequestFilter.doFilter(OncePerRequestFilter.java:116)
	at org.apache.catalina.core.ApplicationFilterChain.internalDoFilter(ApplicationFilterChain.java:162)
	at org.apache.catalina.core.ApplicationFilterChain.doFilter(ApplicationFilterChain.java:138)
	at org.springframework.web.filter.FormContentFilter.doFilterInternal(FormContentFilter.java:93)
	at org.springframework.web.filter.OncePerRequestFilter.doFilter(OncePerRequestFilter.java:116)
	at org.apache.catalina.core.ApplicationFilterChain.internalDoFilter(ApplicationFilterChain.java:162)
	at org.apache.catalina.core.ApplicationFilterChain.doFilter(ApplicationFilterChain.java:138)
	at org.springframework.web.filter.CharacterEncodingFilter.doFilterInternal(CharacterEncodingFilter.java:201)
	at org.springframework.web.filter.OncePerRequestFilter.doFilter(OncePerRequestFilter.java:116)
	at org.apache.catalina.core.ApplicationFilterChain.internalDoFilter(ApplicationFilterChain.java:162)
	at org.apache.catalina.core.ApplicationFilterChain.doFilter(ApplicationFilterChain.java:138)
	at org.apache.catalina.core.StandardWrapperValve.invoke(StandardWrapperValve.java:165)
	at org.apache.catalina.core.StandardContextValve.invoke(StandardContextValve.java:88)
	at org.apache.catalina.authenticator.AuthenticatorBase.invoke(AuthenticatorBase.java:492)
	at org.apache.catalina.core.StandardHostValve.invoke(StandardHostValve.java:113)
	at org.apache.catalina.valves.ErrorReportValve.invoke(ErrorReportValve.java:83)
	at org.apache.catalina.core.StandardEngineValve.invoke(StandardEngineValve.java:72)
	at org.apache.catalina.connector.CoyoteAdapter.service(CoyoteAdapter.java:342)
	at org.apache.coyote.http11.Http11Processor.service(Http11Processor.java:399)
	at org.apache.coyote.AbstractProcessorLight.process(AbstractProcessorLight.java:63)
	at org.apache.coyote.AbstractProtocol$ConnectionHandler.process(AbstractProtocol.java:903)
	at org.apache.tomcat.util.net.NioEndpoint$SocketProcessor.doRun(NioEndpoint.java:1775)
	at org.apache.tomcat.util.net.SocketProcessorBase.run(SocketProcessorBase.java:52)
	at org.apache.tomcat.util.threads.ThreadPoolExecutor.runWorker(ThreadPoolExecutor.java:973)
	at org.apache.tomcat.util.threads.ThreadPoolExecutor$Worker.run(ThreadPoolExecutor.java:491)
	at org.apache.tomcat.util.threads.TaskThread$WrappingRunnable.run(TaskThread.java:63)
	at java.base/java.lang.Thread.run(Thread.java:840)
2026-05-26 13:42:17 [http-nio-8080-exec-9] ERROR c.t.b.report.service.ReportService - Error fetching report for sessionId=15 specialistId=17
java.util.NoSuchElementException: Reporte no encontrado
	at com.takecare.backend.report.service.ReportService.lambda$4(ReportService.java:240)
	at java.base/java.util.Optional.orElseThrow(Optional.java:403)
	at com.takecare.backend.report.service.ReportService.getReportBySession(ReportService.java:240)
	at java.base/jdk.internal.reflect.NativeMethodAccessorImpl.invoke0(Native Method)
	at java.base/jdk.internal.reflect.NativeMethodAccessorImpl.invoke(NativeMethodAccessorImpl.java:77)
	at java.base/jdk.internal.reflect.DelegatingMethodAccessorImpl.invoke(DelegatingMethodAccessorImpl.java:43)
	at java.base/java.lang.reflect.Method.invoke(Method.java:569)
	at org.springframework.aop.support.AopUtils.invokeJoinpointUsingReflection(AopUtils.java:360)
	at org.springframework.aop.framework.ReflectiveMethodInvocation.invokeJoinpoint(ReflectiveMethodInvocation.java:196)
	at org.springframework.aop.framework.ReflectiveMethodInvocation.proceed(ReflectiveMethodInvocation.java:163)
	at org.springframework.transaction.interceptor.TransactionAspectSupport.invokeWithinTransaction(TransactionAspectSupport.java:380)
	at org.springframework.transaction.interceptor.TransactionInterceptor.invoke(TransactionInterceptor.java:119)
	at org.springframework.aop.framework.ReflectiveMethodInvocation.proceed(ReflectiveMethodInvocation.java:184)
	at org.springframework.aop.framework.CglibAopProxy$DynamicAdvisedInterceptor.intercept(CglibAopProxy.java:728)
	at com.takecare.backend.report.service.ReportService$$SpringCGLIB$$0.getReportBySession(<generated>)
	at com.takecare.backend.report.controller.ReportController.getReportBySession(ReportController.java:131)
	at java.base/jdk.internal.reflect.NativeMethodAccessorImpl.invoke0(Native Method)
	at java.base/jdk.internal.reflect.NativeMethodAccessorImpl.invoke(NativeMethodAccessorImpl.java:77)
	at java.base/jdk.internal.reflect.DelegatingMethodAccessorImpl.invoke(DelegatingMethodAccessorImpl.java:43)
	at java.base/java.lang.reflect.Method.invoke(Method.java:569)
	at org.springframework.web.method.support.InvocableHandlerMethod.doInvoke(InvocableHandlerMethod.java:258)
	at org.springframework.web.method.support.InvocableHandlerMethod.invokeForRequest(InvocableHandlerMethod.java:191)
	at org.springframework.web.servlet.mvc.method.annotation.ServletInvocableHandlerMethod.invokeAndHandle(ServletInvocableHandlerMethod.java:118)
	at org.springframework.web.servlet.mvc.method.annotation.RequestMappingHandlerAdapter.invokeHandlerMethod(RequestMappingHandlerAdapter.java:991)
	at org.springframework.web.servlet.mvc.method.annotation.RequestMappingHandlerAdapter.handleInternal(RequestMappingHandlerAdapter.java:896)
	at org.springframework.web.servlet.mvc.method.AbstractHandlerMethodAdapter.handle(AbstractHandlerMethodAdapter.java:87)
	at org.springframework.web.servlet.DispatcherServlet.doDispatch(DispatcherServlet.java:1089)
	at org.springframework.web.servlet.DispatcherServlet.doService(DispatcherServlet.java:979)
	at org.springframework.web.servlet.FrameworkServlet.processRequest(FrameworkServlet.java:1014)
	at org.springframework.web.servlet.FrameworkServlet.doGet(FrameworkServlet.java:903)
	at jakarta.servlet.http.HttpServlet.service(HttpServlet.java:564)
	at org.springframework.web.servlet.FrameworkServlet.service(FrameworkServlet.java:885)
	at jakarta.servlet.http.HttpServlet.service(HttpServlet.java:658)
	at org.apache.catalina.core.ApplicationFilterChain.internalDoFilter(ApplicationFilterChain.java:193)
	at org.apache.catalina.core.ApplicationFilterChain.doFilter(ApplicationFilterChain.java:138)
	at org.apache.tomcat.websocket.server.WsFilter.doFilter(WsFilter.java:51)
	at org.apache.catalina.core.ApplicationFilterChain.internalDoFilter(ApplicationFilterChain.java:162)
	at org.apache.catalina.core.ApplicationFilterChain.doFilter(ApplicationFilterChain.java:138)
	at org.springframework.web.filter.CompositeFilter$VirtualFilterChain.doFilter(CompositeFilter.java:108)
	at org.springframework.web.filter.CompositeFilter$VirtualFilterChain.doFilter(CompositeFilter.java:108)
	at org.springframework.security.web.FilterChainProxy.lambda$doFilterInternal$3(FilterChainProxy.java:231)
	at org.springframework.security.web.FilterChainProxy$VirtualFilterChain.doFilter(FilterChainProxy.java:365)
	at org.springframework.security.web.access.intercept.AuthorizationFilter.doFilter(AuthorizationFilter.java:101)
	at org.springframework.security.web.FilterChainProxy$VirtualFilterChain.doFilter(FilterChainProxy.java:374)
	at org.springframework.security.web.access.ExceptionTranslationFilter.doFilter(ExceptionTranslationFilter.java:125)
	at org.springframework.security.web.access.ExceptionTranslationFilter.doFilter(ExceptionTranslationFilter.java:119)
	at org.springframework.security.web.FilterChainProxy$VirtualFilterChain.doFilter(FilterChainProxy.java:374)
	at org.springframework.security.web.authentication.AnonymousAuthenticationFilter.doFilter(AnonymousAuthenticationFilter.java:100)
	at org.springframework.security.web.FilterChainProxy$VirtualFilterChain.doFilter(FilterChainProxy.java:374)
	at org.springframework.security.web.servletapi.SecurityContextHolderAwareRequestFilter.doFilter(SecurityContextHolderAwareRequestFilter.java:179)
	at org.springframework.security.web.FilterChainProxy$VirtualFilterChain.doFilter(FilterChainProxy.java:374)
	at org.springframework.security.web.savedrequest.RequestCacheAwareFilter.doFilter(RequestCacheAwareFilter.java:63)
	at org.springframework.security.web.FilterChainProxy$VirtualFilterChain.doFilter(FilterChainProxy.java:374)
	at org.springframework.security.web.authentication.logout.LogoutFilter.doFilter(LogoutFilter.java:107)
	at org.springframework.security.web.authentication.logout.LogoutFilter.doFilter(LogoutFilter.java:93)
	at org.springframework.security.web.FilterChainProxy$VirtualFilterChain.doFilter(FilterChainProxy.java:374)
	at org.springframework.web.filter.CorsFilter.doFilterInternal(CorsFilter.java:91)
	at org.springframework.web.filter.OncePerRequestFilter.doFilter(OncePerRequestFilter.java:116)
	at org.springframework.security.web.FilterChainProxy$VirtualFilterChain.doFilter(FilterChainProxy.java:374)
	at org.springframework.security.web.header.HeaderWriterFilter.doHeadersAfter(HeaderWriterFilter.java:90)
	at org.springframework.security.web.header.HeaderWriterFilter.doFilterInternal(HeaderWriterFilter.java:75)
	at org.springframework.web.filter.OncePerRequestFilter.doFilter(OncePerRequestFilter.java:116)
	at org.springframework.security.web.FilterChainProxy$VirtualFilterChain.doFilter(FilterChainProxy.java:374)
	at org.springframework.security.web.context.SecurityContextHolderFilter.doFilter(SecurityContextHolderFilter.java:82)
	at org.springframework.security.web.context.SecurityContextHolderFilter.doFilter(SecurityContextHolderFilter.java:69)
	at org.springframework.security.web.FilterChainProxy$VirtualFilterChain.doFilter(FilterChainProxy.java:374)
	at org.springframework.security.web.context.request.async.WebAsyncManagerIntegrationFilter.doFilterInternal(WebAsyncManagerIntegrationFilter.java:62)
	at org.springframework.web.filter.OncePerRequestFilter.doFilter(OncePerRequestFilter.java:116)
	at org.springframework.security.web.FilterChainProxy$VirtualFilterChain.doFilter(FilterChainProxy.java:374)
	at org.springframework.security.web.session.DisableEncodeUrlFilter.doFilterInternal(DisableEncodeUrlFilter.java:42)
	at org.springframework.web.filter.OncePerRequestFilter.doFilter(OncePerRequestFilter.java:116)
	at org.springframework.security.web.FilterChainProxy$VirtualFilterChain.doFilter(FilterChainProxy.java:374)
	at org.springframework.security.web.FilterChainProxy.doFilterInternal(FilterChainProxy.java:233)
	at org.springframework.security.web.FilterChainProxy.doFilter(FilterChainProxy.java:191)
	at org.springframework.web.filter.CompositeFilter$VirtualFilterChain.doFilter(CompositeFilter.java:113)
	at org.springframework.web.filter.ServletRequestPathFilter.doFilter(ServletRequestPathFilter.java:52)
	at org.springframework.web.filter.CompositeFilter$VirtualFilterChain.doFilter(CompositeFilter.java:113)
	at org.springframework.web.filter.CompositeFilter.doFilter(CompositeFilter.java:74)
	at org.springframework.security.config.annotation.web.configuration.WebSecurityConfiguration$CompositeFilterChainProxy.doFilter(WebSecurityConfiguration.java:319)
	at org.springframework.web.filter.CompositeFilter$VirtualFilterChain.doFilter(CompositeFilter.java:113)
	at org.springframework.web.servlet.handler.HandlerMappingIntrospector.lambda$createCacheFilter$4(HandlerMappingIntrospector.java:267)
	at org.springframework.web.filter.CompositeFilter$VirtualFilterChain.doFilter(CompositeFilter.java:113)
	at org.springframework.web.filter.CompositeFilter.doFilter(CompositeFilter.java:74)
	at org.springframework.security.config.annotation.web.configuration.WebMvcSecurityConfiguration$CompositeFilterChainProxy.doFilter(WebMvcSecurityConfiguration.java:240)
	at org.springframework.web.filter.DelegatingFilterProxy.invokeDelegate(DelegatingFilterProxy.java:362)
	at org.springframework.web.filter.DelegatingFilterProxy.doFilter(DelegatingFilterProxy.java:278)
	at org.apache.catalina.core.ApplicationFilterChain.internalDoFilter(ApplicationFilterChain.java:162)
	at org.apache.catalina.core.ApplicationFilterChain.doFilter(ApplicationFilterChain.java:138)
	at org.springframework.web.filter.RequestContextFilter.doFilterInternal(RequestContextFilter.java:100)
	at org.springframework.web.filter.OncePerRequestFilter.doFilter(OncePerRequestFilter.java:116)
	at org.apache.catalina.core.ApplicationFilterChain.internalDoFilter(ApplicationFilterChain.java:162)
	at org.apache.catalina.core.ApplicationFilterChain.doFilter(ApplicationFilterChain.java:138)
	at org.springframework.web.filter.FormContentFilter.doFilterInternal(FormContentFilter.java:93)
	at org.springframework.web.filter.OncePerRequestFilter.doFilter(OncePerRequestFilter.java:116)
	at org.apache.catalina.core.ApplicationFilterChain.internalDoFilter(ApplicationFilterChain.java:162)
	at org.apache.catalina.core.ApplicationFilterChain.doFilter(ApplicationFilterChain.java:138)
	at org.springframework.web.filter.CharacterEncodingFilter.doFilterInternal(CharacterEncodingFilter.java:201)
	at org.springframework.web.filter.OncePerRequestFilter.doFilter(OncePerRequestFilter.java:116)
	at org.apache.catalina.core.ApplicationFilterChain.internalDoFilter(ApplicationFilterChain.java:162)
	at org.apache.catalina.core.ApplicationFilterChain.doFilter(ApplicationFilterChain.java:138)
	at org.apache.catalina.core.StandardWrapperValve.invoke(StandardWrapperValve.java:165)
	at org.apache.catalina.core.StandardContextValve.invoke(StandardContextValve.java:88)
	at org.apache.catalina.authenticator.AuthenticatorBase.invoke(AuthenticatorBase.java:492)
	at org.apache.catalina.core.StandardHostValve.invoke(StandardHostValve.java:113)
	at org.apache.catalina.valves.ErrorReportValve.invoke(ErrorReportValve.java:83)
	at org.apache.catalina.core.StandardEngineValve.invoke(StandardEngineValve.java:72)
	at org.apache.catalina.connector.CoyoteAdapter.service(CoyoteAdapter.java:342)
	at org.apache.coyote.http11.Http11Processor.service(Http11Processor.java:399)
	at org.apache.coyote.AbstractProcessorLight.process(AbstractProcessorLight.java:63)
	at org.apache.coyote.AbstractProtocol$ConnectionHandler.process(AbstractProtocol.java:903)
	at org.apache.tomcat.util.net.NioEndpoint$SocketProcessor.doRun(NioEndpoint.java:1775)
	at org.apache.tomcat.util.net.SocketProcessorBase.run(SocketProcessorBase.java:52)
	at org.apache.tomcat.util.threads.ThreadPoolExecutor.runWorker(ThreadPoolExecutor.java:973)
	at org.apache.tomcat.util.threads.ThreadPoolExecutor$Worker.run(ThreadPoolExecutor.java:491)
	at org.apache.tomcat.util.threads.TaskThread$WrappingRunnable.run(TaskThread.java:63)
	at java.base/java.lang.Thread.run(Thread.java:840)
2026-05-26 13:42:18 [http-nio-8080-exec-7] WARN  c.t.b.r.controller.ReportController - GET /reports/session/specialist - not found: Reporte no encontrado
2026-05-26 13:42:18 [http-nio-8080-exec-7] DEBUG o.s.w.s.m.m.a.HttpEntityMethodProcessor - Using 'application/json', given [application/json, text/plain, */*] and supported [application/json, application/*+json, application/yaml]
2026-05-26 13:42:18 [http-nio-8080-exec-7] DEBUG o.s.w.s.m.m.a.HttpEntityMethodProcessor - Writing [{message=Reporte no encontrado}]
2026-05-26 13:42:18 [http-nio-8080-exec-7] DEBUG o.s.web.servlet.DispatcherServlet - Completed 404 NOT_FOUND
2026-05-26 13:42:18 [http-nio-8080-exec-9] WARN  c.t.b.r.controller.ReportController - GET /reports/session/specialist - not found: Reporte no encontrado
2026-05-26 13:42:18 [http-nio-8080-exec-9] DEBUG o.s.w.s.m.m.a.HttpEntityMethodProcessor - Using 'application/json', given [application/json, text/plain, */*] and supported [application/json, application/*+json, application/yaml]
2026-05-26 13:42:18 [http-nio-8080-exec-9] DEBUG o.s.w.s.m.m.a.HttpEntityMethodProcessor - Writing [{message=Reporte no encontrado}]
2026-05-26 13:42:18 [http-nio-8080-exec-9] DEBUG o.s.web.servlet.DispatcherServlet - Completed 404 NOT_FOUND
2026-05-26 13:42:44 [http-nio-8080-exec-3] DEBUG o.s.web.servlet.DispatcherServlet - GET "/api/v1/notifications/specialist/17/unread-count", parameters={}
2026-05-26 13:42:44 [http-nio-8080-exec-3] DEBUG o.s.w.s.m.m.a.RequestMappingHandlerMapping - Mapped to com.takecare.backend.notification.controller.NotificationController#unreadCount(Integer)
2026-05-26 13:42:44 [http-nio-8080-exec-3] INFO  c.t.b.n.c.NotificationController - GET /api/v1/notifications/specialist/17/unread-count
2026-05-26 13:42:44 [http-nio-8080-exec-1] DEBUG o.s.web.servlet.DispatcherServlet - GET "/api/v1/schedules/specialist/17/range?startDate=2026-05-26&endDate=2026-06-01", parameters={masked}
2026-05-26 13:42:44 [http-nio-8080-exec-1] DEBUG o.s.w.s.m.m.a.RequestMappingHandlerMapping - Mapped to com.takecare.backend.specialistschedule.controller.SpecialistScheduleController#getSchedulesByDateRange(Integer, LocalDate, LocalDate)
2026-05-26 13:42:45 [http-nio-8080-exec-1] DEBUG o.s.w.s.m.m.a.HttpEntityMethodProcessor - Using 'application/json', given [application/json, text/plain, */*] and supported [application/json, application/*+json, application/yaml]
2026-05-26 13:42:45 [http-nio-8080-exec-1] DEBUG o.s.w.s.m.m.a.HttpEntityMethodProcessor - Writing [[com.takecare.backend.specialistschedule.dto.SpecialistScheduleResponseDTO@6c2040fc, com.takecare.ba (truncated)...]
2026-05-26 13:42:45 [http-nio-8080-exec-1] DEBUG o.s.web.servlet.DispatcherServlet - Completed 200 OK
2026-05-26 13:42:46 [http-nio-8080-exec-3] DEBUG o.s.w.s.m.m.a.HttpEntityMethodProcessor - Using 'application/json', given [application/json, text/plain, */*] and supported [application/json, application/*+json, application/yaml]
2026-05-26 13:42:46 [http-nio-8080-exec-3] DEBUG o.s.w.s.m.m.a.HttpEntityMethodProcessor - Writing [com.takecare.backend.notification.dto.UnreadNotificationCountDto@278c68cc]
2026-05-26 13:42:46 [http-nio-8080-exec-3] DEBUG o.s.web.servlet.DispatcherServlet - Completed 200 OK
2026-05-26 13:42:54 [http-nio-8080-exec-2] DEBUG o.s.web.servlet.DispatcherServlet - DELETE "/api/v1/schedules/29", parameters={}
2026-05-26 13:42:54 [http-nio-8080-exec-2] DEBUG o.s.w.s.m.m.a.RequestMappingHandlerMapping - Mapped to com.takecare.backend.specialistschedule.controller.SpecialistScheduleController#deleteSchedule(Integer)
2026-05-26 13:42:55 [http-nio-8080-exec-2] WARN  o.h.e.jdbc.spi.SqlExceptionHelper - SQL Error: 1451, SQLState: 23000
2026-05-26 13:42:55 [http-nio-8080-exec-2] ERROR o.h.e.jdbc.spi.SqlExceptionHelper - Cannot delete or update a parent row: a foreign key constraint fails ("defaultdb"."sessions", CONSTRAINT "fk_sessions_specialist_schedule" FOREIGN KEY ("schedule_id") REFERENCES "specialist_schedule" ("id"))
2026-05-26 13:42:56 [http-nio-8080-exec-2] DEBUG o.s.web.servlet.DispatcherServlet - Failed to complete request: org.springframework.dao.DataIntegrityViolationException: could not execute statement [Cannot delete or update a parent row: a foreign key constraint fails ("defaultdb"."sessions", CONSTRAINT "fk_sessions_specialist_schedule" FOREIGN KEY ("schedule_id") REFERENCES "specialist_schedule" ("id"))] [delete from specialist_schedule where id=?]; SQL [delete from specialist_schedule where id=?]; constraint [null]
2026-05-26 13:42:56 [http-nio-8080-exec-2] ERROR o.a.c.c.C.[.[.[.[dispatcherServlet] - Servlet.service() for servlet [dispatcherServlet] in context with path [] threw exception [Request processing failed: org.springframework.dao.DataIntegrityViolationException: could not execute statement [Cannot delete or update a parent row: a foreign key constraint fails ("defaultdb"."sessions", CONSTRAINT "fk_sessions_specialist_schedule" FOREIGN KEY ("schedule_id") REFERENCES "specialist_schedule" ("id"))] [delete from specialist_schedule where id=?]; SQL [delete from specialist_schedule where id=?]; constraint [null]] with root cause
java.sql.SQLIntegrityConstraintViolationException: Cannot delete or update a parent row: a foreign key constraint fails ("defaultdb"."sessions", CONSTRAINT "fk_sessions_specialist_schedule" FOREIGN KEY ("schedule_id") REFERENCES "specialist_schedule" ("id"))
	at com.mysql.cj.jdbc.exceptions.SQLError.createSQLException(SQLError.java:109)
	at com.mysql.cj.jdbc.exceptions.SQLExceptionsMapping.translateException(SQLExceptionsMapping.java:114)
	at com.mysql.cj.jdbc.ClientPreparedStatement.executeInternal(ClientPreparedStatement.java:988)
	at com.mysql.cj.jdbc.ClientPreparedStatement.executeUpdateInternal(ClientPreparedStatement.java:1166)
	at com.mysql.cj.jdbc.ClientPreparedStatement.executeUpdateInternal(ClientPreparedStatement.java:1101)
	at com.mysql.cj.jdbc.ClientPreparedStatement.executeLargeUpdate(ClientPreparedStatement.java:1448)
	at com.mysql.cj.jdbc.ClientPreparedStatement.executeUpdate(ClientPreparedStatement.java:1084)
	at com.zaxxer.hikari.pool.ProxyPreparedStatement.executeUpdate(ProxyPreparedStatement.java:61)
	at com.zaxxer.hikari.pool.HikariProxyPreparedStatement.executeUpdate(HikariProxyPreparedStatement.java)
	at org.hibernate.engine.jdbc.internal.ResultSetReturnImpl.executeUpdate(ResultSetReturnImpl.java:194)
	at org.hibernate.engine.jdbc.mutation.internal.AbstractMutationExecutor.performNonBatchedMutation(AbstractMutationExecutor.java:134)
	at org.hibernate.engine.jdbc.mutation.internal.MutationExecutorSingleNonBatched.performNonBatchedOperations(MutationExecutorSingleNonBatched.java:55)
	at org.hibernate.engine.jdbc.mutation.internal.AbstractMutationExecutor.execute(AbstractMutationExecutor.java:55)
	at org.hibernate.persister.entity.mutation.AbstractDeleteCoordinator.doStaticDelete(AbstractDeleteCoordinator.java:280)
	at org.hibernate.persister.entity.mutation.AbstractDeleteCoordinator.delete(AbstractDeleteCoordinator.java:87)
	at org.hibernate.action.internal.EntityDeleteAction.execute(EntityDeleteAction.java:131)
	at org.hibernate.engine.spi.ActionQueue.executeActions(ActionQueue.java:644)
	at org.hibernate.engine.spi.ActionQueue.executeActions(ActionQueue.java:511)
	at org.hibernate.event.internal.AbstractFlushingEventListener.performExecutions(AbstractFlushingEventListener.java:414)
	at org.hibernate.event.internal.DefaultFlushEventListener.onFlush(DefaultFlushEventListener.java:41)
	at org.hibernate.event.service.internal.EventListenerGroupImpl.fireEventOnEachListener(EventListenerGroupImpl.java:127)
	at org.hibernate.internal.SessionImpl.doFlush(SessionImpl.java:1429)
	at org.hibernate.internal.SessionImpl.managedFlush(SessionImpl.java:491)
	at org.hibernate.internal.SessionImpl.flushBeforeTransactionCompletion(SessionImpl.java:2354)
	at org.hibernate.internal.SessionImpl.beforeTransactionCompletion(SessionImpl.java:1978)
	at org.hibernate.engine.jdbc.internal.JdbcCoordinatorImpl.beforeTransactionCompletion(JdbcCoordinatorImpl.java:439)
	at org.hibernate.resource.transaction.backend.jdbc.internal.JdbcResourceLocalTransactionCoordinatorImpl.beforeCompletionCallback(JdbcResourceLocalTransactionCoordinatorImpl.java:169)
	at org.hibernate.resource.transaction.backend.jdbc.internal.JdbcResourceLocalTransactionCoordinatorImpl$TransactionDriverControlImpl.commit(JdbcResourceLocalTransactionCoordinatorImpl.java:267)
	at org.hibernate.engine.transaction.internal.TransactionImpl.commit(TransactionImpl.java:101)
	at org.springframework.orm.jpa.JpaTransactionManager.doCommit(JpaTransactionManager.java:563)
	at org.springframework.transaction.support.AbstractPlatformTransactionManager.processCommit(AbstractPlatformTransactionManager.java:795)
	at org.springframework.transaction.support.AbstractPlatformTransactionManager.commit(AbstractPlatformTransactionManager.java:758)
	at org.springframework.transaction.interceptor.TransactionAspectSupport.commitTransactionAfterReturning(TransactionAspectSupport.java:698)
	at org.springframework.transaction.interceptor.TransactionAspectSupport.invokeWithinTransaction(TransactionAspectSupport.java:416)
	at org.springframework.transaction.interceptor.TransactionInterceptor.invoke(TransactionInterceptor.java:119)
	at org.springframework.aop.framework.ReflectiveMethodInvocation.proceed(ReflectiveMethodInvocation.java:184)
	at org.springframework.aop.framework.CglibAopProxy$DynamicAdvisedInterceptor.intercept(CglibAopProxy.java:728)
	at com.takecare.backend.specialistschedule.service.SpecialistScheduleService$$SpringCGLIB$$0.deleteSchedule(<generated>)
	at com.takecare.backend.specialistschedule.controller.SpecialistScheduleController.deleteSchedule(SpecialistScheduleController.java:69)
	at java.base/jdk.internal.reflect.NativeMethodAccessorImpl.invoke0(Native Method)
	at java.base/jdk.internal.reflect.NativeMethodAccessorImpl.invoke(NativeMethodAccessorImpl.java:77)
	at java.base/jdk.internal.reflect.DelegatingMethodAccessorImpl.invoke(DelegatingMethodAccessorImpl.java:43)
	at java.base/java.lang.reflect.Method.invoke(Method.java:569)
	at org.springframework.web.method.support.InvocableHandlerMethod.doInvoke(InvocableHandlerMethod.java:258)
	at org.springframework.web.method.support.InvocableHandlerMethod.invokeForRequest(InvocableHandlerMethod.java:191)
	at org.springframework.web.servlet.mvc.method.annotation.ServletInvocableHandlerMethod.invokeAndHandle(ServletInvocableHandlerMethod.java:118)
	at org.springframework.web.servlet.mvc.method.annotation.RequestMappingHandlerAdapter.invokeHandlerMethod(RequestMappingHandlerAdapter.java:991)
	at org.springframework.web.servlet.mvc.method.annotation.RequestMappingHandlerAdapter.handleInternal(RequestMappingHandlerAdapter.java:896)
	at org.springframework.web.servlet.mvc.method.AbstractHandlerMethodAdapter.handle(AbstractHandlerMethodAdapter.java:87)
	at org.springframework.web.servlet.DispatcherServlet.doDispatch(DispatcherServlet.java:1089)
	at org.springframework.web.servlet.DispatcherServlet.doService(DispatcherServlet.java:979)
	at org.springframework.web.servlet.FrameworkServlet.processRequest(FrameworkServlet.java:1014)
	at org.springframework.web.servlet.FrameworkServlet.doDelete(FrameworkServlet.java:936)
	at jakarta.servlet.http.HttpServlet.service(HttpServlet.java:596)
	at org.springframework.web.servlet.FrameworkServlet.service(FrameworkServlet.java:885)
	at jakarta.servlet.http.HttpServlet.service(HttpServlet.java:658)
	at org.apache.catalina.core.ApplicationFilterChain.internalDoFilter(ApplicationFilterChain.java:193)
	at org.apache.catalina.core.ApplicationFilterChain.doFilter(ApplicationFilterChain.java:138)
	at org.apache.tomcat.websocket.server.WsFilter.doFilter(WsFilter.java:51)
	at org.apache.catalina.core.ApplicationFilterChain.internalDoFilter(ApplicationFilterChain.java:162)
	at org.apache.catalina.core.ApplicationFilterChain.doFilter(ApplicationFilterChain.java:138)
	at org.springframework.web.filter.CompositeFilter$VirtualFilterChain.doFilter(CompositeFilter.java:108)
	at org.springframework.web.filter.CompositeFilter$VirtualFilterChain.doFilter(CompositeFilter.java:108)
	at org.springframework.security.web.FilterChainProxy.lambda$doFilterInternal$3(FilterChainProxy.java:231)
	at org.springframework.security.web.FilterChainProxy$VirtualFilterChain.doFilter(FilterChainProxy.java:365)
	at org.springframework.security.web.access.intercept.AuthorizationFilter.doFilter(AuthorizationFilter.java:101)
	at org.springframework.security.web.FilterChainProxy$VirtualFilterChain.doFilter(FilterChainProxy.java:374)
	at org.springframework.security.web.access.ExceptionTranslationFilter.doFilter(ExceptionTranslationFilter.java:125)
	at org.springframework.security.web.access.ExceptionTranslationFilter.doFilter(ExceptionTranslationFilter.java:119)
	at org.springframework.security.web.FilterChainProxy$VirtualFilterChain.doFilter(FilterChainProxy.java:374)
	at org.springframework.security.web.authentication.AnonymousAuthenticationFilter.doFilter(AnonymousAuthenticationFilter.java:100)
	at org.springframework.security.web.FilterChainProxy$VirtualFilterChain.doFilter(FilterChainProxy.java:374)
	at org.springframework.security.web.servletapi.SecurityContextHolderAwareRequestFilter.doFilter(SecurityContextHolderAwareRequestFilter.java:179)
	at org.springframework.security.web.FilterChainProxy$VirtualFilterChain.doFilter(FilterChainProxy.java:374)
	at org.springframework.security.web.savedrequest.RequestCacheAwareFilter.doFilter(RequestCacheAwareFilter.java:63)
	at org.springframework.security.web.FilterChainProxy$VirtualFilterChain.doFilter(FilterChainProxy.java:374)
	at org.springframework.security.web.authentication.logout.LogoutFilter.doFilter(LogoutFilter.java:107)
	at org.springframework.security.web.authentication.logout.LogoutFilter.doFilter(LogoutFilter.java:93)
	at org.springframework.security.web.FilterChainProxy$VirtualFilterChain.doFilter(FilterChainProxy.java:374)
	at org.springframework.web.filter.CorsFilter.doFilterInternal(CorsFilter.java:91)
	at org.springframework.web.filter.OncePerRequestFilter.doFilter(OncePerRequestFilter.java:116)
	at org.springframework.security.web.FilterChainProxy$VirtualFilterChain.doFilter(FilterChainProxy.java:374)
	at org.springframework.security.web.header.HeaderWriterFilter.doHeadersAfter(HeaderWriterFilter.java:90)
	at org.springframework.security.web.header.HeaderWriterFilter.doFilterInternal(HeaderWriterFilter.java:75)
	at org.springframework.web.filter.OncePerRequestFilter.doFilter(OncePerRequestFilter.java:116)
	at org.springframework.security.web.FilterChainProxy$VirtualFilterChain.doFilter(FilterChainProxy.java:374)
	at org.springframework.security.web.context.SecurityContextHolderFilter.doFilter(SecurityContextHolderFilter.java:82)
	at org.springframework.security.web.context.SecurityContextHolderFilter.doFilter(SecurityContextHolderFilter.java:69)
	at org.springframework.security.web.FilterChainProxy$VirtualFilterChain.doFilter(FilterChainProxy.java:374)
	at org.springframework.security.web.context.request.async.WebAsyncManagerIntegrationFilter.doFilterInternal(WebAsyncManagerIntegrationFilter.java:62)
	at org.springframework.web.filter.OncePerRequestFilter.doFilter(OncePerRequestFilter.java:116)
	at org.springframework.security.web.FilterChainProxy$VirtualFilterChain.doFilter(FilterChainProxy.java:374)
	at org.springframework.security.web.session.DisableEncodeUrlFilter.doFilterInternal(DisableEncodeUrlFilter.java:42)
	at org.springframework.web.filter.OncePerRequestFilter.doFilter(OncePerRequestFilter.java:116)
	at org.springframework.security.web.FilterChainProxy$VirtualFilterChain.doFilter(FilterChainProxy.java:374)
	at org.springframework.security.web.FilterChainProxy.doFilterInternal(FilterChainProxy.java:233)
	at org.springframework.security.web.FilterChainProxy.doFilter(FilterChainProxy.java:191)
	at org.springframework.web.filter.CompositeFilter$VirtualFilterChain.doFilter(CompositeFilter.java:113)
	at org.springframework.web.filter.ServletRequestPathFilter.doFilter(ServletRequestPathFilter.java:52)
	at org.springframework.web.filter.CompositeFilter$VirtualFilterChain.doFilter(CompositeFilter.java:113)
	at org.springframework.web.filter.CompositeFilter.doFilter(CompositeFilter.java:74)
	at org.springframework.security.config.annotation.web.configuration.WebSecurityConfiguration$CompositeFilterChainProxy.doFilter(WebSecurityConfiguration.java:319)
	at org.springframework.web.filter.CompositeFilter$VirtualFilterChain.doFilter(CompositeFilter.java:113)
	at org.springframework.web.servlet.handler.HandlerMappingIntrospector.lambda$createCacheFilter$4(HandlerMappingIntrospector.java:267)
	at org.springframework.web.filter.CompositeFilter$VirtualFilterChain.doFilter(CompositeFilter.java:113)
	at org.springframework.web.filter.CompositeFilter.doFilter(CompositeFilter.java:74)
	at org.springframework.security.config.annotation.web.configuration.WebMvcSecurityConfiguration$CompositeFilterChainProxy.doFilter(WebMvcSecurityConfiguration.java:240)
	at org.springframework.web.filter.DelegatingFilterProxy.invokeDelegate(DelegatingFilterProxy.java:362)
	at org.springframework.web.filter.DelegatingFilterProxy.doFilter(DelegatingFilterProxy.java:278)
	at org.apache.catalina.core.ApplicationFilterChain.internalDoFilter(ApplicationFilterChain.java:162)
	at org.apache.catalina.core.ApplicationFilterChain.doFilter(ApplicationFilterChain.java:138)
	at org.springframework.web.filter.RequestContextFilter.doFilterInternal(RequestContextFilter.java:100)
	at org.springframework.web.filter.OncePerRequestFilter.doFilter(OncePerRequestFilter.java:116)
	at org.apache.catalina.core.ApplicationFilterChain.internalDoFilter(ApplicationFilterChain.java:162)
	at org.apache.catalina.core.ApplicationFilterChain.doFilter(ApplicationFilterChain.java:138)
	at org.springframework.web.filter.FormContentFilter.doFilterInternal(FormContentFilter.java:93)
	at org.springframework.web.filter.OncePerRequestFilter.doFilter(OncePerRequestFilter.java:116)
	at org.apache.catalina.core.ApplicationFilterChain.internalDoFilter(ApplicationFilterChain.java:162)
	at org.apache.catalina.core.ApplicationFilterChain.doFilter(ApplicationFilterChain.java:138)
	at org.springframework.web.filter.CharacterEncodingFilter.doFilterInternal(CharacterEncodingFilter.java:201)
	at org.springframework.web.filter.OncePerRequestFilter.doFilter(OncePerRequestFilter.java:116)
	at org.apache.catalina.core.ApplicationFilterChain.internalDoFilter(ApplicationFilterChain.java:162)
	at org.apache.catalina.core.ApplicationFilterChain.doFilter(ApplicationFilterChain.java:138)
	at org.apache.catalina.core.StandardWrapperValve.invoke(StandardWrapperValve.java:165)
	at org.apache.catalina.core.StandardContextValve.invoke(StandardContextValve.java:88)
	at org.apache.catalina.authenticator.AuthenticatorBase.invoke(AuthenticatorBase.java:492)
	at org.apache.catalina.core.StandardHostValve.invoke(StandardHostValve.java:113)
	at org.apache.catalina.valves.ErrorReportValve.invoke(ErrorReportValve.java:83)
	at org.apache.catalina.core.StandardEngineValve.invoke(StandardEngineValve.java:72)
	at org.apache.catalina.connector.CoyoteAdapter.service(CoyoteAdapter.java:342)
	at org.apache.coyote.http11.Http11Processor.service(Http11Processor.java:399)
	at org.apache.coyote.AbstractProcessorLight.process(AbstractProcessorLight.java:63)
	at org.apache.coyote.AbstractProtocol$ConnectionHandler.process(AbstractProtocol.java:903)
	at org.apache.tomcat.util.net.NioEndpoint$SocketProcessor.doRun(NioEndpoint.java:1775)
	at org.apache.tomcat.util.net.SocketProcessorBase.run(SocketProcessorBase.java:52)
	at org.apache.tomcat.util.threads.ThreadPoolExecutor.runWorker(ThreadPoolExecutor.java:973)
	at org.apache.tomcat.util.threads.ThreadPoolExecutor$Worker.run(ThreadPoolExecutor.java:491)
	at org.apache.tomcat.util.threads.TaskThread$WrappingRunnable.run(TaskThread.java:63)
	at java.base/java.lang.Thread.run(Thread.java:840)
2026-05-26 13:42:56 [http-nio-8080-exec-2] DEBUG o.s.web.servlet.DispatcherServlet - "ERROR" dispatch for DELETE "/error", parameters={}
2026-05-26 13:42:56 [http-nio-8080-exec-2] DEBUG o.s.w.s.m.m.a.RequestMappingHandlerMapping - Mapped to org.springframework.boot.autoconfigure.web.servlet.error.BasicErrorController#error(HttpServletRequest)
2026-05-26 13:42:56 [http-nio-8080-exec-2] DEBUG o.s.w.s.m.m.a.HttpEntityMethodProcessor - Using 'application/json', given [application/json, text/plain, */*] and supported [application/json, application/*+json, application/yaml]
2026-05-26 13:42:56 [http-nio-8080-exec-2] DEBUG o.s.w.s.m.m.a.HttpEntityMethodProcessor - Writing [{timestamp=Tue May 26 13:42:56 BOT 2026, status=500, error=Internal Server Error, trace=org.springfr (truncated)...]
2026-05-26 13:42:56 [http-nio-8080-exec-2] DEBUG o.s.web.servlet.DispatcherServlet - Exiting from "ERROR" dispatch, status 500
2026-05-26 13:50:43 [Thread-5] DEBUG org.springframework.web.SimpLogging - clientOutboundChannel removed SubProtocolWebSocketHandler[StompSubProtocolHandler[v10.stomp, v11.stomp, v12.stomp]]
2026-05-26 13:50:43 [Thread-5] DEBUG org.springframework.web.SimpLogging - clientInboundChannel removed WebSocketAnnotationMethodMessageHandler[prefixes=[/app/]]
2026-05-26 13:50:43 [Thread-5] INFO  org.springframework.web.SimpLogging - Stopping...
2026-05-26 13:50:43 [Thread-5] INFO  org.springframework.web.SimpLogging - BrokerAvailabilityEvent[available=false, SimpleBrokerMessageHandler [org.springframework.messaging.simp.broker.DefaultSubscriptionRegistry@33fab5d9]]
2026-05-26 13:50:43 [Thread-5] DEBUG org.springframework.web.SimpLogging - clientInboundChannel removed SimpleBrokerMessageHandler [org.springframework.messaging.simp.broker.DefaultSubscriptionRegistry@33fab5d9]
2026-05-26 13:50:43 [Thread-5] DEBUG org.springframework.web.SimpLogging - brokerChannel removed SimpleBrokerMessageHandler [org.springframework.messaging.simp.broker.DefaultSubscriptionRegistry@33fab5d9]
2026-05-26 13:50:43 [Thread-5] INFO  org.springframework.web.SimpLogging - Stopped.
2026-05-26 13:50:43 [Thread-5] DEBUG org.springframework.web.SimpLogging - clientInboundChannel removed UserDestinationMessageHandler[DefaultUserDestinationResolver[prefix=/user/]]
2026-05-26 13:50:43 [Thread-5] DEBUG org.springframework.web.SimpLogging - brokerChannel removed UserDestinationMessageHandler[DefaultUserDestinationResolver[prefix=/user/]]
2026-05-26 13:50:43 [restartedMain] INFO  c.t.backend.TakeCareApplication - Starting TakeCareApplication using Java 17.0.18 with PID 5252 (C:\Users\usser\Desktop\Uni\TallerSISINFO\takecare\backend\target\classes started by usser in C:\Users\usser\Desktop\Uni\TallerSISINFO\takecare\backend)
2026-05-26 13:50:43 [restartedMain] INFO  c.t.backend.TakeCareApplication - No active profile set, falling back to 1 default profile: "default"
2026-05-26 13:51:06 [restartedMain] INFO  c.t.b.s.s.OrientationMaterialService - Orientation materials storage ready at: C:\Users\usser\Desktop\Uni\TallerSISINFO\takecare\backend\uploads\orientation-materials
2026-05-26 13:51:06 [restartedMain] INFO  c.t.b.u.s.ClinicalDocumentService - Clinical docs storage ready at: C:\Users\usser\Desktop\Uni\TallerSISINFO\takecare\backend\uploads\clinical-docs
2026-05-26 13:51:06 [restartedMain] WARN  o.s.b.a.o.j.JpaBaseConfiguration$JpaWebConfiguration - spring.jpa.open-in-view is enabled by default. Therefore, database queries may be performed during view rendering. Explicitly configure spring.jpa.open-in-view to disable this warning
2026-05-26 13:51:06 [restartedMain] DEBUG o.s.w.s.s.s.WebSocketHandlerMapping - Patterns [/ws-takecare/**] in 'stompWebSocketHandlerMapping'
2026-05-26 13:51:06 [restartedMain] DEBUG o.s.w.s.m.m.a.RequestMappingHandlerMapping - 86 mappings in 'requestMappingHandlerMapping'
2026-05-26 13:51:06 [restartedMain] DEBUG o.s.w.s.h.SimpleUrlHandlerMapping - Patterns [/webjars/**, /**, /swagger-ui*/*swagger-initializer.js, /swagger-ui*/**] in 'resourceHandlerMapping'
2026-05-26 13:51:06 [restartedMain] WARN  o.s.b.a.s.s.UserDetailsServiceAutoConfiguration - 

Using generated security password: de4e4209-b363-4414-b42e-fdd6747cb372

This generated password is for development use only. Your security configuration must be updated before running your application in production.

2026-05-26 13:51:06 [restartedMain] DEBUG o.s.w.s.m.WebSocketAnnotationMethodMessageHandler - 
	c.t.b.a.c.AuthController:
	
2026-05-26 13:51:06 [restartedMain] DEBUG o.s.w.s.m.WebSocketAnnotationMethodMessageHandler - 
	c.t.b.c.c.CalificationController:
	
2026-05-26 13:51:06 [restartedMain] DEBUG o.s.w.s.m.WebSocketAnnotationMethodMessageHandler - 
	c.t.b.n.c.NotificationController:
	
2026-05-26 13:51:06 [restartedMain] DEBUG o.s.w.s.m.WebSocketAnnotationMethodMessageHandler - 
	c.t.b.r.c.ReportController:
	
2026-05-26 13:51:06 [restartedMain] DEBUG o.s.w.s.m.WebSocketAnnotationMethodMessageHandler - 
	c.t.b.s.c.SessionController:
	
2026-05-26 13:51:06 [restartedMain] DEBUG o.s.w.s.m.WebSocketAnnotationMethodMessageHandler - 
	c.t.b.s.c.TestController:
	
2026-05-26 13:51:06 [restartedMain] DEBUG o.s.w.s.m.WebSocketAnnotationMethodMessageHandler - 
	c.t.b.s.c.SpecialistScheduleController:
	
2026-05-26 13:51:06 [restartedMain] DEBUG o.s.w.s.m.WebSocketAnnotationMethodMessageHandler - 
	c.t.b.s.c.OrientationMaterialController:
	
2026-05-26 13:51:06 [restartedMain] DEBUG o.s.w.s.m.WebSocketAnnotationMethodMessageHandler - 
	c.t.b.s.c.SupportMaterialController:
	
2026-05-26 13:51:06 [restartedMain] DEBUG o.s.w.s.m.WebSocketAnnotationMethodMessageHandler - 
	c.t.b.u.c.AdminController:
	
2026-05-26 13:51:06 [restartedMain] DEBUG o.s.w.s.m.WebSocketAnnotationMethodMessageHandler - 
	c.t.b.u.c.ClinicalDocumentController:
	
2026-05-26 13:51:06 [restartedMain] DEBUG o.s.w.s.m.WebSocketAnnotationMethodMessageHandler - 
	c.t.b.u.c.PatientController:
	
2026-05-26 13:51:06 [restartedMain] DEBUG o.s.w.s.m.WebSocketAnnotationMethodMessageHandler - 
	c.t.b.u.c.SpecialistController:
	
2026-05-26 13:51:06 [restartedMain] DEBUG o.s.w.s.m.WebSocketAnnotationMethodMessageHandler - 
	c.t.b.u.c.UserController:
	
2026-05-26 13:51:06 [restartedMain] DEBUG o.s.w.s.m.WebSocketAnnotationMethodMessageHandler - 
	c.t.b.u.c.UserProfileController:
	
2026-05-26 13:51:06 [restartedMain] DEBUG o.s.w.s.m.WebSocketAnnotationMethodMessageHandler - 
	o.s.b.a.w.s.e.BasicErrorController:
	
2026-05-26 13:51:06 [restartedMain] DEBUG o.s.w.s.m.WebSocketAnnotationMethodMessageHandler - 
	o.s.w.a.OpenApiWebMvcResource:
	
2026-05-26 13:51:06 [restartedMain] DEBUG o.s.w.s.m.WebSocketAnnotationMethodMessageHandler - 
	o.s.w.u.SwaggerWelcomeWebMvc:
	
2026-05-26 13:51:06 [restartedMain] DEBUG o.s.w.s.m.WebSocketAnnotationMethodMessageHandler - 
	o.s.w.u.SwaggerConfigResource:
	
2026-05-26 13:51:06 [restartedMain] DEBUG o.s.w.s.m.m.a.RequestMappingHandlerAdapter - ControllerAdvice beans: 0 @ModelAttribute, 0 @InitBinder, 1 RequestBodyAdvice, 1 ResponseBodyAdvice
2026-05-26 13:51:06 [restartedMain] DEBUG o.s.w.s.m.m.a.ExceptionHandlerExceptionResolver - ControllerAdvice beans: 1 @ExceptionHandler, 1 ResponseBodyAdvice
2026-05-26 13:51:06 [restartedMain] DEBUG org.springframework.web.SimpLogging - clientOutboundChannel added SubProtocolWebSocketHandler[StompSubProtocolHandler[v10.stomp, v11.stomp, v12.stomp]]
2026-05-26 13:51:06 [restartedMain] DEBUG org.springframework.web.SimpLogging - clientInboundChannel added WebSocketAnnotationMethodMessageHandler[prefixes=[/app/]]
2026-05-26 13:51:06 [restartedMain] INFO  org.springframework.web.SimpLogging - Starting...
2026-05-26 13:51:06 [restartedMain] DEBUG org.springframework.web.SimpLogging - clientInboundChannel added SimpleBrokerMessageHandler [org.springframework.messaging.simp.broker.DefaultSubscriptionRegistry@3aca7f0e]
2026-05-26 13:51:06 [restartedMain] DEBUG org.springframework.web.SimpLogging - brokerChannel added SimpleBrokerMessageHandler [org.springframework.messaging.simp.broker.DefaultSubscriptionRegistry@3aca7f0e]
2026-05-26 13:51:06 [restartedMain] INFO  org.springframework.web.SimpLogging - BrokerAvailabilityEvent[available=true, SimpleBrokerMessageHandler [org.springframework.messaging.simp.broker.DefaultSubscriptionRegistry@3aca7f0e]]
2026-05-26 13:51:06 [restartedMain] INFO  org.springframework.web.SimpLogging - Started.
2026-05-26 13:51:06 [restartedMain] DEBUG org.springframework.web.SimpLogging - clientInboundChannel added UserDestinationMessageHandler[DefaultUserDestinationResolver[prefix=/user/]]
2026-05-26 13:51:06 [restartedMain] DEBUG org.springframework.web.SimpLogging - brokerChannel added UserDestinationMessageHandler[DefaultUserDestinationResolver[prefix=/user/]]
2026-05-26 13:51:06 [restartedMain] INFO  c.t.backend.TakeCareApplication - Started TakeCareApplication in 23.112 seconds (process running for 2677.666)
2026-05-26 13:52:06 [MessageBroker-2] INFO  o.s.w.s.c.WebSocketMessageBrokerStats - WebSocketSession[0 current WS(0)-HttpStream(0)-HttpPoll(0), 0 total, 0 closed abnormally (0 connect failure, 0 send limit, 0 transport error)], stompSubProtocol[processed CONNECT(0)-CONNECTED(0)-DISCONNECT(0)], stompBrokerRelay[null], inboundChannel[pool size = 0, active threads = 0, queued tasks = 0, completed tasks = 0], outboundChannel[pool size = 0, active threads = 0, queued tasks = 0, completed tasks = 0], sockJsScheduler[pool size = 3, active threads = 1, queued tasks = 1, completed tasks = 1]
2026-05-26 13:54:03 [http-nio-8080-exec-1] INFO  o.s.web.servlet.DispatcherServlet - Initializing Servlet 'dispatcherServlet'
2026-05-26 13:54:03 [http-nio-8080-exec-1] DEBUG o.s.web.servlet.DispatcherServlet - Detected StandardServletMultipartResolver
2026-05-26 13:54:03 [http-nio-8080-exec-1] DEBUG o.s.web.servlet.DispatcherServlet - Detected AcceptHeaderLocaleResolver
2026-05-26 13:54:03 [http-nio-8080-exec-1] DEBUG o.s.web.servlet.DispatcherServlet - Detected FixedThemeResolver
2026-05-26 13:54:03 [http-nio-8080-exec-1] DEBUG o.s.web.servlet.DispatcherServlet - Detected org.springframework.web.servlet.view.DefaultRequestToViewNameTranslator@26525798
2026-05-26 13:54:03 [http-nio-8080-exec-1] DEBUG o.s.web.servlet.DispatcherServlet - Detected org.springframework.web.servlet.support.SessionFlashMapManager@1a2e0f6
2026-05-26 13:54:03 [http-nio-8080-exec-1] DEBUG o.s.web.servlet.DispatcherServlet - enableLoggingRequestDetails='false': request parameters and headers will be masked to prevent unsafe logging of potentially sensitive data
2026-05-26 13:54:03 [http-nio-8080-exec-1] INFO  o.s.web.servlet.DispatcherServlet - Completed initialization in 3 ms
2026-05-26 13:54:03 [http-nio-8080-exec-1] DEBUG o.s.web.servlet.DispatcherServlet - GET "/api/v1/notifications/specialist/17/unread-count", parameters={}
2026-05-26 13:54:03 [http-nio-8080-exec-1] DEBUG o.s.w.s.m.m.a.RequestMappingHandlerMapping - Mapped to com.takecare.backend.notification.controller.NotificationController#unreadCount(Integer)
2026-05-26 13:54:03 [http-nio-8080-exec-1] INFO  c.t.b.n.c.NotificationController - GET /api/v1/notifications/specialist/17/unread-count
2026-05-26 13:54:03 [http-nio-8080-exec-2] DEBUG o.s.web.servlet.DispatcherServlet - GET "/api/v1/schedules/specialist/17/range?startDate=2026-05-26&endDate=2026-06-01", parameters={masked}
2026-05-26 13:54:03 [http-nio-8080-exec-2] DEBUG o.s.w.s.m.m.a.RequestMappingHandlerMapping - Mapped to com.takecare.backend.specialistschedule.controller.SpecialistScheduleController#getSchedulesByDateRange(Integer, LocalDate, LocalDate)
2026-05-26 13:54:04 [http-nio-8080-exec-2] DEBUG o.s.w.s.m.m.a.HttpEntityMethodProcessor - Using 'application/json', given [application/json, text/plain, */*] and supported [application/json, application/*+json, application/yaml]
2026-05-26 13:54:04 [http-nio-8080-exec-2] DEBUG o.s.w.s.m.m.a.HttpEntityMethodProcessor - Writing [[com.takecare.backend.specialistschedule.dto.SpecialistScheduleResponseDTO@49fa085, com.takecare.bac (truncated)...]
2026-05-26 13:54:04 [http-nio-8080-exec-2] DEBUG o.s.web.servlet.DispatcherServlet - Completed 200 OK
2026-05-26 13:54:06 [http-nio-8080-exec-1] DEBUG o.s.w.s.m.m.a.HttpEntityMethodProcessor - Using 'application/json', given [application/json, text/plain, */*] and supported [application/json, application/*+json, application/yaml]
2026-05-26 13:54:06 [http-nio-8080-exec-1] DEBUG o.s.w.s.m.m.a.HttpEntityMethodProcessor - Writing [com.takecare.backend.notification.dto.UnreadNotificationCountDto@4854193b]
2026-05-26 13:54:06 [http-nio-8080-exec-1] DEBUG o.s.web.servlet.DispatcherServlet - Completed 200 OK
2026-05-26 13:55:18 [http-nio-8080-exec-6] DEBUG o.s.web.servlet.DispatcherServlet - POST "/api/v1/auth/login", parameters={}
2026-05-26 13:55:18 [http-nio-8080-exec-6] DEBUG o.s.w.s.m.m.a.RequestMappingHandlerMapping - Mapped to com.takecare.backend.auth.controller.AuthController#login(LoginRequestDTO)
2026-05-26 13:55:18 [http-nio-8080-exec-6] DEBUG o.s.w.s.m.m.a.RequestResponseBodyMethodProcessor - Read "application/json;charset=UTF-8" to [com.takecare.backend.auth.DTO.LoginRequestDTO@56a4ceb2]
2026-05-26 13:55:18 [http-nio-8080-exec-6] DEBUG o.s.w.s.m.m.a.HttpEntityMethodProcessor - Using 'application/json', given [application/json, text/plain, */*] and supported [application/json, application/*+json, application/yaml]
2026-05-26 13:55:18 [http-nio-8080-exec-6] DEBUG o.s.w.s.m.m.a.HttpEntityMethodProcessor - Writing [com.takecare.backend.auth.DTO.ApiResponseDTO@2649d463]
2026-05-26 13:55:18 [http-nio-8080-exec-6] DEBUG o.s.web.servlet.DispatcherServlet - Completed 200 OK
2026-05-26 13:55:19 [http-nio-8080-exec-7] DEBUG o.s.web.servlet.DispatcherServlet - GET "/api/v1/notifications/patient/13/unread-count", parameters={}
2026-05-26 13:55:19 [http-nio-8080-exec-7] DEBUG o.s.w.s.m.m.a.RequestMappingHandlerMapping - Mapped to com.takecare.backend.notification.controller.NotificationController#patientUnreadCount(Integer)
2026-05-26 13:55:19 [http-nio-8080-exec-7] INFO  c.t.b.n.c.NotificationController - GET /api/v1/notifications/patient/13/unread-count
2026-05-26 13:55:19 [http-nio-8080-exec-8] DEBUG o.s.web.servlet.DispatcherServlet - GET "/api/v1/sessions/patient/13", parameters={}
2026-05-26 13:55:19 [http-nio-8080-exec-8] DEBUG o.s.w.s.m.m.a.RequestMappingHandlerMapping - Mapped to com.takecare.backend.session.controller.SessionController#listByPatient(Integer)
2026-05-26 13:55:19 [http-nio-8080-exec-8] INFO  c.t.b.s.controller.SessionController - GET sessions by patientId=13
2026-05-26 13:55:22 [http-nio-8080-exec-7] DEBUG o.s.w.s.m.m.a.HttpEntityMethodProcessor - Using 'application/json', given [application/json, text/plain, */*] and supported [application/json, application/*+json, application/yaml]
2026-05-26 13:55:22 [http-nio-8080-exec-7] DEBUG o.s.w.s.m.m.a.HttpEntityMethodProcessor - Writing [com.takecare.backend.notification.dto.UnreadNotificationCountDto@62d4e62d]
2026-05-26 13:55:22 [http-nio-8080-exec-7] DEBUG o.s.web.servlet.DispatcherServlet - Completed 200 OK
2026-05-26 13:55:22 [http-nio-8080-exec-9] DEBUG o.s.web.servlet.DispatcherServlet - GET "/api/v1/notifications/patient/13/unread-count", parameters={}
2026-05-26 13:55:22 [http-nio-8080-exec-9] DEBUG o.s.w.s.m.m.a.RequestMappingHandlerMapping - Mapped to com.takecare.backend.notification.controller.NotificationController#patientUnreadCount(Integer)
2026-05-26 13:55:22 [http-nio-8080-exec-9] INFO  c.t.b.n.c.NotificationController - GET /api/v1/notifications/patient/13/unread-count
2026-05-26 13:55:24 [http-nio-8080-exec-9] DEBUG o.s.w.s.m.m.a.HttpEntityMethodProcessor - Using 'application/json', given [application/json, text/plain, */*] and supported [application/json, application/*+json, application/yaml]
2026-05-26 13:55:24 [http-nio-8080-exec-9] DEBUG o.s.w.s.m.m.a.HttpEntityMethodProcessor - Writing [com.takecare.backend.notification.dto.UnreadNotificationCountDto@5d5af4f0]
2026-05-26 13:55:24 [http-nio-8080-exec-9] DEBUG o.s.web.servlet.DispatcherServlet - Completed 200 OK
2026-05-26 13:55:24 [http-nio-8080-exec-8] DEBUG o.s.w.s.m.m.a.HttpEntityMethodProcessor - Using 'application/json', given [application/json, text/plain, */*] and supported [application/json, application/*+json, application/yaml]
2026-05-26 13:55:24 [http-nio-8080-exec-8] DEBUG o.s.w.s.m.m.a.HttpEntityMethodProcessor - Writing [[com.takecare.backend.session.dto.SessionResponseDTO@5b41865a, com.takecare.backend.session.dto.Sess (truncated)...]
2026-05-26 13:55:24 [http-nio-8080-exec-8] DEBUG o.s.web.servlet.DispatcherServlet - Completed 200 OK
2026-05-26 13:55:24 [http-nio-8080-exec-10] DEBUG o.s.web.servlet.DispatcherServlet - GET "/api/v1/sessions/patient/13", parameters={}
2026-05-26 13:55:24 [http-nio-8080-exec-10] DEBUG o.s.w.s.m.m.a.RequestMappingHandlerMapping - Mapped to com.takecare.backend.session.controller.SessionController#listByPatient(Integer)
2026-05-26 13:55:24 [http-nio-8080-exec-10] INFO  c.t.b.s.controller.SessionController - GET sessions by patientId=13
2026-05-26 13:55:28 [http-nio-8080-exec-10] DEBUG o.s.w.s.m.m.a.HttpEntityMethodProcessor - Using 'application/json', given [application/json, text/plain, */*] and supported [application/json, application/*+json, application/yaml]
2026-05-26 13:55:28 [http-nio-8080-exec-10] DEBUG o.s.w.s.m.m.a.HttpEntityMethodProcessor - Writing [[com.takecare.backend.session.dto.SessionResponseDTO@429a15a7, com.takecare.backend.session.dto.Sess (truncated)...]
2026-05-26 13:55:28 [http-nio-8080-exec-10] DEBUG o.s.web.servlet.DispatcherServlet - Completed 200 OK
2026-05-26 13:55:28 [http-nio-8080-exec-2] DEBUG o.s.web.servlet.DispatcherServlet - GET "/api/v1/sessions/17/specialist-ratings", parameters={}
2026-05-26 13:55:28 [http-nio-8080-exec-1] DEBUG o.s.web.servlet.DispatcherServlet - GET "/api/v1/reports/session/17/patient/13", parameters={}
2026-05-26 13:55:28 [http-nio-8080-exec-2] DEBUG o.s.w.s.m.m.a.RequestMappingHandlerMapping - Mapped to com.takecare.backend.calification.controller.CalificationController#getSpecialistRating(Integer)
2026-05-26 13:55:28 [http-nio-8080-exec-1] DEBUG o.s.w.s.m.m.a.RequestMappingHandlerMapping - Mapped to com.takecare.backend.report.controller.ReportController#getPatientReportBySession(Integer, Integer)
2026-05-26 13:55:28 [http-nio-8080-exec-2] INFO  c.t.b.c.c.CalificationController - GET /api/v1/sessions/17/specialist-ratings
2026-05-26 13:55:28 [http-nio-8080-exec-1] INFO  c.t.b.r.controller.ReportController - GET /reports/session/17/patient/13
2026-05-26 13:55:29 [http-nio-8080-exec-2] INFO  c.t.b.c.service.CalificationService - Get patient rating. sessionId=17, specialistId=17, patientId=13
2026-05-26 13:55:30 [http-nio-8080-exec-1] DEBUG o.s.w.s.m.m.a.HttpEntityMethodProcessor - Using 'application/json', given [application/json, text/plain, */*] and supported [application/json, application/*+json, application/yaml]
2026-05-26 13:55:30 [http-nio-8080-exec-1] DEBUG o.s.w.s.m.m.a.HttpEntityMethodProcessor - Writing [com.takecare.backend.report.dto.ReportResponseDTO@6904234c]
2026-05-26 13:55:30 [http-nio-8080-exec-1] DEBUG o.s.web.servlet.DispatcherServlet - Completed 200 OK
2026-05-26 13:55:31 [http-nio-8080-exec-2] DEBUG o.s.w.s.m.m.a.HttpEntityMethodProcessor - Using 'application/json', given [application/json, text/plain, */*] and supported [application/json, application/*+json, application/yaml]
2026-05-26 13:55:31 [http-nio-8080-exec-2] DEBUG o.s.w.s.m.m.a.HttpEntityMethodProcessor - Writing [com.takecare.backend.calification.dto.CalificationResponseDTO@3cc81f10]
2026-05-26 13:55:31 [http-nio-8080-exec-2] DEBUG o.s.web.servlet.DispatcherServlet - Completed 200 OK
2026-05-26 13:57:45 [http-nio-8080-exec-7] DEBUG o.s.web.servlet.DispatcherServlet - POST "/api/v1/auth/login", parameters={}
2026-05-26 13:57:45 [http-nio-8080-exec-7] DEBUG o.s.w.s.m.m.a.RequestMappingHandlerMapping - Mapped to com.takecare.backend.auth.controller.AuthController#login(LoginRequestDTO)
2026-05-26 13:57:45 [http-nio-8080-exec-7] DEBUG o.s.w.s.m.m.a.RequestResponseBodyMethodProcessor - Read "application/json;charset=UTF-8" to [com.takecare.backend.auth.DTO.LoginRequestDTO@27eb5a02]
2026-05-26 13:57:46 [http-nio-8080-exec-7] DEBUG o.s.w.s.m.m.a.HttpEntityMethodProcessor - Using 'application/json', given [application/json, text/plain, */*] and supported [application/json, application/*+json, application/yaml]
2026-05-26 13:57:46 [http-nio-8080-exec-7] DEBUG o.s.w.s.m.m.a.HttpEntityMethodProcessor - Writing [com.takecare.backend.auth.DTO.ApiResponseDTO@4ac8bc52]
2026-05-26 13:57:46 [http-nio-8080-exec-7] DEBUG o.s.web.servlet.DispatcherServlet - Completed 200 OK
2026-05-26 13:57:47 [http-nio-8080-exec-9] DEBUG o.s.web.servlet.DispatcherServlet - GET "/api/v1/notifications/specialist/17/unread-count", parameters={}
2026-05-26 13:57:47 [http-nio-8080-exec-9] DEBUG o.s.w.s.m.m.a.RequestMappingHandlerMapping - Mapped to com.takecare.backend.notification.controller.NotificationController#unreadCount(Integer)
2026-05-26 13:57:47 [http-nio-8080-exec-9] INFO  c.t.b.n.c.NotificationController - GET /api/v1/notifications/specialist/17/unread-count
2026-05-26 13:57:47 [http-nio-8080-exec-8] DEBUG o.s.web.servlet.DispatcherServlet - GET "/api/v1/sessions/specialist/17", parameters={}
2026-05-26 13:57:47 [http-nio-8080-exec-8] DEBUG o.s.w.s.m.m.a.RequestMappingHandlerMapping - Mapped to com.takecare.backend.session.controller.SessionController#listBySpecialist(Integer)
2026-05-26 13:57:47 [http-nio-8080-exec-8] INFO  c.t.b.s.controller.SessionController - GET sessions by specialistId=17
2026-05-26 13:57:48 [http-nio-8080-exec-10] DEBUG o.s.web.servlet.DispatcherServlet - GET "/api/v1/schedules/specialist/17/range?startDate=2026-05-26&endDate=2026-06-01", parameters={masked}
2026-05-26 13:57:48 [http-nio-8080-exec-10] DEBUG o.s.w.s.m.m.a.RequestMappingHandlerMapping - Mapped to com.takecare.backend.specialistschedule.controller.SpecialistScheduleController#getSchedulesByDateRange(Integer, LocalDate, LocalDate)
2026-05-26 13:57:49 [http-nio-8080-exec-10] DEBUG o.s.w.s.m.m.a.HttpEntityMethodProcessor - Using 'application/json', given [application/json, text/plain, */*] and supported [application/json, application/*+json, application/yaml]
2026-05-26 13:57:49 [http-nio-8080-exec-10] DEBUG o.s.w.s.m.m.a.HttpEntityMethodProcessor - Writing [[com.takecare.backend.specialistschedule.dto.SpecialistScheduleResponseDTO@20b7d02e, com.takecare.ba (truncated)...]
2026-05-26 13:57:49 [http-nio-8080-exec-10] DEBUG o.s.web.servlet.DispatcherServlet - Completed 200 OK
2026-05-26 13:57:49 [http-nio-8080-exec-9] DEBUG o.s.w.s.m.m.a.HttpEntityMethodProcessor - Using 'application/json', given [application/json, text/plain, */*] and supported [application/json, application/*+json, application/yaml]
2026-05-26 13:57:49 [http-nio-8080-exec-9] DEBUG o.s.w.s.m.m.a.HttpEntityMethodProcessor - Writing [com.takecare.backend.notification.dto.UnreadNotificationCountDto@3d750bbf]
2026-05-26 13:57:49 [http-nio-8080-exec-9] DEBUG o.s.web.servlet.DispatcherServlet - Completed 200 OK
2026-05-26 13:57:49 [http-nio-8080-exec-1] DEBUG o.s.web.servlet.DispatcherServlet - GET "/api/v1/notifications/specialist/17/unread-count", parameters={}
2026-05-26 13:57:49 [http-nio-8080-exec-1] DEBUG o.s.w.s.m.m.a.RequestMappingHandlerMapping - Mapped to com.takecare.backend.notification.controller.NotificationController#unreadCount(Integer)
2026-05-26 13:57:49 [http-nio-8080-exec-1] INFO  c.t.b.n.c.NotificationController - GET /api/v1/notifications/specialist/17/unread-count
2026-05-26 13:57:50 [http-nio-8080-exec-8] DEBUG o.s.w.s.m.m.a.HttpEntityMethodProcessor - Using 'application/json', given [application/json, text/plain, */*] and supported [application/json, application/*+json, application/yaml]
2026-05-26 13:57:50 [http-nio-8080-exec-8] DEBUG o.s.w.s.m.m.a.HttpEntityMethodProcessor - Writing [[com.takecare.backend.session.dto.SessionResponseDTO@218d828e, com.takecare.backend.session.dto.Sess (truncated)...]
2026-05-26 13:57:50 [http-nio-8080-exec-8] DEBUG o.s.web.servlet.DispatcherServlet - Completed 200 OK
2026-05-26 13:57:52 [http-nio-8080-exec-1] DEBUG o.s.w.s.m.m.a.HttpEntityMethodProcessor - Using 'application/json', given [application/json, text/plain, */*] and supported [application/json, application/*+json, application/yaml]
2026-05-26 13:57:52 [http-nio-8080-exec-1] DEBUG o.s.w.s.m.m.a.HttpEntityMethodProcessor - Writing [com.takecare.backend.notification.dto.UnreadNotificationCountDto@89b5eee]
2026-05-26 13:57:52 [http-nio-8080-exec-1] DEBUG o.s.web.servlet.DispatcherServlet - Completed 200 OK
2026-05-26 13:58:05 [Thread-7] DEBUG org.springframework.web.SimpLogging - clientOutboundChannel removed SubProtocolWebSocketHandler[StompSubProtocolHandler[v10.stomp, v11.stomp, v12.stomp]]
2026-05-26 13:58:05 [Thread-7] DEBUG org.springframework.web.SimpLogging - clientInboundChannel removed WebSocketAnnotationMethodMessageHandler[prefixes=[/app/]]
2026-05-26 13:58:05 [Thread-7] INFO  org.springframework.web.SimpLogging - Stopping...
2026-05-26 13:58:05 [Thread-7] INFO  org.springframework.web.SimpLogging - BrokerAvailabilityEvent[available=false, SimpleBrokerMessageHandler [org.springframework.messaging.simp.broker.DefaultSubscriptionRegistry@3aca7f0e]]
2026-05-26 13:58:05 [Thread-7] DEBUG org.springframework.web.SimpLogging - clientInboundChannel removed SimpleBrokerMessageHandler [org.springframework.messaging.simp.broker.DefaultSubscriptionRegistry@3aca7f0e]
2026-05-26 13:58:05 [Thread-7] DEBUG org.springframework.web.SimpLogging - brokerChannel removed SimpleBrokerMessageHandler [org.springframework.messaging.simp.broker.DefaultSubscriptionRegistry@3aca7f0e]
2026-05-26 13:58:05 [Thread-7] INFO  org.springframework.web.SimpLogging - Stopped.
2026-05-26 13:58:05 [Thread-7] DEBUG org.springframework.web.SimpLogging - clientInboundChannel removed UserDestinationMessageHandler[DefaultUserDestinationResolver[prefix=/user/]]
2026-05-26 13:58:05 [Thread-7] DEBUG org.springframework.web.SimpLogging - brokerChannel removed UserDestinationMessageHandler[DefaultUserDestinationResolver[prefix=/user/]]
2026-05-26 13:58:05 [restartedMain] INFO  c.t.backend.TakeCareApplication - Starting TakeCareApplication using Java 17.0.18 with PID 5252 (C:\Users\usser\Desktop\Uni\TallerSISINFO\takecare\backend\target\classes started by usser in C:\Users\usser\Desktop\Uni\TallerSISINFO\takecare\backend)
2026-05-26 13:58:05 [restartedMain] INFO  c.t.backend.TakeCareApplication - No active profile set, falling back to 1 default profile: "default"
2026-05-26 13:58:28 [restartedMain] INFO  c.t.b.s.s.OrientationMaterialService - Orientation materials storage ready at: C:\Users\usser\Desktop\Uni\TallerSISINFO\takecare\backend\uploads\orientation-materials
2026-05-26 13:58:28 [restartedMain] INFO  c.t.b.u.s.ClinicalDocumentService - Clinical docs storage ready at: C:\Users\usser\Desktop\Uni\TallerSISINFO\takecare\backend\uploads\clinical-docs
2026-05-26 13:58:28 [restartedMain] WARN  o.s.b.a.o.j.JpaBaseConfiguration$JpaWebConfiguration - spring.jpa.open-in-view is enabled by default. Therefore, database queries may be performed during view rendering. Explicitly configure spring.jpa.open-in-view to disable this warning
2026-05-26 13:58:28 [restartedMain] DEBUG o.s.w.s.s.s.WebSocketHandlerMapping - Patterns [/ws-takecare/**] in 'stompWebSocketHandlerMapping'
2026-05-26 13:58:28 [restartedMain] DEBUG o.s.w.s.m.m.a.RequestMappingHandlerMapping - 86 mappings in 'requestMappingHandlerMapping'
2026-05-26 13:58:28 [restartedMain] DEBUG o.s.w.s.h.SimpleUrlHandlerMapping - Patterns [/webjars/**, /**, /swagger-ui*/*swagger-initializer.js, /swagger-ui*/**] in 'resourceHandlerMapping'
2026-05-26 13:58:28 [restartedMain] WARN  o.s.b.a.s.s.UserDetailsServiceAutoConfiguration - 

Using generated security password: a0b8bab9-4968-4dc1-a128-0041a6e32715

This generated password is for development use only. Your security configuration must be updated before running your application in production.

2026-05-26 13:58:28 [restartedMain] DEBUG o.s.w.s.m.WebSocketAnnotationMethodMessageHandler - 
	c.t.b.a.c.AuthController:
	
2026-05-26 13:58:28 [restartedMain] DEBUG o.s.w.s.m.WebSocketAnnotationMethodMessageHandler - 
	c.t.b.c.c.CalificationController:
	
2026-05-26 13:58:28 [restartedMain] DEBUG o.s.w.s.m.WebSocketAnnotationMethodMessageHandler - 
	c.t.b.n.c.NotificationController:
	
2026-05-26 13:58:28 [restartedMain] DEBUG o.s.w.s.m.WebSocketAnnotationMethodMessageHandler - 
	c.t.b.r.c.ReportController:
	
2026-05-26 13:58:28 [restartedMain] DEBUG o.s.w.s.m.WebSocketAnnotationMethodMessageHandler - 
	c.t.b.s.c.SessionController:
	
2026-05-26 13:58:28 [restartedMain] DEBUG o.s.w.s.m.WebSocketAnnotationMethodMessageHandler - 
	c.t.b.s.c.TestController:
	
2026-05-26 13:58:28 [restartedMain] DEBUG o.s.w.s.m.WebSocketAnnotationMethodMessageHandler - 
	c.t.b.s.c.SpecialistScheduleController:
	
2026-05-26 13:58:28 [restartedMain] DEBUG o.s.w.s.m.WebSocketAnnotationMethodMessageHandler - 
	c.t.b.s.c.OrientationMaterialController:
	
2026-05-26 13:58:28 [restartedMain] DEBUG o.s.w.s.m.WebSocketAnnotationMethodMessageHandler - 
	c.t.b.s.c.SupportMaterialController:
	
2026-05-26 13:58:28 [restartedMain] DEBUG o.s.w.s.m.WebSocketAnnotationMethodMessageHandler - 
	c.t.b.u.c.AdminController:
	
2026-05-26 13:58:28 [restartedMain] DEBUG o.s.w.s.m.WebSocketAnnotationMethodMessageHandler - 
	c.t.b.u.c.ClinicalDocumentController:
	
2026-05-26 13:58:28 [restartedMain] DEBUG o.s.w.s.m.WebSocketAnnotationMethodMessageHandler - 
	c.t.b.u.c.PatientController:
	
2026-05-26 13:58:28 [restartedMain] DEBUG o.s.w.s.m.WebSocketAnnotationMethodMessageHandler - 
	c.t.b.u.c.SpecialistController:
	
2026-05-26 13:58:28 [restartedMain] DEBUG o.s.w.s.m.WebSocketAnnotationMethodMessageHandler - 
	c.t.b.u.c.UserController:
	
2026-05-26 13:58:28 [restartedMain] DEBUG o.s.w.s.m.WebSocketAnnotationMethodMessageHandler - 
	c.t.b.u.c.UserProfileController:
	
2026-05-26 13:58:28 [restartedMain] DEBUG o.s.w.s.m.WebSocketAnnotationMethodMessageHandler - 
	o.s.b.a.w.s.e.BasicErrorController:
	
2026-05-26 13:58:28 [restartedMain] DEBUG o.s.w.s.m.WebSocketAnnotationMethodMessageHandler - 
	o.s.w.a.OpenApiWebMvcResource:
	
2026-05-26 13:58:28 [restartedMain] DEBUG o.s.w.s.m.WebSocketAnnotationMethodMessageHandler - 
	o.s.w.u.SwaggerWelcomeWebMvc:
	
2026-05-26 13:58:28 [restartedMain] DEBUG o.s.w.s.m.WebSocketAnnotationMethodMessageHandler - 
	o.s.w.u.SwaggerConfigResource:
	
2026-05-26 13:58:28 [restartedMain] DEBUG o.s.w.s.m.m.a.RequestMappingHandlerAdapter - ControllerAdvice beans: 0 @ModelAttribute, 0 @InitBinder, 1 RequestBodyAdvice, 1 ResponseBodyAdvice
2026-05-26 13:58:28 [restartedMain] DEBUG o.s.w.s.m.m.a.ExceptionHandlerExceptionResolver - ControllerAdvice beans: 1 @ExceptionHandler, 1 ResponseBodyAdvice
2026-05-26 13:58:28 [restartedMain] DEBUG org.springframework.web.SimpLogging - clientOutboundChannel added SubProtocolWebSocketHandler[StompSubProtocolHandler[v10.stomp, v11.stomp, v12.stomp]]
2026-05-26 13:58:28 [restartedMain] DEBUG org.springframework.web.SimpLogging - clientInboundChannel added WebSocketAnnotationMethodMessageHandler[prefixes=[/app/]]
2026-05-26 13:58:28 [restartedMain] INFO  org.springframework.web.SimpLogging - Starting...
2026-05-26 13:58:28 [restartedMain] DEBUG org.springframework.web.SimpLogging - clientInboundChannel added SimpleBrokerMessageHandler [org.springframework.messaging.simp.broker.DefaultSubscriptionRegistry@20c68b9a]
2026-05-26 13:58:28 [restartedMain] DEBUG org.springframework.web.SimpLogging - brokerChannel added SimpleBrokerMessageHandler [org.springframework.messaging.simp.broker.DefaultSubscriptionRegistry@20c68b9a]
2026-05-26 13:58:28 [restartedMain] INFO  org.springframework.web.SimpLogging - BrokerAvailabilityEvent[available=true, SimpleBrokerMessageHandler [org.springframework.messaging.simp.broker.DefaultSubscriptionRegistry@20c68b9a]]
2026-05-26 13:58:28 [restartedMain] INFO  org.springframework.web.SimpLogging - Started.
2026-05-26 13:58:28 [restartedMain] DEBUG org.springframework.web.SimpLogging - clientInboundChannel added UserDestinationMessageHandler[DefaultUserDestinationResolver[prefix=/user/]]
2026-05-26 13:58:28 [restartedMain] DEBUG org.springframework.web.SimpLogging - brokerChannel added UserDestinationMessageHandler[DefaultUserDestinationResolver[prefix=/user/]]
2026-05-26 13:58:28 [restartedMain] INFO  c.t.backend.TakeCareApplication - Started TakeCareApplication in 23.401 seconds (process running for 3120.035)
2026-05-26 13:58:30 [Thread-11] DEBUG org.springframework.web.SimpLogging - clientOutboundChannel removed SubProtocolWebSocketHandler[StompSubProtocolHandler[v10.stomp, v11.stomp, v12.stomp]]
2026-05-26 13:58:30 [Thread-11] DEBUG org.springframework.web.SimpLogging - clientInboundChannel removed WebSocketAnnotationMethodMessageHandler[prefixes=[/app/]]
2026-05-26 13:58:30 [Thread-11] INFO  org.springframework.web.SimpLogging - Stopping...
2026-05-26 13:58:30 [Thread-11] INFO  org.springframework.web.SimpLogging - BrokerAvailabilityEvent[available=false, SimpleBrokerMessageHandler [org.springframework.messaging.simp.broker.DefaultSubscriptionRegistry@20c68b9a]]
2026-05-26 13:58:30 [Thread-11] DEBUG org.springframework.web.SimpLogging - clientInboundChannel removed SimpleBrokerMessageHandler [org.springframework.messaging.simp.broker.DefaultSubscriptionRegistry@20c68b9a]
2026-05-26 13:58:30 [Thread-11] DEBUG org.springframework.web.SimpLogging - brokerChannel removed SimpleBrokerMessageHandler [org.springframework.messaging.simp.broker.DefaultSubscriptionRegistry@20c68b9a]
2026-05-26 13:58:30 [Thread-11] INFO  org.springframework.web.SimpLogging - Stopped.
2026-05-26 13:58:30 [Thread-11] DEBUG org.springframework.web.SimpLogging - clientInboundChannel removed UserDestinationMessageHandler[DefaultUserDestinationResolver[prefix=/user/]]
2026-05-26 13:58:30 [Thread-11] DEBUG org.springframework.web.SimpLogging - brokerChannel removed UserDestinationMessageHandler[DefaultUserDestinationResolver[prefix=/user/]]
2026-05-26 13:58:33 [restartedMain] INFO  c.t.backend.TakeCareApplication - Starting TakeCareApplication using Java 17.0.18 with PID 5252 (C:\Users\usser\Desktop\Uni\TallerSISINFO\takecare\backend\target\classes started by usser in C:\Users\usser\Desktop\Uni\TallerSISINFO\takecare\backend)
2026-05-26 13:58:33 [restartedMain] INFO  c.t.backend.TakeCareApplication - No active profile set, falling back to 1 default profile: "default"
2026-05-26 13:58:55 [restartedMain] INFO  c.t.b.s.s.OrientationMaterialService - Orientation materials storage ready at: C:\Users\usser\Desktop\Uni\TallerSISINFO\takecare\backend\uploads\orientation-materials
2026-05-26 13:58:55 [restartedMain] INFO  c.t.b.u.s.ClinicalDocumentService - Clinical docs storage ready at: C:\Users\usser\Desktop\Uni\TallerSISINFO\takecare\backend\uploads\clinical-docs
2026-05-26 13:58:55 [restartedMain] WARN  o.s.b.a.o.j.JpaBaseConfiguration$JpaWebConfiguration - spring.jpa.open-in-view is enabled by default. Therefore, database queries may be performed during view rendering. Explicitly configure spring.jpa.open-in-view to disable this warning
2026-05-26 13:58:55 [restartedMain] DEBUG o.s.w.s.s.s.WebSocketHandlerMapping - Patterns [/ws-takecare/**] in 'stompWebSocketHandlerMapping'
2026-05-26 13:58:55 [restartedMain] DEBUG o.s.w.s.m.m.a.RequestMappingHandlerMapping - 86 mappings in 'requestMappingHandlerMapping'
2026-05-26 13:58:55 [restartedMain] DEBUG o.s.w.s.h.SimpleUrlHandlerMapping - Patterns [/webjars/**, /**, /swagger-ui*/*swagger-initializer.js, /swagger-ui*/**] in 'resourceHandlerMapping'
2026-05-26 13:58:55 [restartedMain] WARN  o.s.b.a.s.s.UserDetailsServiceAutoConfiguration - 

Using generated security password: 8d80c1c5-8b3e-421e-bd67-baa78da8cfb1

This generated password is for development use only. Your security configuration must be updated before running your application in production.

2026-05-26 13:58:55 [restartedMain] DEBUG o.s.w.s.m.WebSocketAnnotationMethodMessageHandler - 
	c.t.b.a.c.AuthController:
	
2026-05-26 13:58:55 [restartedMain] DEBUG o.s.w.s.m.WebSocketAnnotationMethodMessageHandler - 
	c.t.b.c.c.CalificationController:
	
2026-05-26 13:58:55 [restartedMain] DEBUG o.s.w.s.m.WebSocketAnnotationMethodMessageHandler - 
	c.t.b.n.c.NotificationController:
	
2026-05-26 13:58:55 [restartedMain] DEBUG o.s.w.s.m.WebSocketAnnotationMethodMessageHandler - 
	c.t.b.r.c.ReportController:
	
2026-05-26 13:58:55 [restartedMain] DEBUG o.s.w.s.m.WebSocketAnnotationMethodMessageHandler - 
	c.t.b.s.c.SessionController:
	
2026-05-26 13:58:55 [restartedMain] DEBUG o.s.w.s.m.WebSocketAnnotationMethodMessageHandler - 
	c.t.b.s.c.TestController:
	
2026-05-26 13:58:55 [restartedMain] DEBUG o.s.w.s.m.WebSocketAnnotationMethodMessageHandler - 
	c.t.b.s.c.SpecialistScheduleController:
	
2026-05-26 13:58:55 [restartedMain] DEBUG o.s.w.s.m.WebSocketAnnotationMethodMessageHandler - 
	c.t.b.s.c.OrientationMaterialController:
	
2026-05-26 13:58:55 [restartedMain] DEBUG o.s.w.s.m.WebSocketAnnotationMethodMessageHandler - 
	c.t.b.s.c.SupportMaterialController:
	
2026-05-26 13:58:55 [restartedMain] DEBUG o.s.w.s.m.WebSocketAnnotationMethodMessageHandler - 
	c.t.b.u.c.AdminController:
	
2026-05-26 13:58:55 [restartedMain] DEBUG o.s.w.s.m.WebSocketAnnotationMethodMessageHandler - 
	c.t.b.u.c.ClinicalDocumentController:
	
2026-05-26 13:58:55 [restartedMain] DEBUG o.s.w.s.m.WebSocketAnnotationMethodMessageHandler - 
	c.t.b.u.c.PatientController:
	
2026-05-26 13:58:55 [restartedMain] DEBUG o.s.w.s.m.WebSocketAnnotationMethodMessageHandler - 
	c.t.b.u.c.SpecialistController:
	
2026-05-26 13:58:55 [restartedMain] DEBUG o.s.w.s.m.WebSocketAnnotationMethodMessageHandler - 
	c.t.b.u.c.UserController:
	
2026-05-26 13:58:55 [restartedMain] DEBUG o.s.w.s.m.WebSocketAnnotationMethodMessageHandler - 
	c.t.b.u.c.UserProfileController:
	
2026-05-26 13:58:55 [restartedMain] DEBUG o.s.w.s.m.WebSocketAnnotationMethodMessageHandler - 
	o.s.b.a.w.s.e.BasicErrorController:
	
2026-05-26 13:58:55 [restartedMain] DEBUG o.s.w.s.m.WebSocketAnnotationMethodMessageHandler - 
	o.s.w.a.OpenApiWebMvcResource:
	
2026-05-26 13:58:55 [restartedMain] DEBUG o.s.w.s.m.WebSocketAnnotationMethodMessageHandler - 
	o.s.w.u.SwaggerWelcomeWebMvc:
	
2026-05-26 13:58:55 [restartedMain] DEBUG o.s.w.s.m.WebSocketAnnotationMethodMessageHandler - 
	o.s.w.u.SwaggerConfigResource:
	
2026-05-26 13:58:55 [restartedMain] DEBUG o.s.w.s.m.m.a.RequestMappingHandlerAdapter - ControllerAdvice beans: 0 @ModelAttribute, 0 @InitBinder, 1 RequestBodyAdvice, 1 ResponseBodyAdvice
2026-05-26 13:58:56 [restartedMain] DEBUG o.s.w.s.m.m.a.ExceptionHandlerExceptionResolver - ControllerAdvice beans: 1 @ExceptionHandler, 1 ResponseBodyAdvice
2026-05-26 13:58:56 [restartedMain] DEBUG org.springframework.web.SimpLogging - clientOutboundChannel added SubProtocolWebSocketHandler[StompSubProtocolHandler[v10.stomp, v11.stomp, v12.stomp]]
2026-05-26 13:58:56 [restartedMain] DEBUG org.springframework.web.SimpLogging - clientInboundChannel added WebSocketAnnotationMethodMessageHandler[prefixes=[/app/]]
2026-05-26 13:58:56 [restartedMain] INFO  org.springframework.web.SimpLogging - Starting...
2026-05-26 13:58:56 [restartedMain] DEBUG org.springframework.web.SimpLogging - clientInboundChannel added SimpleBrokerMessageHandler [org.springframework.messaging.simp.broker.DefaultSubscriptionRegistry@6c823c1d]
2026-05-26 13:58:56 [restartedMain] DEBUG org.springframework.web.SimpLogging - brokerChannel added SimpleBrokerMessageHandler [org.springframework.messaging.simp.broker.DefaultSubscriptionRegistry@6c823c1d]
2026-05-26 13:58:56 [restartedMain] INFO  org.springframework.web.SimpLogging - BrokerAvailabilityEvent[available=true, SimpleBrokerMessageHandler [org.springframework.messaging.simp.broker.DefaultSubscriptionRegistry@6c823c1d]]
2026-05-26 13:58:56 [restartedMain] INFO  org.springframework.web.SimpLogging - Started.
2026-05-26 13:58:56 [restartedMain] DEBUG org.springframework.web.SimpLogging - clientInboundChannel added UserDestinationMessageHandler[DefaultUserDestinationResolver[prefix=/user/]]
2026-05-26 13:58:56 [restartedMain] DEBUG org.springframework.web.SimpLogging - brokerChannel added UserDestinationMessageHandler[DefaultUserDestinationResolver[prefix=/user/]]
2026-05-26 13:58:56 [restartedMain] INFO  c.t.backend.TakeCareApplication - Started TakeCareApplication in 22.854 seconds (process running for 3147.132)
2026-05-26 13:59:02 [Thread-15] DEBUG org.springframework.web.SimpLogging - clientOutboundChannel removed SubProtocolWebSocketHandler[StompSubProtocolHandler[v10.stomp, v11.stomp, v12.stomp]]
2026-05-26 13:59:02 [Thread-15] DEBUG org.springframework.web.SimpLogging - clientInboundChannel removed WebSocketAnnotationMethodMessageHandler[prefixes=[/app/]]
2026-05-26 13:59:02 [Thread-15] INFO  org.springframework.web.SimpLogging - Stopping...
2026-05-26 13:59:02 [Thread-15] INFO  org.springframework.web.SimpLogging - BrokerAvailabilityEvent[available=false, SimpleBrokerMessageHandler [org.springframework.messaging.simp.broker.DefaultSubscriptionRegistry@6c823c1d]]
2026-05-26 13:59:02 [Thread-15] DEBUG org.springframework.web.SimpLogging - clientInboundChannel removed SimpleBrokerMessageHandler [org.springframework.messaging.simp.broker.DefaultSubscriptionRegistry@6c823c1d]
2026-05-26 13:59:02 [Thread-15] DEBUG org.springframework.web.SimpLogging - brokerChannel removed SimpleBrokerMessageHandler [org.springframework.messaging.simp.broker.DefaultSubscriptionRegistry@6c823c1d]
2026-05-26 13:59:02 [Thread-15] INFO  org.springframework.web.SimpLogging - Stopped.
2026-05-26 13:59:02 [Thread-15] DEBUG org.springframework.web.SimpLogging - clientInboundChannel removed UserDestinationMessageHandler[DefaultUserDestinationResolver[prefix=/user/]]
2026-05-26 13:59:02 [Thread-15] DEBUG org.springframework.web.SimpLogging - brokerChannel removed UserDestinationMessageHandler[DefaultUserDestinationResolver[prefix=/user/]]
2026-05-26 14:00:48 [restartedMain] INFO  c.t.backend.TakeCareApplication - Starting TakeCareApplication using Java 17.0.18 with PID 22388 (C:\Users\usser\Desktop\Uni\TallerSISINFO\takecare\backend\target\classes started by usser in C:\Users\usser\Desktop\Uni\TallerSISINFO\takecare\backend)
2026-05-26 14:00:49 [restartedMain] INFO  c.t.backend.TakeCareApplication - No active profile set, falling back to 1 default profile: "default"
2026-05-26 14:01:17 [restartedMain] INFO  c.t.b.s.s.OrientationMaterialService - Orientation materials storage ready at: C:\Users\usser\Desktop\Uni\TallerSISINFO\takecare\backend\uploads\orientation-materials
2026-05-26 14:01:17 [restartedMain] INFO  c.t.b.u.s.ClinicalDocumentService - Clinical docs storage ready at: C:\Users\usser\Desktop\Uni\TallerSISINFO\takecare\backend\uploads\clinical-docs
2026-05-26 14:01:18 [restartedMain] WARN  o.s.b.a.o.j.JpaBaseConfiguration$JpaWebConfiguration - spring.jpa.open-in-view is enabled by default. Therefore, database queries may be performed during view rendering. Explicitly configure spring.jpa.open-in-view to disable this warning
2026-05-26 14:01:18 [restartedMain] DEBUG o.s.w.s.s.s.WebSocketHandlerMapping - Patterns [/ws-takecare/**] in 'stompWebSocketHandlerMapping'
2026-05-26 14:01:18 [restartedMain] DEBUG o.s.w.s.m.m.a.RequestMappingHandlerMapping - 86 mappings in 'requestMappingHandlerMapping'
2026-05-26 14:01:18 [restartedMain] DEBUG o.s.w.s.h.SimpleUrlHandlerMapping - Patterns [/webjars/**, /**, /swagger-ui*/*swagger-initializer.js, /swagger-ui*/**] in 'resourceHandlerMapping'
2026-05-26 14:01:18 [restartedMain] WARN  o.s.b.a.s.s.UserDetailsServiceAutoConfiguration - 

Using generated security password: fd1879e6-dee4-4521-9819-ef90aaefcf1c

This generated password is for development use only. Your security configuration must be updated before running your application in production.

2026-05-26 14:01:18 [restartedMain] DEBUG o.s.w.s.m.WebSocketAnnotationMethodMessageHandler - 
	c.t.b.a.c.AuthController:
	
2026-05-26 14:01:18 [restartedMain] DEBUG o.s.w.s.m.WebSocketAnnotationMethodMessageHandler - 
	c.t.b.c.c.CalificationController:
	
2026-05-26 14:01:18 [restartedMain] DEBUG o.s.w.s.m.WebSocketAnnotationMethodMessageHandler - 
	c.t.b.n.c.NotificationController:
	
2026-05-26 14:01:18 [restartedMain] DEBUG o.s.w.s.m.WebSocketAnnotationMethodMessageHandler - 
	c.t.b.r.c.ReportController:
	
2026-05-26 14:01:18 [restartedMain] DEBUG o.s.w.s.m.WebSocketAnnotationMethodMessageHandler - 
	c.t.b.s.c.SessionController:
	
2026-05-26 14:01:18 [restartedMain] DEBUG o.s.w.s.m.WebSocketAnnotationMethodMessageHandler - 
	c.t.b.s.c.TestController:
	
2026-05-26 14:01:18 [restartedMain] DEBUG o.s.w.s.m.WebSocketAnnotationMethodMessageHandler - 
	c.t.b.s.c.SpecialistScheduleController:
	
2026-05-26 14:01:18 [restartedMain] DEBUG o.s.w.s.m.WebSocketAnnotationMethodMessageHandler - 
	c.t.b.s.c.OrientationMaterialController:
	
2026-05-26 14:01:18 [restartedMain] DEBUG o.s.w.s.m.WebSocketAnnotationMethodMessageHandler - 
	c.t.b.s.c.SupportMaterialController:
	
2026-05-26 14:01:18 [restartedMain] DEBUG o.s.w.s.m.WebSocketAnnotationMethodMessageHandler - 
	c.t.b.u.c.AdminController:
	
2026-05-26 14:01:18 [restartedMain] DEBUG o.s.w.s.m.WebSocketAnnotationMethodMessageHandler - 
	c.t.b.u.c.ClinicalDocumentController:
	
2026-05-26 14:01:18 [restartedMain] DEBUG o.s.w.s.m.WebSocketAnnotationMethodMessageHandler - 
	c.t.b.u.c.PatientController:
	
2026-05-26 14:01:18 [restartedMain] DEBUG o.s.w.s.m.WebSocketAnnotationMethodMessageHandler - 
	c.t.b.u.c.SpecialistController:
	
2026-05-26 14:01:18 [restartedMain] DEBUG o.s.w.s.m.WebSocketAnnotationMethodMessageHandler - 
	c.t.b.u.c.UserController:
	
2026-05-26 14:01:18 [restartedMain] DEBUG o.s.w.s.m.WebSocketAnnotationMethodMessageHandler - 
	c.t.b.u.c.UserProfileController:
	
2026-05-26 14:01:18 [restartedMain] DEBUG o.s.w.s.m.WebSocketAnnotationMethodMessageHandler - 
	o.s.b.a.w.s.e.BasicErrorController:
	
2026-05-26 14:01:18 [restartedMain] DEBUG o.s.w.s.m.WebSocketAnnotationMethodMessageHandler - 
	o.s.w.a.OpenApiWebMvcResource:
	
2026-05-26 14:01:18 [restartedMain] DEBUG o.s.w.s.m.WebSocketAnnotationMethodMessageHandler - 
	o.s.w.u.SwaggerWelcomeWebMvc:
	
2026-05-26 14:01:18 [restartedMain] DEBUG o.s.w.s.m.WebSocketAnnotationMethodMessageHandler - 
	o.s.w.u.SwaggerConfigResource:
	
2026-05-26 14:01:18 [restartedMain] DEBUG o.s.w.s.m.m.a.RequestMappingHandlerAdapter - ControllerAdvice beans: 0 @ModelAttribute, 0 @InitBinder, 1 RequestBodyAdvice, 1 ResponseBodyAdvice
2026-05-26 14:01:18 [restartedMain] DEBUG o.s.w.s.m.m.a.ExceptionHandlerExceptionResolver - ControllerAdvice beans: 1 @ExceptionHandler, 1 ResponseBodyAdvice
2026-05-26 14:01:18 [restartedMain] DEBUG org.springframework.web.SimpLogging - clientOutboundChannel added SubProtocolWebSocketHandler[StompSubProtocolHandler[v10.stomp, v11.stomp, v12.stomp]]
2026-05-26 14:01:18 [restartedMain] DEBUG org.springframework.web.SimpLogging - clientInboundChannel added WebSocketAnnotationMethodMessageHandler[prefixes=[/app/]]
2026-05-26 14:01:18 [restartedMain] INFO  org.springframework.web.SimpLogging - Starting...
2026-05-26 14:01:18 [restartedMain] DEBUG org.springframework.web.SimpLogging - clientInboundChannel added SimpleBrokerMessageHandler [org.springframework.messaging.simp.broker.DefaultSubscriptionRegistry@5e7561a7]
2026-05-26 14:01:18 [restartedMain] DEBUG org.springframework.web.SimpLogging - brokerChannel added SimpleBrokerMessageHandler [org.springframework.messaging.simp.broker.DefaultSubscriptionRegistry@5e7561a7]
2026-05-26 14:01:18 [restartedMain] INFO  org.springframework.web.SimpLogging - BrokerAvailabilityEvent[available=true, SimpleBrokerMessageHandler [org.springframework.messaging.simp.broker.DefaultSubscriptionRegistry@5e7561a7]]
2026-05-26 14:01:18 [restartedMain] INFO  org.springframework.web.SimpLogging - Started.
2026-05-26 14:01:18 [restartedMain] DEBUG org.springframework.web.SimpLogging - clientInboundChannel added UserDestinationMessageHandler[DefaultUserDestinationResolver[prefix=/user/]]
2026-05-26 14:01:18 [restartedMain] DEBUG org.springframework.web.SimpLogging - brokerChannel added UserDestinationMessageHandler[DefaultUserDestinationResolver[prefix=/user/]]
2026-05-26 14:01:18 [restartedMain] INFO  c.t.backend.TakeCareApplication - Started TakeCareApplication in 30.3 seconds (process running for 30.649)
2026-05-26 14:01:19 [MessageBroker-1] INFO  c.t.b.s.s.SessionFinalizerScheduler - SessionFinalizer: 1 sesion(es) marcadas como finalizadas
2026-05-26 14:01:28 [http-nio-8080-exec-1] INFO  o.s.web.servlet.DispatcherServlet - Initializing Servlet 'dispatcherServlet'
2026-05-26 14:01:28 [http-nio-8080-exec-1] DEBUG o.s.web.servlet.DispatcherServlet - Detected StandardServletMultipartResolver
2026-05-26 14:01:28 [http-nio-8080-exec-1] DEBUG o.s.web.servlet.DispatcherServlet - Detected AcceptHeaderLocaleResolver
2026-05-26 14:01:28 [http-nio-8080-exec-1] DEBUG o.s.web.servlet.DispatcherServlet - Detected FixedThemeResolver
2026-05-26 14:01:28 [http-nio-8080-exec-1] DEBUG o.s.web.servlet.DispatcherServlet - Detected org.springframework.web.servlet.view.DefaultRequestToViewNameTranslator@4a9d5485
2026-05-26 14:01:28 [http-nio-8080-exec-1] DEBUG o.s.web.servlet.DispatcherServlet - Detected org.springframework.web.servlet.support.SessionFlashMapManager@d50ce38
2026-05-26 14:01:28 [http-nio-8080-exec-1] DEBUG o.s.web.servlet.DispatcherServlet - enableLoggingRequestDetails='false': request parameters and headers will be masked to prevent unsafe logging of potentially sensitive data
2026-05-26 14:01:28 [http-nio-8080-exec-1] INFO  o.s.web.servlet.DispatcherServlet - Completed initialization in 2 ms
2026-05-26 14:01:28 [http-nio-8080-exec-2] DEBUG o.s.web.servlet.DispatcherServlet - POST "/api/v1/auth/login", parameters={}
2026-05-26 14:01:28 [http-nio-8080-exec-2] DEBUG o.s.w.s.m.m.a.RequestMappingHandlerMapping - Mapped to com.takecare.backend.auth.controller.AuthController#login(LoginRequestDTO)
2026-05-26 14:01:28 [http-nio-8080-exec-2] DEBUG o.s.w.s.m.m.a.RequestResponseBodyMethodProcessor - Read "application/json;charset=UTF-8" to [com.takecare.backend.auth.DTO.LoginRequestDTO@4b218d38]
2026-05-26 14:01:28 [http-nio-8080-exec-2] DEBUG o.s.w.s.m.m.a.HttpEntityMethodProcessor - Using 'application/json', given [application/json, text/plain, */*] and supported [application/json, application/*+json, application/yaml]
2026-05-26 14:01:28 [http-nio-8080-exec-2] DEBUG o.s.w.s.m.m.a.HttpEntityMethodProcessor - Writing [com.takecare.backend.auth.DTO.ApiResponseDTO@3141de74]
2026-05-26 14:01:28 [http-nio-8080-exec-2] DEBUG o.s.web.servlet.DispatcherServlet - Completed 401 UNAUTHORIZED
2026-05-26 14:01:34 [http-nio-8080-exec-4] DEBUG o.s.web.servlet.DispatcherServlet - POST "/api/v1/auth/login", parameters={}
2026-05-26 14:01:34 [http-nio-8080-exec-4] DEBUG o.s.w.s.m.m.a.RequestMappingHandlerMapping - Mapped to com.takecare.backend.auth.controller.AuthController#login(LoginRequestDTO)
2026-05-26 14:01:34 [http-nio-8080-exec-4] DEBUG o.s.w.s.m.m.a.RequestResponseBodyMethodProcessor - Read "application/json;charset=UTF-8" to [com.takecare.backend.auth.DTO.LoginRequestDTO@3f6347f4]
2026-05-26 14:01:35 [http-nio-8080-exec-4] DEBUG o.s.w.s.m.m.a.HttpEntityMethodProcessor - Using 'application/json', given [application/json, text/plain, */*] and supported [application/json, application/*+json, application/yaml]
2026-05-26 14:01:35 [http-nio-8080-exec-4] DEBUG o.s.w.s.m.m.a.HttpEntityMethodProcessor - Writing [com.takecare.backend.auth.DTO.ApiResponseDTO@8e686e4]
2026-05-26 14:01:35 [http-nio-8080-exec-4] DEBUG o.s.web.servlet.DispatcherServlet - Completed 200 OK
2026-05-26 14:01:35 [http-nio-8080-exec-5] DEBUG o.s.web.servlet.DispatcherServlet - GET "/api/v1/notifications/specialist/17/unread-count", parameters={}
2026-05-26 14:01:35 [http-nio-8080-exec-5] DEBUG o.s.w.s.m.m.a.RequestMappingHandlerMapping - Mapped to com.takecare.backend.notification.controller.NotificationController#unreadCount(Integer)
2026-05-26 14:01:35 [http-nio-8080-exec-5] INFO  c.t.b.n.c.NotificationController - GET /api/v1/notifications/specialist/17/unread-count
2026-05-26 14:01:35 [http-nio-8080-exec-6] DEBUG o.s.web.servlet.DispatcherServlet - GET "/api/v1/sessions/specialist/17", parameters={}
2026-05-26 14:01:35 [http-nio-8080-exec-6] DEBUG o.s.w.s.m.m.a.RequestMappingHandlerMapping - Mapped to com.takecare.backend.session.controller.SessionController#listBySpecialist(Integer)
2026-05-26 14:01:35 [http-nio-8080-exec-6] INFO  c.t.b.s.controller.SessionController - GET sessions by specialistId=17
2026-05-26 14:01:38 [http-nio-8080-exec-5] DEBUG o.s.w.s.m.m.a.HttpEntityMethodProcessor - Using 'application/json', given [application/json, text/plain, */*] and supported [application/json, application/*+json, application/yaml]
2026-05-26 14:01:38 [http-nio-8080-exec-5] DEBUG o.s.w.s.m.m.a.HttpEntityMethodProcessor - Writing [com.takecare.backend.notification.dto.UnreadNotificationCountDto@7b9be922]
2026-05-26 14:01:38 [http-nio-8080-exec-5] DEBUG o.s.web.servlet.DispatcherServlet - Completed 200 OK
2026-05-26 14:01:38 [http-nio-8080-exec-6] DEBUG o.s.w.s.m.m.a.HttpEntityMethodProcessor - Using 'application/json', given [application/json, text/plain, */*] and supported [application/json, application/*+json, application/yaml]
2026-05-26 14:01:38 [http-nio-8080-exec-6] DEBUG o.s.w.s.m.m.a.HttpEntityMethodProcessor - Writing [[com.takecare.backend.session.dto.SessionResponseDTO@15822ba5, com.takecare.backend.session.dto.Sess (truncated)...]
2026-05-26 14:01:38 [http-nio-8080-exec-6] DEBUG o.s.web.servlet.DispatcherServlet - Completed 200 OK
2026-05-26 14:01:42 [http-nio-8080-exec-7] DEBUG o.s.web.servlet.DispatcherServlet - GET "/api/v1/notifications/specialist/17/unread-count", parameters={}
2026-05-26 14:01:42 [http-nio-8080-exec-7] DEBUG o.s.w.s.m.m.a.RequestMappingHandlerMapping - Mapped to com.takecare.backend.notification.controller.NotificationController#unreadCount(Integer)
2026-05-26 14:01:42 [http-nio-8080-exec-7] INFO  c.t.b.n.c.NotificationController - GET /api/v1/notifications/specialist/17/unread-count
2026-05-26 14:01:42 [http-nio-8080-exec-8] DEBUG o.s.web.servlet.DispatcherServlet - GET "/api/v1/sessions/specialist/17", parameters={}
2026-05-26 14:01:42 [http-nio-8080-exec-8] DEBUG o.s.w.s.m.m.a.RequestMappingHandlerMapping - Mapped to com.takecare.backend.session.controller.SessionController#listBySpecialist(Integer)
2026-05-26 14:01:42 [http-nio-8080-exec-8] INFO  c.t.b.s.controller.SessionController - GET sessions by specialistId=17
2026-05-26 14:01:45 [http-nio-8080-exec-7] DEBUG o.s.w.s.m.m.a.HttpEntityMethodProcessor - Using 'application/json', given [application/json, text/plain, */*] and supported [application/json, application/*+json, application/yaml]
2026-05-26 14:01:45 [http-nio-8080-exec-8] DEBUG o.s.w.s.m.m.a.HttpEntityMethodProcessor - Using 'application/json', given [application/json, text/plain, */*] and supported [application/json, application/*+json, application/yaml]
2026-05-26 14:01:45 [http-nio-8080-exec-7] DEBUG o.s.w.s.m.m.a.HttpEntityMethodProcessor - Writing [com.takecare.backend.notification.dto.UnreadNotificationCountDto@70b3c9ba]
2026-05-26 14:01:45 [http-nio-8080-exec-8] DEBUG o.s.w.s.m.m.a.HttpEntityMethodProcessor - Writing [[com.takecare.backend.session.dto.SessionResponseDTO@74afa2cb, com.takecare.backend.session.dto.Sess (truncated)...]
2026-05-26 14:01:45 [http-nio-8080-exec-7] DEBUG o.s.web.servlet.DispatcherServlet - Completed 200 OK
2026-05-26 14:01:45 [http-nio-8080-exec-8] DEBUG o.s.web.servlet.DispatcherServlet - Completed 200 OK
2026-05-26 14:01:45 [http-nio-8080-exec-10] DEBUG o.s.web.servlet.DispatcherServlet - GET "/api/v1/sessions/17/patient-ratings", parameters={}
2026-05-26 14:01:45 [http-nio-8080-exec-9] DEBUG o.s.web.servlet.DispatcherServlet - GET "/api/v1/sessions/18/patient-ratings", parameters={}
2026-05-26 14:01:45 [http-nio-8080-exec-10] DEBUG o.s.w.s.m.m.a.RequestMappingHandlerMapping - Mapped to com.takecare.backend.calification.controller.CalificationController#getPatientRating(Integer)
2026-05-26 14:01:45 [http-nio-8080-exec-9] DEBUG o.s.w.s.m.m.a.RequestMappingHandlerMapping - Mapped to com.takecare.backend.calification.controller.CalificationController#getPatientRating(Integer)
2026-05-26 14:01:45 [http-nio-8080-exec-9] INFO  c.t.b.c.c.CalificationController - GET /api/v1/sessions/18/patient-ratings
2026-05-26 14:01:45 [http-nio-8080-exec-10] INFO  c.t.b.c.c.CalificationController - GET /api/v1/sessions/17/patient-ratings
2026-05-26 14:01:45 [http-nio-8080-exec-1] DEBUG o.s.web.servlet.DispatcherServlet - GET "/api/v1/sessions/16/patient-ratings", parameters={}
2026-05-26 14:01:45 [http-nio-8080-exec-1] DEBUG o.s.w.s.m.m.a.RequestMappingHandlerMapping - Mapped to com.takecare.backend.calification.controller.CalificationController#getPatientRating(Integer)
2026-05-26 14:01:45 [http-nio-8080-exec-1] INFO  c.t.b.c.c.CalificationController - GET /api/v1/sessions/16/patient-ratings
2026-05-26 14:01:45 [http-nio-8080-exec-2] DEBUG o.s.web.servlet.DispatcherServlet - GET "/api/v1/reports/session/18/specialist/17", parameters={}
2026-05-26 14:01:45 [http-nio-8080-exec-2] DEBUG o.s.w.s.m.m.a.RequestMappingHandlerMapping - Mapped to com.takecare.backend.report.controller.ReportController#getReportBySession(Integer, Integer)
2026-05-26 14:01:45 [http-nio-8080-exec-3] DEBUG o.s.web.servlet.DispatcherServlet - GET "/api/v1/reports/session/17/specialist/17", parameters={}
2026-05-26 14:01:45 [http-nio-8080-exec-2] INFO  c.t.b.r.controller.ReportController - GET /reports/session/18/specialist/17
2026-05-26 14:01:45 [http-nio-8080-exec-3] DEBUG o.s.w.s.m.m.a.RequestMappingHandlerMapping - Mapped to com.takecare.backend.report.controller.ReportController#getReportBySession(Integer, Integer)
2026-05-26 14:01:45 [http-nio-8080-exec-3] INFO  c.t.b.r.controller.ReportController - GET /reports/session/17/specialist/17
2026-05-26 14:01:45 [http-nio-8080-exec-4] DEBUG o.s.web.servlet.DispatcherServlet - GET "/api/v1/reports/session/16/specialist/17", parameters={}
2026-05-26 14:01:45 [http-nio-8080-exec-4] DEBUG o.s.w.s.m.m.a.RequestMappingHandlerMapping - Mapped to com.takecare.backend.report.controller.ReportController#getReportBySession(Integer, Integer)
2026-05-26 14:01:45 [http-nio-8080-exec-4] INFO  c.t.b.r.controller.ReportController - GET /reports/session/16/specialist/17
2026-05-26 14:01:46 [http-nio-8080-exec-10] INFO  c.t.b.c.service.CalificationService - Get specialist rating. sessionId=17, specialistId=17, patientId=13
2026-05-26 14:01:46 [http-nio-8080-exec-9] INFO  c.t.b.c.service.CalificationService - Get specialist rating. sessionId=18, specialistId=17, patientId=13
2026-05-26 14:01:46 [http-nio-8080-exec-1] INFO  c.t.b.c.service.CalificationService - Get specialist rating. sessionId=16, specialistId=17, patientId=13
2026-05-26 14:01:46 [http-nio-8080-exec-9] WARN  c.t.b.c.service.CalificationService - Get specialist rating failed. sessionId=18, error=Calificación no encontrada
2026-05-26 14:01:46 [http-nio-8080-exec-10] WARN  c.t.b.c.service.CalificationService - Get specialist rating failed. sessionId=17, error=Calificación no encontrada
2026-05-26 14:01:46 [http-nio-8080-exec-1] WARN  c.t.b.c.service.CalificationService - Get specialist rating failed. sessionId=16, error=Calificación no encontrada
2026-05-26 14:01:46 [http-nio-8080-exec-3] ERROR c.t.b.report.service.ReportService - Error fetching report for sessionId=17 specialistId=17
java.util.NoSuchElementException: Reporte no encontrado
	at com.takecare.backend.report.service.ReportService.lambda$4(ReportService.java:240)
	at java.base/java.util.Optional.orElseThrow(Optional.java:403)
	at com.takecare.backend.report.service.ReportService.getReportBySession(ReportService.java:240)
	at java.base/jdk.internal.reflect.NativeMethodAccessorImpl.invoke0(Native Method)
	at java.base/jdk.internal.reflect.NativeMethodAccessorImpl.invoke(NativeMethodAccessorImpl.java:77)
	at java.base/jdk.internal.reflect.DelegatingMethodAccessorImpl.invoke(DelegatingMethodAccessorImpl.java:43)
	at java.base/java.lang.reflect.Method.invoke(Method.java:569)
	at org.springframework.aop.support.AopUtils.invokeJoinpointUsingReflection(AopUtils.java:360)
	at org.springframework.aop.framework.ReflectiveMethodInvocation.invokeJoinpoint(ReflectiveMethodInvocation.java:196)
	at org.springframework.aop.framework.ReflectiveMethodInvocation.proceed(ReflectiveMethodInvocation.java:163)
	at org.springframework.transaction.interceptor.TransactionAspectSupport.invokeWithinTransaction(TransactionAspectSupport.java:380)
	at org.springframework.transaction.interceptor.TransactionInterceptor.invoke(TransactionInterceptor.java:119)
	at org.springframework.aop.framework.ReflectiveMethodInvocation.proceed(ReflectiveMethodInvocation.java:184)
	at org.springframework.aop.framework.CglibAopProxy$DynamicAdvisedInterceptor.intercept(CglibAopProxy.java:728)
	at com.takecare.backend.report.service.ReportService$$SpringCGLIB$$0.getReportBySession(<generated>)
	at com.takecare.backend.report.controller.ReportController.getReportBySession(ReportController.java:131)
	at java.base/jdk.internal.reflect.NativeMethodAccessorImpl.invoke0(Native Method)
	at java.base/jdk.internal.reflect.NativeMethodAccessorImpl.invoke(NativeMethodAccessorImpl.java:77)
	at java.base/jdk.internal.reflect.DelegatingMethodAccessorImpl.invoke(DelegatingMethodAccessorImpl.java:43)
	at java.base/java.lang.reflect.Method.invoke(Method.java:569)
	at org.springframework.web.method.support.InvocableHandlerMethod.doInvoke(InvocableHandlerMethod.java:258)
	at org.springframework.web.method.support.InvocableHandlerMethod.invokeForRequest(InvocableHandlerMethod.java:191)
	at org.springframework.web.servlet.mvc.method.annotation.ServletInvocableHandlerMethod.invokeAndHandle(ServletInvocableHandlerMethod.java:118)
	at org.springframework.web.servlet.mvc.method.annotation.RequestMappingHandlerAdapter.invokeHandlerMethod(RequestMappingHandlerAdapter.java:991)
	at org.springframework.web.servlet.mvc.method.annotation.RequestMappingHandlerAdapter.handleInternal(RequestMappingHandlerAdapter.java:896)
	at org.springframework.web.servlet.mvc.method.AbstractHandlerMethodAdapter.handle(AbstractHandlerMethodAdapter.java:87)
	at org.springframework.web.servlet.DispatcherServlet.doDispatch(DispatcherServlet.java:1089)
	at org.springframework.web.servlet.DispatcherServlet.doService(DispatcherServlet.java:979)
	at org.springframework.web.servlet.FrameworkServlet.processRequest(FrameworkServlet.java:1014)
	at org.springframework.web.servlet.FrameworkServlet.doGet(FrameworkServlet.java:903)
	at jakarta.servlet.http.HttpServlet.service(HttpServlet.java:564)
	at org.springframework.web.servlet.FrameworkServlet.service(FrameworkServlet.java:885)
	at jakarta.servlet.http.HttpServlet.service(HttpServlet.java:658)
	at org.apache.catalina.core.ApplicationFilterChain.internalDoFilter(ApplicationFilterChain.java:193)
	at org.apache.catalina.core.ApplicationFilterChain.doFilter(ApplicationFilterChain.java:138)
	at org.apache.tomcat.websocket.server.WsFilter.doFilter(WsFilter.java:51)
	at org.apache.catalina.core.ApplicationFilterChain.internalDoFilter(ApplicationFilterChain.java:162)
	at org.apache.catalina.core.ApplicationFilterChain.doFilter(ApplicationFilterChain.java:138)
	at org.springframework.web.filter.CompositeFilter$VirtualFilterChain.doFilter(CompositeFilter.java:108)
	at org.springframework.web.filter.CompositeFilter$VirtualFilterChain.doFilter(CompositeFilter.java:108)
	at org.springframework.security.web.FilterChainProxy.lambda$doFilterInternal$3(FilterChainProxy.java:231)
	at org.springframework.security.web.FilterChainProxy$VirtualFilterChain.doFilter(FilterChainProxy.java:365)
	at org.springframework.security.web.access.intercept.AuthorizationFilter.doFilter(AuthorizationFilter.java:101)
	at org.springframework.security.web.FilterChainProxy$VirtualFilterChain.doFilter(FilterChainProxy.java:374)
	at org.springframework.security.web.access.ExceptionTranslationFilter.doFilter(ExceptionTranslationFilter.java:125)
	at org.springframework.security.web.access.ExceptionTranslationFilter.doFilter(ExceptionTranslationFilter.java:119)
	at org.springframework.security.web.FilterChainProxy$VirtualFilterChain.doFilter(FilterChainProxy.java:374)
	at org.springframework.security.web.authentication.AnonymousAuthenticationFilter.doFilter(AnonymousAuthenticationFilter.java:100)
	at org.springframework.security.web.FilterChainProxy$VirtualFilterChain.doFilter(FilterChainProxy.java:374)
	at org.springframework.security.web.servletapi.SecurityContextHolderAwareRequestFilter.doFilter(SecurityContextHolderAwareRequestFilter.java:179)
	at org.springframework.security.web.FilterChainProxy$VirtualFilterChain.doFilter(FilterChainProxy.java:374)
	at org.springframework.security.web.savedrequest.RequestCacheAwareFilter.doFilter(RequestCacheAwareFilter.java:63)
	at org.springframework.security.web.FilterChainProxy$VirtualFilterChain.doFilter(FilterChainProxy.java:374)
	at org.springframework.security.web.authentication.logout.LogoutFilter.doFilter(LogoutFilter.java:107)
	at org.springframework.security.web.authentication.logout.LogoutFilter.doFilter(LogoutFilter.java:93)
	at org.springframework.security.web.FilterChainProxy$VirtualFilterChain.doFilter(FilterChainProxy.java:374)
	at org.springframework.web.filter.CorsFilter.doFilterInternal(CorsFilter.java:91)
	at org.springframework.web.filter.OncePerRequestFilter.doFilter(OncePerRequestFilter.java:116)
	at org.springframework.security.web.FilterChainProxy$VirtualFilterChain.doFilter(FilterChainProxy.java:374)
	at org.springframework.security.web.header.HeaderWriterFilter.doHeadersAfter(HeaderWriterFilter.java:90)
	at org.springframework.security.web.header.HeaderWriterFilter.doFilterInternal(HeaderWriterFilter.java:75)
	at org.springframework.web.filter.OncePerRequestFilter.doFilter(OncePerRequestFilter.java:116)
	at org.springframework.security.web.FilterChainProxy$VirtualFilterChain.doFilter(FilterChainProxy.java:374)
	at org.springframework.security.web.context.SecurityContextHolderFilter.doFilter(SecurityContextHolderFilter.java:82)
	at org.springframework.security.web.context.SecurityContextHolderFilter.doFilter(SecurityContextHolderFilter.java:69)
	at org.springframework.security.web.FilterChainProxy$VirtualFilterChain.doFilter(FilterChainProxy.java:374)
	at org.springframework.security.web.context.request.async.WebAsyncManagerIntegrationFilter.doFilterInternal(WebAsyncManagerIntegrationFilter.java:62)
	at org.springframework.web.filter.OncePerRequestFilter.doFilter(OncePerRequestFilter.java:116)
	at org.springframework.security.web.FilterChainProxy$VirtualFilterChain.doFilter(FilterChainProxy.java:374)
	at org.springframework.security.web.session.DisableEncodeUrlFilter.doFilterInternal(DisableEncodeUrlFilter.java:42)
	at org.springframework.web.filter.OncePerRequestFilter.doFilter(OncePerRequestFilter.java:116)
	at org.springframework.security.web.FilterChainProxy$VirtualFilterChain.doFilter(FilterChainProxy.java:374)
	at org.springframework.security.web.FilterChainProxy.doFilterInternal(FilterChainProxy.java:233)
	at org.springframework.security.web.FilterChainProxy.doFilter(FilterChainProxy.java:191)
	at org.springframework.web.filter.CompositeFilter$VirtualFilterChain.doFilter(CompositeFilter.java:113)
	at org.springframework.web.filter.ServletRequestPathFilter.doFilter(ServletRequestPathFilter.java:52)
	at org.springframework.web.filter.CompositeFilter$VirtualFilterChain.doFilter(CompositeFilter.java:113)
	at org.springframework.web.filter.CompositeFilter.doFilter(CompositeFilter.java:74)
	at org.springframework.security.config.annotation.web.configuration.WebSecurityConfiguration$CompositeFilterChainProxy.doFilter(WebSecurityConfiguration.java:319)
	at org.springframework.web.filter.CompositeFilter$VirtualFilterChain.doFilter(CompositeFilter.java:113)
	at org.springframework.web.servlet.handler.HandlerMappingIntrospector.lambda$createCacheFilter$4(HandlerMappingIntrospector.java:267)
	at org.springframework.web.filter.CompositeFilter$VirtualFilterChain.doFilter(CompositeFilter.java:113)
	at org.springframework.web.filter.CompositeFilter.doFilter(CompositeFilter.java:74)
	at org.springframework.security.config.annotation.web.configuration.WebMvcSecurityConfiguration$CompositeFilterChainProxy.doFilter(WebMvcSecurityConfiguration.java:240)
	at org.springframework.web.filter.DelegatingFilterProxy.invokeDelegate(DelegatingFilterProxy.java:362)
	at org.springframework.web.filter.DelegatingFilterProxy.doFilter(DelegatingFilterProxy.java:278)
	at org.apache.catalina.core.ApplicationFilterChain.internalDoFilter(ApplicationFilterChain.java:162)
	at org.apache.catalina.core.ApplicationFilterChain.doFilter(ApplicationFilterChain.java:138)
	at org.springframework.web.filter.RequestContextFilter.doFilterInternal(RequestContextFilter.java:100)
	at org.springframework.web.filter.OncePerRequestFilter.doFilter(OncePerRequestFilter.java:116)
	at org.apache.catalina.core.ApplicationFilterChain.internalDoFilter(ApplicationFilterChain.java:162)
	at org.apache.catalina.core.ApplicationFilterChain.doFilter(ApplicationFilterChain.java:138)
	at org.springframework.web.filter.FormContentFilter.doFilterInternal(FormContentFilter.java:93)
	at org.springframework.web.filter.OncePerRequestFilter.doFilter(OncePerRequestFilter.java:116)
	at org.apache.catalina.core.ApplicationFilterChain.internalDoFilter(ApplicationFilterChain.java:162)
	at org.apache.catalina.core.ApplicationFilterChain.doFilter(ApplicationFilterChain.java:138)
	at org.springframework.web.filter.CharacterEncodingFilter.doFilterInternal(CharacterEncodingFilter.java:201)
	at org.springframework.web.filter.OncePerRequestFilter.doFilter(OncePerRequestFilter.java:116)
	at org.apache.catalina.core.ApplicationFilterChain.internalDoFilter(ApplicationFilterChain.java:162)
	at org.apache.catalina.core.ApplicationFilterChain.doFilter(ApplicationFilterChain.java:138)
	at org.apache.catalina.core.StandardWrapperValve.invoke(StandardWrapperValve.java:165)
	at org.apache.catalina.core.StandardContextValve.invoke(StandardContextValve.java:88)
	at org.apache.catalina.authenticator.AuthenticatorBase.invoke(AuthenticatorBase.java:492)
	at org.apache.catalina.core.StandardHostValve.invoke(StandardHostValve.java:113)
	at org.apache.catalina.valves.ErrorReportValve.invoke(ErrorReportValve.java:83)
	at org.apache.catalina.core.StandardEngineValve.invoke(StandardEngineValve.java:72)
	at org.apache.catalina.connector.CoyoteAdapter.service(CoyoteAdapter.java:342)
	at org.apache.coyote.http11.Http11Processor.service(Http11Processor.java:399)
	at org.apache.coyote.AbstractProcessorLight.process(AbstractProcessorLight.java:63)
	at org.apache.coyote.AbstractProtocol$ConnectionHandler.process(AbstractProtocol.java:903)
	at org.apache.tomcat.util.net.NioEndpoint$SocketProcessor.doRun(NioEndpoint.java:1775)
	at org.apache.tomcat.util.net.SocketProcessorBase.run(SocketProcessorBase.java:52)
	at org.apache.tomcat.util.threads.ThreadPoolExecutor.runWorker(ThreadPoolExecutor.java:973)
	at org.apache.tomcat.util.threads.ThreadPoolExecutor$Worker.run(ThreadPoolExecutor.java:491)
	at org.apache.tomcat.util.threads.TaskThread$WrappingRunnable.run(TaskThread.java:63)
	at java.base/java.lang.Thread.run(Thread.java:840)
2026-05-26 14:01:46 [http-nio-8080-exec-4] ERROR c.t.b.report.service.ReportService - Error fetching report for sessionId=16 specialistId=17
java.util.NoSuchElementException: Reporte no encontrado
	at com.takecare.backend.report.service.ReportService.lambda$4(ReportService.java:240)
	at java.base/java.util.Optional.orElseThrow(Optional.java:403)
	at com.takecare.backend.report.service.ReportService.getReportBySession(ReportService.java:240)
	at java.base/jdk.internal.reflect.NativeMethodAccessorImpl.invoke0(Native Method)
	at java.base/jdk.internal.reflect.NativeMethodAccessorImpl.invoke(NativeMethodAccessorImpl.java:77)
	at java.base/jdk.internal.reflect.DelegatingMethodAccessorImpl.invoke(DelegatingMethodAccessorImpl.java:43)
	at java.base/java.lang.reflect.Method.invoke(Method.java:569)
	at org.springframework.aop.support.AopUtils.invokeJoinpointUsingReflection(AopUtils.java:360)
	at org.springframework.aop.framework.ReflectiveMethodInvocation.invokeJoinpoint(ReflectiveMethodInvocation.java:196)
	at org.springframework.aop.framework.ReflectiveMethodInvocation.proceed(ReflectiveMethodInvocation.java:163)
	at org.springframework.transaction.interceptor.TransactionAspectSupport.invokeWithinTransaction(TransactionAspectSupport.java:380)
	at org.springframework.transaction.interceptor.TransactionInterceptor.invoke(TransactionInterceptor.java:119)
	at org.springframework.aop.framework.ReflectiveMethodInvocation.proceed(ReflectiveMethodInvocation.java:184)
	at org.springframework.aop.framework.CglibAopProxy$DynamicAdvisedInterceptor.intercept(CglibAopProxy.java:728)
	at com.takecare.backend.report.service.ReportService$$SpringCGLIB$$0.getReportBySession(<generated>)
	at com.takecare.backend.report.controller.ReportController.getReportBySession(ReportController.java:131)
	at java.base/jdk.internal.reflect.NativeMethodAccessorImpl.invoke0(Native Method)
	at java.base/jdk.internal.reflect.NativeMethodAccessorImpl.invoke(NativeMethodAccessorImpl.java:77)
	at java.base/jdk.internal.reflect.DelegatingMethodAccessorImpl.invoke(DelegatingMethodAccessorImpl.java:43)
	at java.base/java.lang.reflect.Method.invoke(Method.java:569)
	at org.springframework.web.method.support.InvocableHandlerMethod.doInvoke(InvocableHandlerMethod.java:258)
	at org.springframework.web.method.support.InvocableHandlerMethod.invokeForRequest(InvocableHandlerMethod.java:191)
	at org.springframework.web.servlet.mvc.method.annotation.ServletInvocableHandlerMethod.invokeAndHandle(ServletInvocableHandlerMethod.java:118)
	at org.springframework.web.servlet.mvc.method.annotation.RequestMappingHandlerAdapter.invokeHandlerMethod(RequestMappingHandlerAdapter.java:991)
	at org.springframework.web.servlet.mvc.method.annotation.RequestMappingHandlerAdapter.handleInternal(RequestMappingHandlerAdapter.java:896)
	at org.springframework.web.servlet.mvc.method.AbstractHandlerMethodAdapter.handle(AbstractHandlerMethodAdapter.java:87)
	at org.springframework.web.servlet.DispatcherServlet.doDispatch(DispatcherServlet.java:1089)
	at org.springframework.web.servlet.DispatcherServlet.doService(DispatcherServlet.java:979)
	at org.springframework.web.servlet.FrameworkServlet.processRequest(FrameworkServlet.java:1014)
	at org.springframework.web.servlet.FrameworkServlet.doGet(FrameworkServlet.java:903)
	at jakarta.servlet.http.HttpServlet.service(HttpServlet.java:564)
	at org.springframework.web.servlet.FrameworkServlet.service(FrameworkServlet.java:885)
	at jakarta.servlet.http.HttpServlet.service(HttpServlet.java:658)
	at org.apache.catalina.core.ApplicationFilterChain.internalDoFilter(ApplicationFilterChain.java:193)
	at org.apache.catalina.core.ApplicationFilterChain.doFilter(ApplicationFilterChain.java:138)
	at org.apache.tomcat.websocket.server.WsFilter.doFilter(WsFilter.java:51)
	at org.apache.catalina.core.ApplicationFilterChain.internalDoFilter(ApplicationFilterChain.java:162)
	at org.apache.catalina.core.ApplicationFilterChain.doFilter(ApplicationFilterChain.java:138)
	at org.springframework.web.filter.CompositeFilter$VirtualFilterChain.doFilter(CompositeFilter.java:108)
	at org.springframework.web.filter.CompositeFilter$VirtualFilterChain.doFilter(CompositeFilter.java:108)
	at org.springframework.security.web.FilterChainProxy.lambda$doFilterInternal$3(FilterChainProxy.java:231)
	at org.springframework.security.web.FilterChainProxy$VirtualFilterChain.doFilter(FilterChainProxy.java:365)
	at org.springframework.security.web.access.intercept.AuthorizationFilter.doFilter(AuthorizationFilter.java:101)
	at org.springframework.security.web.FilterChainProxy$VirtualFilterChain.doFilter(FilterChainProxy.java:374)
	at org.springframework.security.web.access.ExceptionTranslationFilter.doFilter(ExceptionTranslationFilter.java:125)
	at org.springframework.security.web.access.ExceptionTranslationFilter.doFilter(ExceptionTranslationFilter.java:119)
	at org.springframework.security.web.FilterChainProxy$VirtualFilterChain.doFilter(FilterChainProxy.java:374)
	at org.springframework.security.web.authentication.AnonymousAuthenticationFilter.doFilter(AnonymousAuthenticationFilter.java:100)
	at org.springframework.security.web.FilterChainProxy$VirtualFilterChain.doFilter(FilterChainProxy.java:374)
	at org.springframework.security.web.servletapi.SecurityContextHolderAwareRequestFilter.doFilter(SecurityContextHolderAwareRequestFilter.java:179)
	at org.springframework.security.web.FilterChainProxy$VirtualFilterChain.doFilter(FilterChainProxy.java:374)
	at org.springframework.security.web.savedrequest.RequestCacheAwareFilter.doFilter(RequestCacheAwareFilter.java:63)
	at org.springframework.security.web.FilterChainProxy$VirtualFilterChain.doFilter(FilterChainProxy.java:374)
	at org.springframework.security.web.authentication.logout.LogoutFilter.doFilter(LogoutFilter.java:107)
	at org.springframework.security.web.authentication.logout.LogoutFilter.doFilter(LogoutFilter.java:93)
	at org.springframework.security.web.FilterChainProxy$VirtualFilterChain.doFilter(FilterChainProxy.java:374)
	at org.springframework.web.filter.CorsFilter.doFilterInternal(CorsFilter.java:91)
	at org.springframework.web.filter.OncePerRequestFilter.doFilter(OncePerRequestFilter.java:116)
	at org.springframework.security.web.FilterChainProxy$VirtualFilterChain.doFilter(FilterChainProxy.java:374)
	at org.springframework.security.web.header.HeaderWriterFilter.doHeadersAfter(HeaderWriterFilter.java:90)
	at org.springframework.security.web.header.HeaderWriterFilter.doFilterInternal(HeaderWriterFilter.java:75)
	at org.springframework.web.filter.OncePerRequestFilter.doFilter(OncePerRequestFilter.java:116)
	at org.springframework.security.web.FilterChainProxy$VirtualFilterChain.doFilter(FilterChainProxy.java:374)
	at org.springframework.security.web.context.SecurityContextHolderFilter.doFilter(SecurityContextHolderFilter.java:82)
	at org.springframework.security.web.context.SecurityContextHolderFilter.doFilter(SecurityContextHolderFilter.java:69)
	at org.springframework.security.web.FilterChainProxy$VirtualFilterChain.doFilter(FilterChainProxy.java:374)
	at org.springframework.security.web.context.request.async.WebAsyncManagerIntegrationFilter.doFilterInternal(WebAsyncManagerIntegrationFilter.java:62)
	at org.springframework.web.filter.OncePerRequestFilter.doFilter(OncePerRequestFilter.java:116)
	at org.springframework.security.web.FilterChainProxy$VirtualFilterChain.doFilter(FilterChainProxy.java:374)
	at org.springframework.security.web.session.DisableEncodeUrlFilter.doFilterInternal(DisableEncodeUrlFilter.java:42)
	at org.springframework.web.filter.OncePerRequestFilter.doFilter(OncePerRequestFilter.java:116)
	at org.springframework.security.web.FilterChainProxy$VirtualFilterChain.doFilter(FilterChainProxy.java:374)
	at org.springframework.security.web.FilterChainProxy.doFilterInternal(FilterChainProxy.java:233)
	at org.springframework.security.web.FilterChainProxy.doFilter(FilterChainProxy.java:191)
	at org.springframework.web.filter.CompositeFilter$VirtualFilterChain.doFilter(CompositeFilter.java:113)
	at org.springframework.web.filter.ServletRequestPathFilter.doFilter(ServletRequestPathFilter.java:52)
	at org.springframework.web.filter.CompositeFilter$VirtualFilterChain.doFilter(CompositeFilter.java:113)
	at org.springframework.web.filter.CompositeFilter.doFilter(CompositeFilter.java:74)
	at org.springframework.security.config.annotation.web.configuration.WebSecurityConfiguration$CompositeFilterChainProxy.doFilter(WebSecurityConfiguration.java:319)
	at org.springframework.web.filter.CompositeFilter$VirtualFilterChain.doFilter(CompositeFilter.java:113)
	at org.springframework.web.servlet.handler.HandlerMappingIntrospector.lambda$createCacheFilter$4(HandlerMappingIntrospector.java:267)
	at org.springframework.web.filter.CompositeFilter$VirtualFilterChain.doFilter(CompositeFilter.java:113)
	at org.springframework.web.filter.CompositeFilter.doFilter(CompositeFilter.java:74)
	at org.springframework.security.config.annotation.web.configuration.WebMvcSecurityConfiguration$CompositeFilterChainProxy.doFilter(WebMvcSecurityConfiguration.java:240)
	at org.springframework.web.filter.DelegatingFilterProxy.invokeDelegate(DelegatingFilterProxy.java:362)
	at org.springframework.web.filter.DelegatingFilterProxy.doFilter(DelegatingFilterProxy.java:278)
	at org.apache.catalina.core.ApplicationFilterChain.internalDoFilter(ApplicationFilterChain.java:162)
	at org.apache.catalina.core.ApplicationFilterChain.doFilter(ApplicationFilterChain.java:138)
	at org.springframework.web.filter.RequestContextFilter.doFilterInternal(RequestContextFilter.java:100)
	at org.springframework.web.filter.OncePerRequestFilter.doFilter(OncePerRequestFilter.java:116)
	at org.apache.catalina.core.ApplicationFilterChain.internalDoFilter(ApplicationFilterChain.java:162)
	at org.apache.catalina.core.ApplicationFilterChain.doFilter(ApplicationFilterChain.java:138)
	at org.springframework.web.filter.FormContentFilter.doFilterInternal(FormContentFilter.java:93)
	at org.springframework.web.filter.OncePerRequestFilter.doFilter(OncePerRequestFilter.java:116)
	at org.apache.catalina.core.ApplicationFilterChain.internalDoFilter(ApplicationFilterChain.java:162)
	at org.apache.catalina.core.ApplicationFilterChain.doFilter(ApplicationFilterChain.java:138)
	at org.springframework.web.filter.CharacterEncodingFilter.doFilterInternal(CharacterEncodingFilter.java:201)
	at org.springframework.web.filter.OncePerRequestFilter.doFilter(OncePerRequestFilter.java:116)
	at org.apache.catalina.core.ApplicationFilterChain.internalDoFilter(ApplicationFilterChain.java:162)
	at org.apache.catalina.core.ApplicationFilterChain.doFilter(ApplicationFilterChain.java:138)
	at org.apache.catalina.core.StandardWrapperValve.invoke(StandardWrapperValve.java:165)
	at org.apache.catalina.core.StandardContextValve.invoke(StandardContextValve.java:88)
	at org.apache.catalina.authenticator.AuthenticatorBase.invoke(AuthenticatorBase.java:492)
	at org.apache.catalina.core.StandardHostValve.invoke(StandardHostValve.java:113)
	at org.apache.catalina.valves.ErrorReportValve.invoke(ErrorReportValve.java:83)
	at org.apache.catalina.core.StandardEngineValve.invoke(StandardEngineValve.java:72)
	at org.apache.catalina.connector.CoyoteAdapter.service(CoyoteAdapter.java:342)
	at org.apache.coyote.http11.Http11Processor.service(Http11Processor.java:399)
	at org.apache.coyote.AbstractProcessorLight.process(AbstractProcessorLight.java:63)
	at org.apache.coyote.AbstractProtocol$ConnectionHandler.process(AbstractProtocol.java:903)
	at org.apache.tomcat.util.net.NioEndpoint$SocketProcessor.doRun(NioEndpoint.java:1775)
	at org.apache.tomcat.util.net.SocketProcessorBase.run(SocketProcessorBase.java:52)
	at org.apache.tomcat.util.threads.ThreadPoolExecutor.runWorker(ThreadPoolExecutor.java:973)
	at org.apache.tomcat.util.threads.ThreadPoolExecutor$Worker.run(ThreadPoolExecutor.java:491)
	at org.apache.tomcat.util.threads.TaskThread$WrappingRunnable.run(TaskThread.java:63)
	at java.base/java.lang.Thread.run(Thread.java:840)
2026-05-26 14:01:46 [http-nio-8080-exec-2] ERROR c.t.b.report.service.ReportService - Error fetching report for sessionId=18 specialistId=17
java.util.NoSuchElementException: Reporte no encontrado
	at com.takecare.backend.report.service.ReportService.lambda$4(ReportService.java:240)
	at java.base/java.util.Optional.orElseThrow(Optional.java:403)
	at com.takecare.backend.report.service.ReportService.getReportBySession(ReportService.java:240)
	at java.base/jdk.internal.reflect.NativeMethodAccessorImpl.invoke0(Native Method)
	at java.base/jdk.internal.reflect.NativeMethodAccessorImpl.invoke(NativeMethodAccessorImpl.java:77)
	at java.base/jdk.internal.reflect.DelegatingMethodAccessorImpl.invoke(DelegatingMethodAccessorImpl.java:43)
	at java.base/java.lang.reflect.Method.invoke(Method.java:569)
	at org.springframework.aop.support.AopUtils.invokeJoinpointUsingReflection(AopUtils.java:360)
	at org.springframework.aop.framework.ReflectiveMethodInvocation.invokeJoinpoint(ReflectiveMethodInvocation.java:196)
	at org.springframework.aop.framework.ReflectiveMethodInvocation.proceed(ReflectiveMethodInvocation.java:163)
	at org.springframework.transaction.interceptor.TransactionAspectSupport.invokeWithinTransaction(TransactionAspectSupport.java:380)
	at org.springframework.transaction.interceptor.TransactionInterceptor.invoke(TransactionInterceptor.java:119)
	at org.springframework.aop.framework.ReflectiveMethodInvocation.proceed(ReflectiveMethodInvocation.java:184)
	at org.springframework.aop.framework.CglibAopProxy$DynamicAdvisedInterceptor.intercept(CglibAopProxy.java:728)
	at com.takecare.backend.report.service.ReportService$$SpringCGLIB$$0.getReportBySession(<generated>)
	at com.takecare.backend.report.controller.ReportController.getReportBySession(ReportController.java:131)
	at java.base/jdk.internal.reflect.NativeMethodAccessorImpl.invoke0(Native Method)
	at java.base/jdk.internal.reflect.NativeMethodAccessorImpl.invoke(NativeMethodAccessorImpl.java:77)
	at java.base/jdk.internal.reflect.DelegatingMethodAccessorImpl.invoke(DelegatingMethodAccessorImpl.java:43)
	at java.base/java.lang.reflect.Method.invoke(Method.java:569)
	at org.springframework.web.method.support.InvocableHandlerMethod.doInvoke(InvocableHandlerMethod.java:258)
	at org.springframework.web.method.support.InvocableHandlerMethod.invokeForRequest(InvocableHandlerMethod.java:191)
	at org.springframework.web.servlet.mvc.method.annotation.ServletInvocableHandlerMethod.invokeAndHandle(ServletInvocableHandlerMethod.java:118)
	at org.springframework.web.servlet.mvc.method.annotation.RequestMappingHandlerAdapter.invokeHandlerMethod(RequestMappingHandlerAdapter.java:991)
	at org.springframework.web.servlet.mvc.method.annotation.RequestMappingHandlerAdapter.handleInternal(RequestMappingHandlerAdapter.java:896)
	at org.springframework.web.servlet.mvc.method.AbstractHandlerMethodAdapter.handle(AbstractHandlerMethodAdapter.java:87)
	at org.springframework.web.servlet.DispatcherServlet.doDispatch(DispatcherServlet.java:1089)
	at org.springframework.web.servlet.DispatcherServlet.doService(DispatcherServlet.java:979)
	at org.springframework.web.servlet.FrameworkServlet.processRequest(FrameworkServlet.java:1014)
	at org.springframework.web.servlet.FrameworkServlet.doGet(FrameworkServlet.java:903)
	at jakarta.servlet.http.HttpServlet.service(HttpServlet.java:564)
	at org.springframework.web.servlet.FrameworkServlet.service(FrameworkServlet.java:885)
	at jakarta.servlet.http.HttpServlet.service(HttpServlet.java:658)
	at org.apache.catalina.core.ApplicationFilterChain.internalDoFilter(ApplicationFilterChain.java:193)
	at org.apache.catalina.core.ApplicationFilterChain.doFilter(ApplicationFilterChain.java:138)
	at org.apache.tomcat.websocket.server.WsFilter.doFilter(WsFilter.java:51)
	at org.apache.catalina.core.ApplicationFilterChain.internalDoFilter(ApplicationFilterChain.java:162)
	at org.apache.catalina.core.ApplicationFilterChain.doFilter(ApplicationFilterChain.java:138)
	at org.springframework.web.filter.CompositeFilter$VirtualFilterChain.doFilter(CompositeFilter.java:108)
	at org.springframework.web.filter.CompositeFilter$VirtualFilterChain.doFilter(CompositeFilter.java:108)
	at org.springframework.security.web.FilterChainProxy.lambda$doFilterInternal$3(FilterChainProxy.java:231)
	at org.springframework.security.web.FilterChainProxy$VirtualFilterChain.doFilter(FilterChainProxy.java:365)
	at org.springframework.security.web.access.intercept.AuthorizationFilter.doFilter(AuthorizationFilter.java:101)
	at org.springframework.security.web.FilterChainProxy$VirtualFilterChain.doFilter(FilterChainProxy.java:374)
	at org.springframework.security.web.access.ExceptionTranslationFilter.doFilter(ExceptionTranslationFilter.java:125)
	at org.springframework.security.web.access.ExceptionTranslationFilter.doFilter(ExceptionTranslationFilter.java:119)
	at org.springframework.security.web.FilterChainProxy$VirtualFilterChain.doFilter(FilterChainProxy.java:374)
	at org.springframework.security.web.authentication.AnonymousAuthenticationFilter.doFilter(AnonymousAuthenticationFilter.java:100)
	at org.springframework.security.web.FilterChainProxy$VirtualFilterChain.doFilter(FilterChainProxy.java:374)
	at org.springframework.security.web.servletapi.SecurityContextHolderAwareRequestFilter.doFilter(SecurityContextHolderAwareRequestFilter.java:179)
	at org.springframework.security.web.FilterChainProxy$VirtualFilterChain.doFilter(FilterChainProxy.java:374)
	at org.springframework.security.web.savedrequest.RequestCacheAwareFilter.doFilter(RequestCacheAwareFilter.java:63)
	at org.springframework.security.web.FilterChainProxy$VirtualFilterChain.doFilter(FilterChainProxy.java:374)
	at org.springframework.security.web.authentication.logout.LogoutFilter.doFilter(LogoutFilter.java:107)
	at org.springframework.security.web.authentication.logout.LogoutFilter.doFilter(LogoutFilter.java:93)
	at org.springframework.security.web.FilterChainProxy$VirtualFilterChain.doFilter(FilterChainProxy.java:374)
	at org.springframework.web.filter.CorsFilter.doFilterInternal(CorsFilter.java:91)
	at org.springframework.web.filter.OncePerRequestFilter.doFilter(OncePerRequestFilter.java:116)
	at org.springframework.security.web.FilterChainProxy$VirtualFilterChain.doFilter(FilterChainProxy.java:374)
	at org.springframework.security.web.header.HeaderWriterFilter.doHeadersAfter(HeaderWriterFilter.java:90)
	at org.springframework.security.web.header.HeaderWriterFilter.doFilterInternal(HeaderWriterFilter.java:75)
	at org.springframework.web.filter.OncePerRequestFilter.doFilter(OncePerRequestFilter.java:116)
	at org.springframework.security.web.FilterChainProxy$VirtualFilterChain.doFilter(FilterChainProxy.java:374)
	at org.springframework.security.web.context.SecurityContextHolderFilter.doFilter(SecurityContextHolderFilter.java:82)
	at org.springframework.security.web.context.SecurityContextHolderFilter.doFilter(SecurityContextHolderFilter.java:69)
	at org.springframework.security.web.FilterChainProxy$VirtualFilterChain.doFilter(FilterChainProxy.java:374)
	at org.springframework.security.web.context.request.async.WebAsyncManagerIntegrationFilter.doFilterInternal(WebAsyncManagerIntegrationFilter.java:62)
	at org.springframework.web.filter.OncePerRequestFilter.doFilter(OncePerRequestFilter.java:116)
	at org.springframework.security.web.FilterChainProxy$VirtualFilterChain.doFilter(FilterChainProxy.java:374)
	at org.springframework.security.web.session.DisableEncodeUrlFilter.doFilterInternal(DisableEncodeUrlFilter.java:42)
	at org.springframework.web.filter.OncePerRequestFilter.doFilter(OncePerRequestFilter.java:116)
	at org.springframework.security.web.FilterChainProxy$VirtualFilterChain.doFilter(FilterChainProxy.java:374)
	at org.springframework.security.web.FilterChainProxy.doFilterInternal(FilterChainProxy.java:233)
	at org.springframework.security.web.FilterChainProxy.doFilter(FilterChainProxy.java:191)
	at org.springframework.web.filter.CompositeFilter$VirtualFilterChain.doFilter(CompositeFilter.java:113)
	at org.springframework.web.filter.ServletRequestPathFilter.doFilter(ServletRequestPathFilter.java:52)
	at org.springframework.web.filter.CompositeFilter$VirtualFilterChain.doFilter(CompositeFilter.java:113)
	at org.springframework.web.filter.CompositeFilter.doFilter(CompositeFilter.java:74)
	at org.springframework.security.config.annotation.web.configuration.WebSecurityConfiguration$CompositeFilterChainProxy.doFilter(WebSecurityConfiguration.java:319)
	at org.springframework.web.filter.CompositeFilter$VirtualFilterChain.doFilter(CompositeFilter.java:113)
	at org.springframework.web.servlet.handler.HandlerMappingIntrospector.lambda$createCacheFilter$4(HandlerMappingIntrospector.java:267)
	at org.springframework.web.filter.CompositeFilter$VirtualFilterChain.doFilter(CompositeFilter.java:113)
	at org.springframework.web.filter.CompositeFilter.doFilter(CompositeFilter.java:74)
	at org.springframework.security.config.annotation.web.configuration.WebMvcSecurityConfiguration$CompositeFilterChainProxy.doFilter(WebMvcSecurityConfiguration.java:240)
	at org.springframework.web.filter.DelegatingFilterProxy.invokeDelegate(DelegatingFilterProxy.java:362)
	at org.springframework.web.filter.DelegatingFilterProxy.doFilter(DelegatingFilterProxy.java:278)
	at org.apache.catalina.core.ApplicationFilterChain.internalDoFilter(ApplicationFilterChain.java:162)
	at org.apache.catalina.core.ApplicationFilterChain.doFilter(ApplicationFilterChain.java:138)
	at org.springframework.web.filter.RequestContextFilter.doFilterInternal(RequestContextFilter.java:100)
	at org.springframework.web.filter.OncePerRequestFilter.doFilter(OncePerRequestFilter.java:116)
	at org.apache.catalina.core.ApplicationFilterChain.internalDoFilter(ApplicationFilterChain.java:162)
	at org.apache.catalina.core.ApplicationFilterChain.doFilter(ApplicationFilterChain.java:138)
	at org.springframework.web.filter.FormContentFilter.doFilterInternal(FormContentFilter.java:93)
	at org.springframework.web.filter.OncePerRequestFilter.doFilter(OncePerRequestFilter.java:116)
	at org.apache.catalina.core.ApplicationFilterChain.internalDoFilter(ApplicationFilterChain.java:162)
	at org.apache.catalina.core.ApplicationFilterChain.doFilter(ApplicationFilterChain.java:138)
	at org.springframework.web.filter.CharacterEncodingFilter.doFilterInternal(CharacterEncodingFilter.java:201)
	at org.springframework.web.filter.OncePerRequestFilter.doFilter(OncePerRequestFilter.java:116)
	at org.apache.catalina.core.ApplicationFilterChain.internalDoFilter(ApplicationFilterChain.java:162)
	at org.apache.catalina.core.ApplicationFilterChain.doFilter(ApplicationFilterChain.java:138)
	at org.apache.catalina.core.StandardWrapperValve.invoke(StandardWrapperValve.java:165)
	at org.apache.catalina.core.StandardContextValve.invoke(StandardContextValve.java:88)
	at org.apache.catalina.authenticator.AuthenticatorBase.invoke(AuthenticatorBase.java:492)
	at org.apache.catalina.core.StandardHostValve.invoke(StandardHostValve.java:113)
	at org.apache.catalina.valves.ErrorReportValve.invoke(ErrorReportValve.java:83)
	at org.apache.catalina.core.StandardEngineValve.invoke(StandardEngineValve.java:72)
	at org.apache.catalina.connector.CoyoteAdapter.service(CoyoteAdapter.java:342)
	at org.apache.coyote.http11.Http11Processor.service(Http11Processor.java:399)
	at org.apache.coyote.AbstractProcessorLight.process(AbstractProcessorLight.java:63)
	at org.apache.coyote.AbstractProtocol$ConnectionHandler.process(AbstractProtocol.java:903)
	at org.apache.tomcat.util.net.NioEndpoint$SocketProcessor.doRun(NioEndpoint.java:1775)
	at org.apache.tomcat.util.net.SocketProcessorBase.run(SocketProcessorBase.java:52)
	at org.apache.tomcat.util.threads.ThreadPoolExecutor.runWorker(ThreadPoolExecutor.java:973)
	at org.apache.tomcat.util.threads.ThreadPoolExecutor$Worker.run(ThreadPoolExecutor.java:491)
	at org.apache.tomcat.util.threads.TaskThread$WrappingRunnable.run(TaskThread.java:63)
	at java.base/java.lang.Thread.run(Thread.java:840)
2026-05-26 14:01:47 [http-nio-8080-exec-10] WARN  c.t.b.c.c.CalificationController - GET patient rating - not found: Calificación no encontrada
2026-05-26 14:01:47 [http-nio-8080-exec-9] WARN  c.t.b.c.c.CalificationController - GET patient rating - not found: Calificación no encontrada
2026-05-26 14:01:47 [http-nio-8080-exec-9] DEBUG o.s.w.s.m.m.a.HttpEntityMethodProcessor - Using 'application/json', given [application/json, text/plain, */*] and supported [application/json, application/*+json, application/yaml]
2026-05-26 14:01:47 [http-nio-8080-exec-10] DEBUG o.s.w.s.m.m.a.HttpEntityMethodProcessor - Using 'application/json', given [application/json, text/plain, */*] and supported [application/json, application/*+json, application/yaml]
2026-05-26 14:01:47 [http-nio-8080-exec-10] DEBUG o.s.w.s.m.m.a.HttpEntityMethodProcessor - Writing [{message=Calificación no encontrada}]
2026-05-26 14:01:47 [http-nio-8080-exec-9] DEBUG o.s.w.s.m.m.a.HttpEntityMethodProcessor - Writing [{message=Calificación no encontrada}]
2026-05-26 14:01:47 [http-nio-8080-exec-10] DEBUG o.s.web.servlet.DispatcherServlet - Completed 404 NOT_FOUND
2026-05-26 14:01:47 [http-nio-8080-exec-9] DEBUG o.s.web.servlet.DispatcherServlet - Completed 404 NOT_FOUND
2026-05-26 14:01:47 [http-nio-8080-exec-5] DEBUG o.s.web.servlet.DispatcherServlet - GET "/api/v1/reports/session/15/specialist/17", parameters={}
2026-05-26 14:01:47 [http-nio-8080-exec-5] DEBUG o.s.w.s.m.m.a.RequestMappingHandlerMapping - Mapped to com.takecare.backend.report.controller.ReportController#getReportBySession(Integer, Integer)
2026-05-26 14:01:47 [http-nio-8080-exec-5] INFO  c.t.b.r.controller.ReportController - GET /reports/session/15/specialist/17
2026-05-26 14:01:47 [http-nio-8080-exec-3] WARN  c.t.b.r.controller.ReportController - GET /reports/session/specialist - not found: Reporte no encontrado
2026-05-26 14:01:47 [http-nio-8080-exec-1] WARN  c.t.b.c.c.CalificationController - GET patient rating - not found: Calificación no encontrada
2026-05-26 14:01:47 [http-nio-8080-exec-1] DEBUG o.s.w.s.m.m.a.HttpEntityMethodProcessor - Using 'application/json', given [application/json, text/plain, */*] and supported [application/json, application/*+json, application/yaml]
2026-05-26 14:01:47 [http-nio-8080-exec-3] DEBUG o.s.w.s.m.m.a.HttpEntityMethodProcessor - Using 'application/json', given [application/json, text/plain, */*] and supported [application/json, application/*+json, application/yaml]
2026-05-26 14:01:47 [http-nio-8080-exec-1] DEBUG o.s.w.s.m.m.a.HttpEntityMethodProcessor - Writing [{message=Calificación no encontrada}]
2026-05-26 14:01:47 [http-nio-8080-exec-3] DEBUG o.s.w.s.m.m.a.HttpEntityMethodProcessor - Writing [{message=Reporte no encontrado}]
2026-05-26 14:01:47 [http-nio-8080-exec-1] DEBUG o.s.web.servlet.DispatcherServlet - Completed 404 NOT_FOUND
2026-05-26 14:01:47 [http-nio-8080-exec-3] DEBUG o.s.web.servlet.DispatcherServlet - Completed 404 NOT_FOUND
2026-05-26 14:01:47 [http-nio-8080-exec-4] WARN  c.t.b.r.controller.ReportController - GET /reports/session/specialist - not found: Reporte no encontrado
2026-05-26 14:01:47 [http-nio-8080-exec-4] DEBUG o.s.w.s.m.m.a.HttpEntityMethodProcessor - Using 'application/json', given [application/json, text/plain, */*] and supported [application/json, application/*+json, application/yaml]
2026-05-26 14:01:47 [http-nio-8080-exec-4] DEBUG o.s.w.s.m.m.a.HttpEntityMethodProcessor - Writing [{message=Reporte no encontrado}]
2026-05-26 14:01:47 [http-nio-8080-exec-4] DEBUG o.s.web.servlet.DispatcherServlet - Completed 404 NOT_FOUND
2026-05-26 14:01:47 [http-nio-8080-exec-2] WARN  c.t.b.r.controller.ReportController - GET /reports/session/specialist - not found: Reporte no encontrado
2026-05-26 14:01:47 [http-nio-8080-exec-2] DEBUG o.s.w.s.m.m.a.HttpEntityMethodProcessor - Using 'application/json', given [application/json, text/plain, */*] and supported [application/json, application/*+json, application/yaml]
2026-05-26 14:01:47 [http-nio-8080-exec-2] DEBUG o.s.w.s.m.m.a.HttpEntityMethodProcessor - Writing [{message=Reporte no encontrado}]
2026-05-26 14:01:47 [http-nio-8080-exec-2] DEBUG o.s.web.servlet.DispatcherServlet - Completed 404 NOT_FOUND
2026-05-26 14:01:48 [http-nio-8080-exec-5] ERROR c.t.b.report.service.ReportService - Error fetching report for sessionId=15 specialistId=17
java.util.NoSuchElementException: Reporte no encontrado
	at com.takecare.backend.report.service.ReportService.lambda$4(ReportService.java:240)
	at java.base/java.util.Optional.orElseThrow(Optional.java:403)
	at com.takecare.backend.report.service.ReportService.getReportBySession(ReportService.java:240)
	at java.base/jdk.internal.reflect.NativeMethodAccessorImpl.invoke0(Native Method)
	at java.base/jdk.internal.reflect.NativeMethodAccessorImpl.invoke(NativeMethodAccessorImpl.java:77)
	at java.base/jdk.internal.reflect.DelegatingMethodAccessorImpl.invoke(DelegatingMethodAccessorImpl.java:43)
	at java.base/java.lang.reflect.Method.invoke(Method.java:569)
	at org.springframework.aop.support.AopUtils.invokeJoinpointUsingReflection(AopUtils.java:360)
	at org.springframework.aop.framework.ReflectiveMethodInvocation.invokeJoinpoint(ReflectiveMethodInvocation.java:196)
	at org.springframework.aop.framework.ReflectiveMethodInvocation.proceed(ReflectiveMethodInvocation.java:163)
	at org.springframework.transaction.interceptor.TransactionAspectSupport.invokeWithinTransaction(TransactionAspectSupport.java:380)
	at org.springframework.transaction.interceptor.TransactionInterceptor.invoke(TransactionInterceptor.java:119)
	at org.springframework.aop.framework.ReflectiveMethodInvocation.proceed(ReflectiveMethodInvocation.java:184)
	at org.springframework.aop.framework.CglibAopProxy$DynamicAdvisedInterceptor.intercept(CglibAopProxy.java:728)
	at com.takecare.backend.report.service.ReportService$$SpringCGLIB$$0.getReportBySession(<generated>)
	at com.takecare.backend.report.controller.ReportController.getReportBySession(ReportController.java:131)
	at java.base/jdk.internal.reflect.NativeMethodAccessorImpl.invoke0(Native Method)
	at java.base/jdk.internal.reflect.NativeMethodAccessorImpl.invoke(NativeMethodAccessorImpl.java:77)
	at java.base/jdk.internal.reflect.DelegatingMethodAccessorImpl.invoke(DelegatingMethodAccessorImpl.java:43)
	at java.base/java.lang.reflect.Method.invoke(Method.java:569)
	at org.springframework.web.method.support.InvocableHandlerMethod.doInvoke(InvocableHandlerMethod.java:258)
	at org.springframework.web.method.support.InvocableHandlerMethod.invokeForRequest(InvocableHandlerMethod.java:191)
	at org.springframework.web.servlet.mvc.method.annotation.ServletInvocableHandlerMethod.invokeAndHandle(ServletInvocableHandlerMethod.java:118)
	at org.springframework.web.servlet.mvc.method.annotation.RequestMappingHandlerAdapter.invokeHandlerMethod(RequestMappingHandlerAdapter.java:991)
	at org.springframework.web.servlet.mvc.method.annotation.RequestMappingHandlerAdapter.handleInternal(RequestMappingHandlerAdapter.java:896)
	at org.springframework.web.servlet.mvc.method.AbstractHandlerMethodAdapter.handle(AbstractHandlerMethodAdapter.java:87)
	at org.springframework.web.servlet.DispatcherServlet.doDispatch(DispatcherServlet.java:1089)
	at org.springframework.web.servlet.DispatcherServlet.doService(DispatcherServlet.java:979)
	at org.springframework.web.servlet.FrameworkServlet.processRequest(FrameworkServlet.java:1014)
	at org.springframework.web.servlet.FrameworkServlet.doGet(FrameworkServlet.java:903)
	at jakarta.servlet.http.HttpServlet.service(HttpServlet.java:564)
	at org.springframework.web.servlet.FrameworkServlet.service(FrameworkServlet.java:885)
	at jakarta.servlet.http.HttpServlet.service(HttpServlet.java:658)
	at org.apache.catalina.core.ApplicationFilterChain.internalDoFilter(ApplicationFilterChain.java:193)
	at org.apache.catalina.core.ApplicationFilterChain.doFilter(ApplicationFilterChain.java:138)
	at org.apache.tomcat.websocket.server.WsFilter.doFilter(WsFilter.java:51)
	at org.apache.catalina.core.ApplicationFilterChain.internalDoFilter(ApplicationFilterChain.java:162)
	at org.apache.catalina.core.ApplicationFilterChain.doFilter(ApplicationFilterChain.java:138)
	at org.springframework.web.filter.CompositeFilter$VirtualFilterChain.doFilter(CompositeFilter.java:108)
	at org.springframework.web.filter.CompositeFilter$VirtualFilterChain.doFilter(CompositeFilter.java:108)
	at org.springframework.security.web.FilterChainProxy.lambda$doFilterInternal$3(FilterChainProxy.java:231)
	at org.springframework.security.web.FilterChainProxy$VirtualFilterChain.doFilter(FilterChainProxy.java:365)
	at org.springframework.security.web.access.intercept.AuthorizationFilter.doFilter(AuthorizationFilter.java:101)
	at org.springframework.security.web.FilterChainProxy$VirtualFilterChain.doFilter(FilterChainProxy.java:374)
	at org.springframework.security.web.access.ExceptionTranslationFilter.doFilter(ExceptionTranslationFilter.java:125)
	at org.springframework.security.web.access.ExceptionTranslationFilter.doFilter(ExceptionTranslationFilter.java:119)
	at org.springframework.security.web.FilterChainProxy$VirtualFilterChain.doFilter(FilterChainProxy.java:374)
	at org.springframework.security.web.authentication.AnonymousAuthenticationFilter.doFilter(AnonymousAuthenticationFilter.java:100)
	at org.springframework.security.web.FilterChainProxy$VirtualFilterChain.doFilter(FilterChainProxy.java:374)
	at org.springframework.security.web.servletapi.SecurityContextHolderAwareRequestFilter.doFilter(SecurityContextHolderAwareRequestFilter.java:179)
	at org.springframework.security.web.FilterChainProxy$VirtualFilterChain.doFilter(FilterChainProxy.java:374)
	at org.springframework.security.web.savedrequest.RequestCacheAwareFilter.doFilter(RequestCacheAwareFilter.java:63)
	at org.springframework.security.web.FilterChainProxy$VirtualFilterChain.doFilter(FilterChainProxy.java:374)
	at org.springframework.security.web.authentication.logout.LogoutFilter.doFilter(LogoutFilter.java:107)
	at org.springframework.security.web.authentication.logout.LogoutFilter.doFilter(LogoutFilter.java:93)
	at org.springframework.security.web.FilterChainProxy$VirtualFilterChain.doFilter(FilterChainProxy.java:374)
	at org.springframework.web.filter.CorsFilter.doFilterInternal(CorsFilter.java:91)
	at org.springframework.web.filter.OncePerRequestFilter.doFilter(OncePerRequestFilter.java:116)
	at org.springframework.security.web.FilterChainProxy$VirtualFilterChain.doFilter(FilterChainProxy.java:374)
	at org.springframework.security.web.header.HeaderWriterFilter.doHeadersAfter(HeaderWriterFilter.java:90)
	at org.springframework.security.web.header.HeaderWriterFilter.doFilterInternal(HeaderWriterFilter.java:75)
	at org.springframework.web.filter.OncePerRequestFilter.doFilter(OncePerRequestFilter.java:116)
	at org.springframework.security.web.FilterChainProxy$VirtualFilterChain.doFilter(FilterChainProxy.java:374)
	at org.springframework.security.web.context.SecurityContextHolderFilter.doFilter(SecurityContextHolderFilter.java:82)
	at org.springframework.security.web.context.SecurityContextHolderFilter.doFilter(SecurityContextHolderFilter.java:69)
	at org.springframework.security.web.FilterChainProxy$VirtualFilterChain.doFilter(FilterChainProxy.java:374)
	at org.springframework.security.web.context.request.async.WebAsyncManagerIntegrationFilter.doFilterInternal(WebAsyncManagerIntegrationFilter.java:62)
	at org.springframework.web.filter.OncePerRequestFilter.doFilter(OncePerRequestFilter.java:116)
	at org.springframework.security.web.FilterChainProxy$VirtualFilterChain.doFilter(FilterChainProxy.java:374)
	at org.springframework.security.web.session.DisableEncodeUrlFilter.doFilterInternal(DisableEncodeUrlFilter.java:42)
	at org.springframework.web.filter.OncePerRequestFilter.doFilter(OncePerRequestFilter.java:116)
	at org.springframework.security.web.FilterChainProxy$VirtualFilterChain.doFilter(FilterChainProxy.java:374)
	at org.springframework.security.web.FilterChainProxy.doFilterInternal(FilterChainProxy.java:233)
	at org.springframework.security.web.FilterChainProxy.doFilter(FilterChainProxy.java:191)
	at org.springframework.web.filter.CompositeFilter$VirtualFilterChain.doFilter(CompositeFilter.java:113)
	at org.springframework.web.filter.ServletRequestPathFilter.doFilter(ServletRequestPathFilter.java:52)
	at org.springframework.web.filter.CompositeFilter$VirtualFilterChain.doFilter(CompositeFilter.java:113)
	at org.springframework.web.filter.CompositeFilter.doFilter(CompositeFilter.java:74)
	at org.springframework.security.config.annotation.web.configuration.WebSecurityConfiguration$CompositeFilterChainProxy.doFilter(WebSecurityConfiguration.java:319)
	at org.springframework.web.filter.CompositeFilter$VirtualFilterChain.doFilter(CompositeFilter.java:113)
	at org.springframework.web.servlet.handler.HandlerMappingIntrospector.lambda$createCacheFilter$4(HandlerMappingIntrospector.java:267)
	at org.springframework.web.filter.CompositeFilter$VirtualFilterChain.doFilter(CompositeFilter.java:113)
	at org.springframework.web.filter.CompositeFilter.doFilter(CompositeFilter.java:74)
	at org.springframework.security.config.annotation.web.configuration.WebMvcSecurityConfiguration$CompositeFilterChainProxy.doFilter(WebMvcSecurityConfiguration.java:240)
	at org.springframework.web.filter.DelegatingFilterProxy.invokeDelegate(DelegatingFilterProxy.java:362)
	at org.springframework.web.filter.DelegatingFilterProxy.doFilter(DelegatingFilterProxy.java:278)
	at org.apache.catalina.core.ApplicationFilterChain.internalDoFilter(ApplicationFilterChain.java:162)
	at org.apache.catalina.core.ApplicationFilterChain.doFilter(ApplicationFilterChain.java:138)
	at org.springframework.web.filter.RequestContextFilter.doFilterInternal(RequestContextFilter.java:100)
	at org.springframework.web.filter.OncePerRequestFilter.doFilter(OncePerRequestFilter.java:116)
	at org.apache.catalina.core.ApplicationFilterChain.internalDoFilter(ApplicationFilterChain.java:162)
	at org.apache.catalina.core.ApplicationFilterChain.doFilter(ApplicationFilterChain.java:138)
	at org.springframework.web.filter.FormContentFilter.doFilterInternal(FormContentFilter.java:93)
	at org.springframework.web.filter.OncePerRequestFilter.doFilter(OncePerRequestFilter.java:116)
	at org.apache.catalina.core.ApplicationFilterChain.internalDoFilter(ApplicationFilterChain.java:162)
	at org.apache.catalina.core.ApplicationFilterChain.doFilter(ApplicationFilterChain.java:138)
	at org.springframework.web.filter.CharacterEncodingFilter.doFilterInternal(CharacterEncodingFilter.java:201)
	at org.springframework.web.filter.OncePerRequestFilter.doFilter(OncePerRequestFilter.java:116)
	at org.apache.catalina.core.ApplicationFilterChain.internalDoFilter(ApplicationFilterChain.java:162)
	at org.apache.catalina.core.ApplicationFilterChain.doFilter(ApplicationFilterChain.java:138)
	at org.apache.catalina.core.StandardWrapperValve.invoke(StandardWrapperValve.java:165)
	at org.apache.catalina.core.StandardContextValve.invoke(StandardContextValve.java:88)
	at org.apache.catalina.authenticator.AuthenticatorBase.invoke(AuthenticatorBase.java:492)
	at org.apache.catalina.core.StandardHostValve.invoke(StandardHostValve.java:113)
	at org.apache.catalina.valves.ErrorReportValve.invoke(ErrorReportValve.java:83)
	at org.apache.catalina.core.StandardEngineValve.invoke(StandardEngineValve.java:72)
	at org.apache.catalina.connector.CoyoteAdapter.service(CoyoteAdapter.java:342)
	at org.apache.coyote.http11.Http11Processor.service(Http11Processor.java:399)
	at org.apache.coyote.AbstractProcessorLight.process(AbstractProcessorLight.java:63)
	at org.apache.coyote.AbstractProtocol$ConnectionHandler.process(AbstractProtocol.java:903)
	at org.apache.tomcat.util.net.NioEndpoint$SocketProcessor.doRun(NioEndpoint.java:1775)
	at org.apache.tomcat.util.net.SocketProcessorBase.run(SocketProcessorBase.java:52)
	at org.apache.tomcat.util.threads.ThreadPoolExecutor.runWorker(ThreadPoolExecutor.java:973)
	at org.apache.tomcat.util.threads.ThreadPoolExecutor$Worker.run(ThreadPoolExecutor.java:491)
	at org.apache.tomcat.util.threads.TaskThread$WrappingRunnable.run(TaskThread.java:63)
	at java.base/java.lang.Thread.run(Thread.java:840)
2026-05-26 14:01:50 [http-nio-8080-exec-5] WARN  c.t.b.r.controller.ReportController - GET /reports/session/specialist - not found: Reporte no encontrado
2026-05-26 14:01:50 [http-nio-8080-exec-5] DEBUG o.s.w.s.m.m.a.HttpEntityMethodProcessor - Using 'application/json', given [application/json, text/plain, */*] and supported [application/json, application/*+json, application/yaml]
2026-05-26 14:01:50 [http-nio-8080-exec-5] DEBUG o.s.w.s.m.m.a.HttpEntityMethodProcessor - Writing [{message=Reporte no encontrado}]
2026-05-26 14:01:50 [http-nio-8080-exec-5] DEBUG o.s.web.servlet.DispatcherServlet - Completed 404 NOT_FOUND
2026-05-26 14:02:18 [http-nio-8080-exec-6] DEBUG o.s.web.servlet.DispatcherServlet - GET "/api/v1/notifications/specialist/17", parameters={}
2026-05-26 14:02:18 [http-nio-8080-exec-8] DEBUG o.s.web.servlet.DispatcherServlet - GET "/api/v1/notifications/specialist/17/unread-count", parameters={}
2026-05-26 14:02:18 [http-nio-8080-exec-6] DEBUG o.s.w.s.m.m.a.RequestMappingHandlerMapping - Mapped to com.takecare.backend.notification.controller.NotificationController#listBySpecialist(Integer)
2026-05-26 14:02:18 [http-nio-8080-exec-8] DEBUG o.s.w.s.m.m.a.RequestMappingHandlerMapping - Mapped to com.takecare.backend.notification.controller.NotificationController#unreadCount(Integer)
2026-05-26 14:02:18 [http-nio-8080-exec-8] INFO  c.t.b.n.c.NotificationController - GET /api/v1/notifications/specialist/17/unread-count
2026-05-26 14:02:18 [http-nio-8080-exec-6] INFO  c.t.b.n.c.NotificationController - GET /api/v1/notifications/specialist/17 - listing notifications
2026-05-26 14:02:18 [MessageBroker-2] INFO  o.s.w.s.c.WebSocketMessageBrokerStats - WebSocketSession[0 current WS(0)-HttpStream(0)-HttpPoll(0), 0 total, 0 closed abnormally (0 connect failure, 0 send limit, 0 transport error)], stompSubProtocol[processed CONNECT(0)-CONNECTED(0)-DISCONNECT(0)], stompBrokerRelay[null], inboundChannel[pool size = 0, active threads = 0, queued tasks = 0, completed tasks = 0], outboundChannel[pool size = 0, active threads = 0, queued tasks = 0, completed tasks = 0], sockJsScheduler[pool size = 3, active threads = 1, queued tasks = 1, completed tasks = 1]
2026-05-26 14:02:19 [http-nio-8080-exec-6] INFO  c.t.b.n.service.NotificationService - Listing notifications for specialist id: 17
2026-05-26 14:02:20 [http-nio-8080-exec-8] DEBUG o.s.w.s.m.m.a.HttpEntityMethodProcessor - Using 'application/json', given [application/json, text/plain, */*] and supported [application/json, application/*+json, application/yaml]
2026-05-26 14:02:20 [http-nio-8080-exec-8] DEBUG o.s.w.s.m.m.a.HttpEntityMethodProcessor - Writing [com.takecare.backend.notification.dto.UnreadNotificationCountDto@58a5a723]
2026-05-26 14:02:20 [http-nio-8080-exec-8] DEBUG o.s.web.servlet.DispatcherServlet - Completed 200 OK
2026-05-26 14:02:20 [http-nio-8080-exec-7] DEBUG o.s.web.servlet.DispatcherServlet - GET "/api/v1/notifications/specialist/17/unread-count", parameters={}
2026-05-26 14:02:20 [http-nio-8080-exec-7] DEBUG o.s.w.s.m.m.a.RequestMappingHandlerMapping - Mapped to com.takecare.backend.notification.controller.NotificationController#unreadCount(Integer)
2026-05-26 14:02:20 [http-nio-8080-exec-7] INFO  c.t.b.n.c.NotificationController - GET /api/v1/notifications/specialist/17/unread-count
2026-05-26 14:02:20 [http-nio-8080-exec-6] DEBUG o.s.w.s.m.m.a.HttpEntityMethodProcessor - Using 'application/json', given [application/json, text/plain, */*] and supported [application/json, application/*+json, application/yaml]
2026-05-26 14:02:20 [http-nio-8080-exec-6] DEBUG o.s.w.s.m.m.a.HttpEntityMethodProcessor - Writing [[com.takecare.backend.notification.dto.NotificationResponseDto@2f54491f, com.takecare.backend.notifi (truncated)...]
2026-05-26 14:02:20 [http-nio-8080-exec-6] DEBUG o.s.web.servlet.DispatcherServlet - Completed 200 OK
2026-05-26 14:02:20 [http-nio-8080-exec-10] DEBUG o.s.web.servlet.DispatcherServlet - GET "/api/v1/notifications/specialist/17", parameters={}
2026-05-26 14:02:20 [http-nio-8080-exec-10] DEBUG o.s.w.s.m.m.a.RequestMappingHandlerMapping - Mapped to com.takecare.backend.notification.controller.NotificationController#listBySpecialist(Integer)
2026-05-26 14:02:20 [http-nio-8080-exec-10] INFO  c.t.b.n.c.NotificationController - GET /api/v1/notifications/specialist/17 - listing notifications
2026-05-26 14:02:21 [http-nio-8080-exec-10] INFO  c.t.b.n.service.NotificationService - Listing notifications for specialist id: 17
2026-05-26 14:02:22 [http-nio-8080-exec-7] DEBUG o.s.w.s.m.m.a.HttpEntityMethodProcessor - Using 'application/json', given [application/json, text/plain, */*] and supported [application/json, application/*+json, application/yaml]
2026-05-26 14:02:22 [http-nio-8080-exec-7] DEBUG o.s.w.s.m.m.a.HttpEntityMethodProcessor - Writing [com.takecare.backend.notification.dto.UnreadNotificationCountDto@74fdd5a8]
2026-05-26 14:02:22 [http-nio-8080-exec-7] DEBUG o.s.web.servlet.DispatcherServlet - Completed 200 OK
2026-05-26 14:02:23 [http-nio-8080-exec-10] DEBUG o.s.w.s.m.m.a.HttpEntityMethodProcessor - Using 'application/json', given [application/json, text/plain, */*] and supported [application/json, application/*+json, application/yaml]
2026-05-26 14:02:23 [http-nio-8080-exec-10] DEBUG o.s.w.s.m.m.a.HttpEntityMethodProcessor - Writing [[com.takecare.backend.notification.dto.NotificationResponseDto@6d3e7bbb, com.takecare.backend.notifi (truncated)...]
2026-05-26 14:02:23 [http-nio-8080-exec-10] DEBUG o.s.web.servlet.DispatcherServlet - Completed 200 OK
2026-05-26 14:06:35 [SpringApplicationShutdownHook] DEBUG org.springframework.web.SimpLogging - clientOutboundChannel removed SubProtocolWebSocketHandler[StompSubProtocolHandler[v10.stomp, v11.stomp, v12.stomp]]
2026-05-26 14:06:35 [SpringApplicationShutdownHook] DEBUG org.springframework.web.SimpLogging - clientInboundChannel removed WebSocketAnnotationMethodMessageHandler[prefixes=[/app/]]
2026-05-26 14:06:35 [SpringApplicationShutdownHook] INFO  org.springframework.web.SimpLogging - Stopping...
2026-05-26 14:06:35 [SpringApplicationShutdownHook] INFO  org.springframework.web.SimpLogging - BrokerAvailabilityEvent[available=false, SimpleBrokerMessageHandler [org.springframework.messaging.simp.broker.DefaultSubscriptionRegistry@5e7561a7]]
2026-05-26 14:06:35 [SpringApplicationShutdownHook] DEBUG org.springframework.web.SimpLogging - clientInboundChannel removed SimpleBrokerMessageHandler [org.springframework.messaging.simp.broker.DefaultSubscriptionRegistry@5e7561a7]
2026-05-26 14:06:35 [SpringApplicationShutdownHook] DEBUG org.springframework.web.SimpLogging - brokerChannel removed SimpleBrokerMessageHandler [org.springframework.messaging.simp.broker.DefaultSubscriptionRegistry@5e7561a7]
2026-05-26 14:06:35 [SpringApplicationShutdownHook] INFO  org.springframework.web.SimpLogging - Stopped.
2026-05-26 14:06:35 [SpringApplicationShutdownHook] DEBUG org.springframework.web.SimpLogging - clientInboundChannel removed UserDestinationMessageHandler[DefaultUserDestinationResolver[prefix=/user/]]
2026-05-26 14:06:35 [SpringApplicationShutdownHook] DEBUG org.springframework.web.SimpLogging - brokerChannel removed UserDestinationMessageHandler[DefaultUserDestinationResolver[prefix=/user/]]
2026-05-26 14:06:49 [restartedMain] INFO  c.t.backend.TakeCareApplication - Starting TakeCareApplication using Java 17.0.18 with PID 11736 (C:\Users\usser\Desktop\Uni\TallerSISINFO\takecare\backend\target\classes started by usser in C:\Users\usser\Desktop\Uni\TallerSISINFO\takecare\backend)
2026-05-26 14:06:49 [restartedMain] INFO  c.t.backend.TakeCareApplication - No active profile set, falling back to 1 default profile: "default"
2026-05-26 14:07:17 [restartedMain] INFO  c.t.b.s.s.OrientationMaterialService - Orientation materials storage ready at: C:\Users\usser\Desktop\Uni\TallerSISINFO\takecare\backend\uploads\orientation-materials
2026-05-26 14:07:17 [restartedMain] INFO  c.t.b.u.s.ClinicalDocumentService - Clinical docs storage ready at: C:\Users\usser\Desktop\Uni\TallerSISINFO\takecare\backend\uploads\clinical-docs
2026-05-26 14:07:18 [restartedMain] WARN  o.s.b.a.o.j.JpaBaseConfiguration$JpaWebConfiguration - spring.jpa.open-in-view is enabled by default. Therefore, database queries may be performed during view rendering. Explicitly configure spring.jpa.open-in-view to disable this warning
2026-05-26 14:07:18 [restartedMain] DEBUG o.s.w.s.s.s.WebSocketHandlerMapping - Patterns [/ws-takecare/**] in 'stompWebSocketHandlerMapping'
2026-05-26 14:07:18 [restartedMain] DEBUG o.s.w.s.m.m.a.RequestMappingHandlerMapping - 86 mappings in 'requestMappingHandlerMapping'
2026-05-26 14:07:18 [restartedMain] DEBUG o.s.w.s.h.SimpleUrlHandlerMapping - Patterns [/webjars/**, /**, /swagger-ui*/*swagger-initializer.js, /swagger-ui*/**] in 'resourceHandlerMapping'
2026-05-26 14:07:18 [restartedMain] WARN  o.s.b.a.s.s.UserDetailsServiceAutoConfiguration - 

Using generated security password: 5db26912-b3a9-4329-93ce-226541a4fc1a

This generated password is for development use only. Your security configuration must be updated before running your application in production.

2026-05-26 14:07:18 [restartedMain] DEBUG o.s.w.s.m.WebSocketAnnotationMethodMessageHandler - 
	c.t.b.a.c.AuthController:
	
2026-05-26 14:07:18 [restartedMain] DEBUG o.s.w.s.m.WebSocketAnnotationMethodMessageHandler - 
	c.t.b.c.c.CalificationController:
	
2026-05-26 14:07:18 [restartedMain] DEBUG o.s.w.s.m.WebSocketAnnotationMethodMessageHandler - 
	c.t.b.n.c.NotificationController:
	
2026-05-26 14:07:18 [restartedMain] DEBUG o.s.w.s.m.WebSocketAnnotationMethodMessageHandler - 
	c.t.b.r.c.ReportController:
	
2026-05-26 14:07:18 [restartedMain] DEBUG o.s.w.s.m.WebSocketAnnotationMethodMessageHandler - 
	c.t.b.s.c.SessionController:
	
2026-05-26 14:07:18 [restartedMain] DEBUG o.s.w.s.m.WebSocketAnnotationMethodMessageHandler - 
	c.t.b.s.c.TestController:
	
2026-05-26 14:07:18 [restartedMain] DEBUG o.s.w.s.m.WebSocketAnnotationMethodMessageHandler - 
	c.t.b.s.c.SpecialistScheduleController:
	
2026-05-26 14:07:18 [restartedMain] DEBUG o.s.w.s.m.WebSocketAnnotationMethodMessageHandler - 
	c.t.b.s.c.OrientationMaterialController:
	
2026-05-26 14:07:18 [restartedMain] DEBUG o.s.w.s.m.WebSocketAnnotationMethodMessageHandler - 
	c.t.b.s.c.SupportMaterialController:
	
2026-05-26 14:07:18 [restartedMain] DEBUG o.s.w.s.m.WebSocketAnnotationMethodMessageHandler - 
	c.t.b.u.c.AdminController:
	
2026-05-26 14:07:18 [restartedMain] DEBUG o.s.w.s.m.WebSocketAnnotationMethodMessageHandler - 
	c.t.b.u.c.ClinicalDocumentController:
	
2026-05-26 14:07:18 [restartedMain] DEBUG o.s.w.s.m.WebSocketAnnotationMethodMessageHandler - 
	c.t.b.u.c.PatientController:
	
2026-05-26 14:07:18 [restartedMain] DEBUG o.s.w.s.m.WebSocketAnnotationMethodMessageHandler - 
	c.t.b.u.c.SpecialistController:
	
2026-05-26 14:07:18 [restartedMain] DEBUG o.s.w.s.m.WebSocketAnnotationMethodMessageHandler - 
	c.t.b.u.c.UserController:
	
2026-05-26 14:07:18 [restartedMain] DEBUG o.s.w.s.m.WebSocketAnnotationMethodMessageHandler - 
	c.t.b.u.c.UserProfileController:
	
2026-05-26 14:07:18 [restartedMain] DEBUG o.s.w.s.m.WebSocketAnnotationMethodMessageHandler - 
	o.s.b.a.w.s.e.BasicErrorController:
	
2026-05-26 14:07:18 [restartedMain] DEBUG o.s.w.s.m.WebSocketAnnotationMethodMessageHandler - 
	o.s.w.a.OpenApiWebMvcResource:
	
2026-05-26 14:07:18 [restartedMain] DEBUG o.s.w.s.m.WebSocketAnnotationMethodMessageHandler - 
	o.s.w.u.SwaggerWelcomeWebMvc:
	
2026-05-26 14:07:18 [restartedMain] DEBUG o.s.w.s.m.WebSocketAnnotationMethodMessageHandler - 
	o.s.w.u.SwaggerConfigResource:
	
2026-05-26 14:07:18 [restartedMain] DEBUG o.s.w.s.m.m.a.RequestMappingHandlerAdapter - ControllerAdvice beans: 0 @ModelAttribute, 0 @InitBinder, 1 RequestBodyAdvice, 1 ResponseBodyAdvice
2026-05-26 14:07:18 [restartedMain] DEBUG o.s.w.s.m.m.a.ExceptionHandlerExceptionResolver - ControllerAdvice beans: 1 @ExceptionHandler, 1 ResponseBodyAdvice
2026-05-26 14:07:18 [restartedMain] DEBUG org.springframework.web.SimpLogging - clientOutboundChannel added SubProtocolWebSocketHandler[StompSubProtocolHandler[v10.stomp, v11.stomp, v12.stomp]]
2026-05-26 14:07:18 [restartedMain] DEBUG org.springframework.web.SimpLogging - clientInboundChannel added WebSocketAnnotationMethodMessageHandler[prefixes=[/app/]]
2026-05-26 14:07:18 [restartedMain] INFO  org.springframework.web.SimpLogging - Starting...
2026-05-26 14:07:18 [restartedMain] DEBUG org.springframework.web.SimpLogging - clientInboundChannel added SimpleBrokerMessageHandler [org.springframework.messaging.simp.broker.DefaultSubscriptionRegistry@515372c]
2026-05-26 14:07:18 [restartedMain] DEBUG org.springframework.web.SimpLogging - brokerChannel added SimpleBrokerMessageHandler [org.springframework.messaging.simp.broker.DefaultSubscriptionRegistry@515372c]
2026-05-26 14:07:18 [restartedMain] INFO  org.springframework.web.SimpLogging - BrokerAvailabilityEvent[available=true, SimpleBrokerMessageHandler [org.springframework.messaging.simp.broker.DefaultSubscriptionRegistry@515372c]]
2026-05-26 14:07:18 [restartedMain] INFO  org.springframework.web.SimpLogging - Started.
2026-05-26 14:07:18 [restartedMain] DEBUG org.springframework.web.SimpLogging - clientInboundChannel added UserDestinationMessageHandler[DefaultUserDestinationResolver[prefix=/user/]]
2026-05-26 14:07:18 [restartedMain] DEBUG org.springframework.web.SimpLogging - brokerChannel added UserDestinationMessageHandler[DefaultUserDestinationResolver[prefix=/user/]]
2026-05-26 14:07:18 [restartedMain] INFO  c.t.backend.TakeCareApplication - Started TakeCareApplication in 29.792 seconds (process running for 30.126)
2026-05-26 14:07:18 [http-nio-8080-exec-1] INFO  o.s.web.servlet.DispatcherServlet - Initializing Servlet 'dispatcherServlet'
2026-05-26 14:07:18 [http-nio-8080-exec-1] DEBUG o.s.web.servlet.DispatcherServlet - Detected StandardServletMultipartResolver
2026-05-26 14:07:18 [http-nio-8080-exec-1] DEBUG o.s.web.servlet.DispatcherServlet - Detected AcceptHeaderLocaleResolver
2026-05-26 14:07:18 [http-nio-8080-exec-1] DEBUG o.s.web.servlet.DispatcherServlet - Detected FixedThemeResolver
2026-05-26 14:07:18 [http-nio-8080-exec-1] DEBUG o.s.web.servlet.DispatcherServlet - Detected org.springframework.web.servlet.view.DefaultRequestToViewNameTranslator@47e44ea0
2026-05-26 14:07:18 [http-nio-8080-exec-1] DEBUG o.s.web.servlet.DispatcherServlet - Detected org.springframework.web.servlet.support.SessionFlashMapManager@1670c333
2026-05-26 14:07:18 [http-nio-8080-exec-1] DEBUG o.s.web.servlet.DispatcherServlet - enableLoggingRequestDetails='false': request parameters and headers will be masked to prevent unsafe logging of potentially sensitive data
2026-05-26 14:07:18 [http-nio-8080-exec-1] INFO  o.s.web.servlet.DispatcherServlet - Completed initialization in 2 ms
2026-05-26 14:07:18 [http-nio-8080-exec-2] DEBUG o.s.web.servlet.DispatcherServlet - POST "/api/v1/auth/login", parameters={}
2026-05-26 14:07:18 [http-nio-8080-exec-2] DEBUG o.s.w.s.m.m.a.RequestMappingHandlerMapping - Mapped to com.takecare.backend.auth.controller.AuthController#login(LoginRequestDTO)
2026-05-26 14:07:18 [http-nio-8080-exec-2] DEBUG o.s.w.s.m.m.a.RequestResponseBodyMethodProcessor - Read "application/json;charset=UTF-8" to [com.takecare.backend.auth.DTO.LoginRequestDTO@594b2c6c]
2026-05-26 14:07:19 [http-nio-8080-exec-2] DEBUG o.s.w.s.m.m.a.HttpEntityMethodProcessor - Using 'application/json', given [application/json, text/plain, */*] and supported [application/json, application/*+json, application/yaml]
2026-05-26 14:07:19 [http-nio-8080-exec-2] DEBUG o.s.w.s.m.m.a.HttpEntityMethodProcessor - Writing [com.takecare.backend.auth.DTO.ApiResponseDTO@7ca81280]
2026-05-26 14:07:19 [http-nio-8080-exec-2] DEBUG o.s.web.servlet.DispatcherServlet - Completed 200 OK
2026-05-26 14:07:20 [http-nio-8080-exec-3] DEBUG o.s.web.servlet.DispatcherServlet - GET "/api/v1/notifications/specialist/17/unread-count", parameters={}
2026-05-26 14:07:20 [http-nio-8080-exec-3] DEBUG o.s.w.s.m.m.a.RequestMappingHandlerMapping - Mapped to com.takecare.backend.notification.controller.NotificationController#unreadCount(Integer)
2026-05-26 14:07:20 [http-nio-8080-exec-3] INFO  c.t.b.n.c.NotificationController - GET /api/v1/notifications/specialist/17/unread-count
2026-05-26 14:07:20 [http-nio-8080-exec-4] DEBUG o.s.web.servlet.DispatcherServlet - GET "/api/v1/sessions/specialist/17", parameters={}
2026-05-26 14:07:20 [http-nio-8080-exec-4] DEBUG o.s.w.s.m.m.a.RequestMappingHandlerMapping - Mapped to com.takecare.backend.session.controller.SessionController#listBySpecialist(Integer)
2026-05-26 14:07:20 [http-nio-8080-exec-4] INFO  c.t.b.s.controller.SessionController - GET sessions by specialistId=17
2026-05-26 14:07:22 [http-nio-8080-exec-5] DEBUG o.s.web.servlet.DispatcherServlet - GET "/api/v1/schedules/specialist/17/range?startDate=2026-05-26&endDate=2026-06-01", parameters={masked}
2026-05-26 14:07:22 [http-nio-8080-exec-5] DEBUG o.s.w.s.m.m.a.RequestMappingHandlerMapping - Mapped to com.takecare.backend.specialistschedule.controller.SpecialistScheduleController#getSchedulesByDateRange(Integer, LocalDate, LocalDate)
2026-05-26 14:07:22 [http-nio-8080-exec-5] DEBUG o.s.w.s.m.m.a.HttpEntityMethodProcessor - Using 'application/json', given [application/json, text/plain, */*] and supported [application/json, application/*+json, application/yaml]
2026-05-26 14:07:22 [http-nio-8080-exec-5] DEBUG o.s.w.s.m.m.a.HttpEntityMethodProcessor - Writing [[com.takecare.backend.specialistschedule.dto.SpecialistScheduleResponseDTO@4151975f, com.takecare.ba (truncated)...]
2026-05-26 14:07:22 [http-nio-8080-exec-5] DEBUG o.s.web.servlet.DispatcherServlet - Completed 200 OK
2026-05-26 14:07:22 [http-nio-8080-exec-3] DEBUG o.s.w.s.m.m.a.HttpEntityMethodProcessor - Using 'application/json', given [application/json, text/plain, */*] and supported [application/json, application/*+json, application/yaml]
2026-05-26 14:07:22 [http-nio-8080-exec-3] DEBUG o.s.w.s.m.m.a.HttpEntityMethodProcessor - Writing [com.takecare.backend.notification.dto.UnreadNotificationCountDto@66d23972]
2026-05-26 14:07:22 [http-nio-8080-exec-3] DEBUG o.s.web.servlet.DispatcherServlet - Completed 200 OK
2026-05-26 14:07:22 [http-nio-8080-exec-6] DEBUG o.s.web.servlet.DispatcherServlet - GET "/api/v1/notifications/specialist/17/unread-count", parameters={}
2026-05-26 14:07:22 [http-nio-8080-exec-6] DEBUG o.s.w.s.m.m.a.RequestMappingHandlerMapping - Mapped to com.takecare.backend.notification.controller.NotificationController#unreadCount(Integer)
2026-05-26 14:07:22 [http-nio-8080-exec-6] INFO  c.t.b.n.c.NotificationController - GET /api/v1/notifications/specialist/17/unread-count
2026-05-26 14:07:23 [http-nio-8080-exec-4] DEBUG o.s.w.s.m.m.a.HttpEntityMethodProcessor - Using 'application/json', given [application/json, text/plain, */*] and supported [application/json, application/*+json, application/yaml]
2026-05-26 14:07:23 [http-nio-8080-exec-4] DEBUG o.s.w.s.m.m.a.HttpEntityMethodProcessor - Writing [[com.takecare.backend.session.dto.SessionResponseDTO@6d3babc5, com.takecare.backend.session.dto.Sess (truncated)...]
2026-05-26 14:07:23 [http-nio-8080-exec-4] DEBUG o.s.web.servlet.DispatcherServlet - Completed 200 OK
2026-05-26 14:07:24 [http-nio-8080-exec-6] DEBUG o.s.w.s.m.m.a.HttpEntityMethodProcessor - Using 'application/json', given [application/json, text/plain, */*] and supported [application/json, application/*+json, application/yaml]
2026-05-26 14:07:24 [http-nio-8080-exec-6] DEBUG o.s.w.s.m.m.a.HttpEntityMethodProcessor - Writing [com.takecare.backend.notification.dto.UnreadNotificationCountDto@10b65b1c]
2026-05-26 14:07:24 [http-nio-8080-exec-6] DEBUG o.s.web.servlet.DispatcherServlet - Completed 200 OK
2026-05-26 14:07:37 [http-nio-8080-exec-8] DEBUG o.s.web.servlet.DispatcherServlet - DELETE "/api/v1/schedules/29", parameters={}
2026-05-26 14:07:37 [http-nio-8080-exec-8] DEBUG o.s.w.s.m.m.a.RequestMappingHandlerMapping - Mapped to com.takecare.backend.specialistschedule.controller.SpecialistScheduleController#deleteSchedule(Integer)
2026-05-26 14:07:39 [http-nio-8080-exec-8] WARN  o.h.e.jdbc.spi.SqlExceptionHelper - SQL Error: 1451, SQLState: 23000
2026-05-26 14:07:39 [http-nio-8080-exec-8] ERROR o.h.e.jdbc.spi.SqlExceptionHelper - Cannot delete or update a parent row: a foreign key constraint fails ("defaultdb"."sessions", CONSTRAINT "fk_sessions_specialist_schedule" FOREIGN KEY ("schedule_id") REFERENCES "specialist_schedule" ("id"))
2026-05-26 14:07:39 [http-nio-8080-exec-8] DEBUG o.s.web.servlet.DispatcherServlet - Failed to complete request: org.springframework.dao.DataIntegrityViolationException: could not execute statement [Cannot delete or update a parent row: a foreign key constraint fails ("defaultdb"."sessions", CONSTRAINT "fk_sessions_specialist_schedule" FOREIGN KEY ("schedule_id") REFERENCES "specialist_schedule" ("id"))] [delete from specialist_schedule where id=?]; SQL [delete from specialist_schedule where id=?]; constraint [null]
2026-05-26 14:07:39 [http-nio-8080-exec-8] ERROR o.a.c.c.C.[.[.[.[dispatcherServlet] - Servlet.service() for servlet [dispatcherServlet] in context with path [] threw exception [Request processing failed: org.springframework.dao.DataIntegrityViolationException: could not execute statement [Cannot delete or update a parent row: a foreign key constraint fails ("defaultdb"."sessions", CONSTRAINT "fk_sessions_specialist_schedule" FOREIGN KEY ("schedule_id") REFERENCES "specialist_schedule" ("id"))] [delete from specialist_schedule where id=?]; SQL [delete from specialist_schedule where id=?]; constraint [null]] with root cause
java.sql.SQLIntegrityConstraintViolationException: Cannot delete or update a parent row: a foreign key constraint fails ("defaultdb"."sessions", CONSTRAINT "fk_sessions_specialist_schedule" FOREIGN KEY ("schedule_id") REFERENCES "specialist_schedule" ("id"))
	at com.mysql.cj.jdbc.exceptions.SQLError.createSQLException(SQLError.java:109)
	at com.mysql.cj.jdbc.exceptions.SQLExceptionsMapping.translateException(SQLExceptionsMapping.java:114)
	at com.mysql.cj.jdbc.ClientPreparedStatement.executeInternal(ClientPreparedStatement.java:988)
	at com.mysql.cj.jdbc.ClientPreparedStatement.executeUpdateInternal(ClientPreparedStatement.java:1166)
	at com.mysql.cj.jdbc.ClientPreparedStatement.executeUpdateInternal(ClientPreparedStatement.java:1101)
	at com.mysql.cj.jdbc.ClientPreparedStatement.executeLargeUpdate(ClientPreparedStatement.java:1448)
	at com.mysql.cj.jdbc.ClientPreparedStatement.executeUpdate(ClientPreparedStatement.java:1084)
	at com.zaxxer.hikari.pool.ProxyPreparedStatement.executeUpdate(ProxyPreparedStatement.java:61)
	at com.zaxxer.hikari.pool.HikariProxyPreparedStatement.executeUpdate(HikariProxyPreparedStatement.java)
	at org.hibernate.engine.jdbc.internal.ResultSetReturnImpl.executeUpdate(ResultSetReturnImpl.java:194)
	at org.hibernate.engine.jdbc.mutation.internal.AbstractMutationExecutor.performNonBatchedMutation(AbstractMutationExecutor.java:134)
	at org.hibernate.engine.jdbc.mutation.internal.MutationExecutorSingleNonBatched.performNonBatchedOperations(MutationExecutorSingleNonBatched.java:55)
	at org.hibernate.engine.jdbc.mutation.internal.AbstractMutationExecutor.execute(AbstractMutationExecutor.java:55)
	at org.hibernate.persister.entity.mutation.AbstractDeleteCoordinator.doStaticDelete(AbstractDeleteCoordinator.java:280)
	at org.hibernate.persister.entity.mutation.AbstractDeleteCoordinator.delete(AbstractDeleteCoordinator.java:87)
	at org.hibernate.action.internal.EntityDeleteAction.execute(EntityDeleteAction.java:131)
	at org.hibernate.engine.spi.ActionQueue.executeActions(ActionQueue.java:644)
	at org.hibernate.engine.spi.ActionQueue.executeActions(ActionQueue.java:511)
	at org.hibernate.event.internal.AbstractFlushingEventListener.performExecutions(AbstractFlushingEventListener.java:414)
	at org.hibernate.event.internal.DefaultFlushEventListener.onFlush(DefaultFlushEventListener.java:41)
	at org.hibernate.event.service.internal.EventListenerGroupImpl.fireEventOnEachListener(EventListenerGroupImpl.java:127)
	at org.hibernate.internal.SessionImpl.doFlush(SessionImpl.java:1429)
	at org.hibernate.internal.SessionImpl.managedFlush(SessionImpl.java:491)
	at org.hibernate.internal.SessionImpl.flushBeforeTransactionCompletion(SessionImpl.java:2354)
	at org.hibernate.internal.SessionImpl.beforeTransactionCompletion(SessionImpl.java:1978)
	at org.hibernate.engine.jdbc.internal.JdbcCoordinatorImpl.beforeTransactionCompletion(JdbcCoordinatorImpl.java:439)
	at org.hibernate.resource.transaction.backend.jdbc.internal.JdbcResourceLocalTransactionCoordinatorImpl.beforeCompletionCallback(JdbcResourceLocalTransactionCoordinatorImpl.java:169)
	at org.hibernate.resource.transaction.backend.jdbc.internal.JdbcResourceLocalTransactionCoordinatorImpl$TransactionDriverControlImpl.commit(JdbcResourceLocalTransactionCoordinatorImpl.java:267)
	at org.hibernate.engine.transaction.internal.TransactionImpl.commit(TransactionImpl.java:101)
	at org.springframework.orm.jpa.JpaTransactionManager.doCommit(JpaTransactionManager.java:563)
	at org.springframework.transaction.support.AbstractPlatformTransactionManager.processCommit(AbstractPlatformTransactionManager.java:795)
	at org.springframework.transaction.support.AbstractPlatformTransactionManager.commit(AbstractPlatformTransactionManager.java:758)
	at org.springframework.transaction.interceptor.TransactionAspectSupport.commitTransactionAfterReturning(TransactionAspectSupport.java:698)
	at org.springframework.transaction.interceptor.TransactionAspectSupport.invokeWithinTransaction(TransactionAspectSupport.java:416)
	at org.springframework.transaction.interceptor.TransactionInterceptor.invoke(TransactionInterceptor.java:119)
	at org.springframework.aop.framework.ReflectiveMethodInvocation.proceed(ReflectiveMethodInvocation.java:184)
	at org.springframework.aop.framework.CglibAopProxy$DynamicAdvisedInterceptor.intercept(CglibAopProxy.java:728)
	at com.takecare.backend.specialistschedule.service.SpecialistScheduleService$$SpringCGLIB$$0.deleteSchedule(<generated>)
	at com.takecare.backend.specialistschedule.controller.SpecialistScheduleController.deleteSchedule(SpecialistScheduleController.java:69)
	at java.base/jdk.internal.reflect.NativeMethodAccessorImpl.invoke0(Native Method)
	at java.base/jdk.internal.reflect.NativeMethodAccessorImpl.invoke(NativeMethodAccessorImpl.java:77)
	at java.base/jdk.internal.reflect.DelegatingMethodAccessorImpl.invoke(DelegatingMethodAccessorImpl.java:43)
	at java.base/java.lang.reflect.Method.invoke(Method.java:569)
	at org.springframework.web.method.support.InvocableHandlerMethod.doInvoke(InvocableHandlerMethod.java:258)
	at org.springframework.web.method.support.InvocableHandlerMethod.invokeForRequest(InvocableHandlerMethod.java:191)
	at org.springframework.web.servlet.mvc.method.annotation.ServletInvocableHandlerMethod.invokeAndHandle(ServletInvocableHandlerMethod.java:118)
	at org.springframework.web.servlet.mvc.method.annotation.RequestMappingHandlerAdapter.invokeHandlerMethod(RequestMappingHandlerAdapter.java:991)
	at org.springframework.web.servlet.mvc.method.annotation.RequestMappingHandlerAdapter.handleInternal(RequestMappingHandlerAdapter.java:896)
	at org.springframework.web.servlet.mvc.method.AbstractHandlerMethodAdapter.handle(AbstractHandlerMethodAdapter.java:87)
	at org.springframework.web.servlet.DispatcherServlet.doDispatch(DispatcherServlet.java:1089)
	at org.springframework.web.servlet.DispatcherServlet.doService(DispatcherServlet.java:979)
	at org.springframework.web.servlet.FrameworkServlet.processRequest(FrameworkServlet.java:1014)
	at org.springframework.web.servlet.FrameworkServlet.doDelete(FrameworkServlet.java:936)
	at jakarta.servlet.http.HttpServlet.service(HttpServlet.java:596)
	at org.springframework.web.servlet.FrameworkServlet.service(FrameworkServlet.java:885)
	at jakarta.servlet.http.HttpServlet.service(HttpServlet.java:658)
	at org.apache.catalina.core.ApplicationFilterChain.internalDoFilter(ApplicationFilterChain.java:193)
	at org.apache.catalina.core.ApplicationFilterChain.doFilter(ApplicationFilterChain.java:138)
	at org.apache.tomcat.websocket.server.WsFilter.doFilter(WsFilter.java:51)
	at org.apache.catalina.core.ApplicationFilterChain.internalDoFilter(ApplicationFilterChain.java:162)
	at org.apache.catalina.core.ApplicationFilterChain.doFilter(ApplicationFilterChain.java:138)
	at org.springframework.web.filter.CompositeFilter$VirtualFilterChain.doFilter(CompositeFilter.java:108)
	at org.springframework.web.filter.CompositeFilter$VirtualFilterChain.doFilter(CompositeFilter.java:108)
	at org.springframework.security.web.FilterChainProxy.lambda$doFilterInternal$3(FilterChainProxy.java:231)
	at org.springframework.security.web.FilterChainProxy$VirtualFilterChain.doFilter(FilterChainProxy.java:365)
	at org.springframework.security.web.access.intercept.AuthorizationFilter.doFilter(AuthorizationFilter.java:101)
	at org.springframework.security.web.FilterChainProxy$VirtualFilterChain.doFilter(FilterChainProxy.java:374)
	at org.springframework.security.web.access.ExceptionTranslationFilter.doFilter(ExceptionTranslationFilter.java:125)
	at org.springframework.security.web.access.ExceptionTranslationFilter.doFilter(ExceptionTranslationFilter.java:119)
	at org.springframework.security.web.FilterChainProxy$VirtualFilterChain.doFilter(FilterChainProxy.java:374)
	at org.springframework.security.web.authentication.AnonymousAuthenticationFilter.doFilter(AnonymousAuthenticationFilter.java:100)
	at org.springframework.security.web.FilterChainProxy$VirtualFilterChain.doFilter(FilterChainProxy.java:374)
	at org.springframework.security.web.servletapi.SecurityContextHolderAwareRequestFilter.doFilter(SecurityContextHolderAwareRequestFilter.java:179)
	at org.springframework.security.web.FilterChainProxy$VirtualFilterChain.doFilter(FilterChainProxy.java:374)
	at org.springframework.security.web.savedrequest.RequestCacheAwareFilter.doFilter(RequestCacheAwareFilter.java:63)
	at org.springframework.security.web.FilterChainProxy$VirtualFilterChain.doFilter(FilterChainProxy.java:374)
	at org.springframework.security.web.authentication.logout.LogoutFilter.doFilter(LogoutFilter.java:107)
	at org.springframework.security.web.authentication.logout.LogoutFilter.doFilter(LogoutFilter.java:93)
	at org.springframework.security.web.FilterChainProxy$VirtualFilterChain.doFilter(FilterChainProxy.java:374)
	at org.springframework.web.filter.CorsFilter.doFilterInternal(CorsFilter.java:91)
	at org.springframework.web.filter.OncePerRequestFilter.doFilter(OncePerRequestFilter.java:116)
	at org.springframework.security.web.FilterChainProxy$VirtualFilterChain.doFilter(FilterChainProxy.java:374)
	at org.springframework.security.web.header.HeaderWriterFilter.doHeadersAfter(HeaderWriterFilter.java:90)
	at org.springframework.security.web.header.HeaderWriterFilter.doFilterInternal(HeaderWriterFilter.java:75)
	at org.springframework.web.filter.OncePerRequestFilter.doFilter(OncePerRequestFilter.java:116)
	at org.springframework.security.web.FilterChainProxy$VirtualFilterChain.doFilter(FilterChainProxy.java:374)
	at org.springframework.security.web.context.SecurityContextHolderFilter.doFilter(SecurityContextHolderFilter.java:82)
	at org.springframework.security.web.context.SecurityContextHolderFilter.doFilter(SecurityContextHolderFilter.java:69)
	at org.springframework.security.web.FilterChainProxy$VirtualFilterChain.doFilter(FilterChainProxy.java:374)
	at org.springframework.security.web.context.request.async.WebAsyncManagerIntegrationFilter.doFilterInternal(WebAsyncManagerIntegrationFilter.java:62)
	at org.springframework.web.filter.OncePerRequestFilter.doFilter(OncePerRequestFilter.java:116)
	at org.springframework.security.web.FilterChainProxy$VirtualFilterChain.doFilter(FilterChainProxy.java:374)
	at org.springframework.security.web.session.DisableEncodeUrlFilter.doFilterInternal(DisableEncodeUrlFilter.java:42)
	at org.springframework.web.filter.OncePerRequestFilter.doFilter(OncePerRequestFilter.java:116)
	at org.springframework.security.web.FilterChainProxy$VirtualFilterChain.doFilter(FilterChainProxy.java:374)
	at org.springframework.security.web.FilterChainProxy.doFilterInternal(FilterChainProxy.java:233)
	at org.springframework.security.web.FilterChainProxy.doFilter(FilterChainProxy.java:191)
	at org.springframework.web.filter.CompositeFilter$VirtualFilterChain.doFilter(CompositeFilter.java:113)
	at org.springframework.web.filter.ServletRequestPathFilter.doFilter(ServletRequestPathFilter.java:52)
	at org.springframework.web.filter.CompositeFilter$VirtualFilterChain.doFilter(CompositeFilter.java:113)
	at org.springframework.web.filter.CompositeFilter.doFilter(CompositeFilter.java:74)
	at org.springframework.security.config.annotation.web.configuration.WebSecurityConfiguration$CompositeFilterChainProxy.doFilter(WebSecurityConfiguration.java:319)
	at org.springframework.web.filter.CompositeFilter$VirtualFilterChain.doFilter(CompositeFilter.java:113)
	at org.springframework.web.servlet.handler.HandlerMappingIntrospector.lambda$createCacheFilter$4(HandlerMappingIntrospector.java:267)
	at org.springframework.web.filter.CompositeFilter$VirtualFilterChain.doFilter(CompositeFilter.java:113)
	at org.springframework.web.filter.CompositeFilter.doFilter(CompositeFilter.java:74)
	at org.springframework.security.config.annotation.web.configuration.WebMvcSecurityConfiguration$CompositeFilterChainProxy.doFilter(WebMvcSecurityConfiguration.java:240)
	at org.springframework.web.filter.DelegatingFilterProxy.invokeDelegate(DelegatingFilterProxy.java:362)
	at org.springframework.web.filter.DelegatingFilterProxy.doFilter(DelegatingFilterProxy.java:278)
	at org.apache.catalina.core.ApplicationFilterChain.internalDoFilter(ApplicationFilterChain.java:162)
	at org.apache.catalina.core.ApplicationFilterChain.doFilter(ApplicationFilterChain.java:138)
	at org.springframework.web.filter.RequestContextFilter.doFilterInternal(RequestContextFilter.java:100)
	at org.springframework.web.filter.OncePerRequestFilter.doFilter(OncePerRequestFilter.java:116)
	at org.apache.catalina.core.ApplicationFilterChain.internalDoFilter(ApplicationFilterChain.java:162)
	at org.apache.catalina.core.ApplicationFilterChain.doFilter(ApplicationFilterChain.java:138)
	at org.springframework.web.filter.FormContentFilter.doFilterInternal(FormContentFilter.java:93)
	at org.springframework.web.filter.OncePerRequestFilter.doFilter(OncePerRequestFilter.java:116)
	at org.apache.catalina.core.ApplicationFilterChain.internalDoFilter(ApplicationFilterChain.java:162)
	at org.apache.catalina.core.ApplicationFilterChain.doFilter(ApplicationFilterChain.java:138)
	at org.springframework.web.filter.CharacterEncodingFilter.doFilterInternal(CharacterEncodingFilter.java:201)
	at org.springframework.web.filter.OncePerRequestFilter.doFilter(OncePerRequestFilter.java:116)
	at org.apache.catalina.core.ApplicationFilterChain.internalDoFilter(ApplicationFilterChain.java:162)
	at org.apache.catalina.core.ApplicationFilterChain.doFilter(ApplicationFilterChain.java:138)
	at org.apache.catalina.core.StandardWrapperValve.invoke(StandardWrapperValve.java:165)
	at org.apache.catalina.core.StandardContextValve.invoke(StandardContextValve.java:88)
	at org.apache.catalina.authenticator.AuthenticatorBase.invoke(AuthenticatorBase.java:492)
	at org.apache.catalina.core.StandardHostValve.invoke(StandardHostValve.java:113)
	at org.apache.catalina.valves.ErrorReportValve.invoke(ErrorReportValve.java:83)
	at org.apache.catalina.core.StandardEngineValve.invoke(StandardEngineValve.java:72)
	at org.apache.catalina.connector.CoyoteAdapter.service(CoyoteAdapter.java:342)
	at org.apache.coyote.http11.Http11Processor.service(Http11Processor.java:399)
	at org.apache.coyote.AbstractProcessorLight.process(AbstractProcessorLight.java:63)
	at org.apache.coyote.AbstractProtocol$ConnectionHandler.process(AbstractProtocol.java:903)
	at org.apache.tomcat.util.net.NioEndpoint$SocketProcessor.doRun(NioEndpoint.java:1775)
	at org.apache.tomcat.util.net.SocketProcessorBase.run(SocketProcessorBase.java:52)
	at org.apache.tomcat.util.threads.ThreadPoolExecutor.runWorker(ThreadPoolExecutor.java:973)
	at org.apache.tomcat.util.threads.ThreadPoolExecutor$Worker.run(ThreadPoolExecutor.java:491)
	at org.apache.tomcat.util.threads.TaskThread$WrappingRunnable.run(TaskThread.java:63)
	at java.base/java.lang.Thread.run(Thread.java:840)
2026-05-26 14:07:39 [http-nio-8080-exec-8] DEBUG o.s.web.servlet.DispatcherServlet - "ERROR" dispatch for DELETE "/error", parameters={}
2026-05-26 14:07:39 [http-nio-8080-exec-8] DEBUG o.s.w.s.m.m.a.RequestMappingHandlerMapping - Mapped to org.springframework.boot.autoconfigure.web.servlet.error.BasicErrorController#error(HttpServletRequest)
2026-05-26 14:07:39 [http-nio-8080-exec-8] DEBUG o.s.w.s.m.m.a.HttpEntityMethodProcessor - Using 'application/json', given [application/json, text/plain, */*] and supported [application/json, application/*+json, application/yaml]
2026-05-26 14:07:39 [http-nio-8080-exec-8] DEBUG o.s.w.s.m.m.a.HttpEntityMethodProcessor - Writing [{timestamp=Tue May 26 14:07:39 BOT 2026, status=500, error=Internal Server Error, trace=org.springfr (truncated)...]
2026-05-26 14:07:39 [http-nio-8080-exec-8] DEBUG o.s.web.servlet.DispatcherServlet - Exiting from "ERROR" dispatch, status 500
2026-05-26 14:08:18 [MessageBroker-2] INFO  o.s.w.s.c.WebSocketMessageBrokerStats - WebSocketSession[0 current WS(0)-HttpStream(0)-HttpPoll(0), 0 total, 0 closed abnormally (0 connect failure, 0 send limit, 0 transport error)], stompSubProtocol[processed CONNECT(0)-CONNECTED(0)-DISCONNECT(0)], stompBrokerRelay[null], inboundChannel[pool size = 0, active threads = 0, queued tasks = 0, completed tasks = 0], outboundChannel[pool size = 0, active threads = 0, queued tasks = 0, completed tasks = 0], sockJsScheduler[pool size = 3, active threads = 1, queued tasks = 1, completed tasks = 1]
2026-05-26 14:38:18 [MessageBroker-6] INFO  o.s.w.s.c.WebSocketMessageBrokerStats - WebSocketSession[0 current WS(0)-HttpStream(0)-HttpPoll(0), 0 total, 0 closed abnormally (0 connect failure, 0 send limit, 0 transport error)], stompSubProtocol[processed CONNECT(0)-CONNECTED(0)-DISCONNECT(0)], stompBrokerRelay[null], inboundChannel[pool size = 0, active threads = 0, queued tasks = 0, completed tasks = 0], outboundChannel[pool size = 0, active threads = 0, queued tasks = 0, completed tasks = 0], sockJsScheduler[pool size = 10, active threads = 1, queued tasks = 1, completed tasks = 8]
2026-05-26 15:08:18 [MessageBroker-7] INFO  o.s.w.s.c.WebSocketMessageBrokerStats - WebSocketSession[0 current WS(0)-HttpStream(0)-HttpPoll(0), 0 total, 0 closed abnormally (0 connect failure, 0 send limit, 0 transport error)], stompSubProtocol[processed CONNECT(0)-CONNECTED(0)-DISCONNECT(0)], stompBrokerRelay[null], inboundChannel[pool size = 0, active threads = 0, queued tasks = 0, completed tasks = 0], outboundChannel[pool size = 0, active threads = 0, queued tasks = 0, completed tasks = 0], sockJsScheduler[pool size = 16, active threads = 1, queued tasks = 1, completed tasks = 15]
2026-05-26 15:38:18 [MessageBroker-14] INFO  o.s.w.s.c.WebSocketMessageBrokerStats - WebSocketSession[0 current WS(0)-HttpStream(0)-HttpPoll(0), 0 total, 0 closed abnormally (0 connect failure, 0 send limit, 0 transport error)], stompSubProtocol[processed CONNECT(0)-CONNECTED(0)-DISCONNECT(0)], stompBrokerRelay[null], inboundChannel[pool size = 0, active threads = 0, queued tasks = 0, completed tasks = 0], outboundChannel[pool size = 0, active threads = 0, queued tasks = 0, completed tasks = 0], sockJsScheduler[pool size = 16, active threads = 1, queued tasks = 1, completed tasks = 22]
